InvoiceNo,StockCode,Description,Quantity,InvoiceDate,UnitPrice,CustomerID,Country,price_total
537780,91017,PRODUTO TESTE,45,2011-01-13,17.7,10017,United Kingdom,796.5
536304,76668,PRODUTO TESTE,35,2011-09-21,5.59,10154,United Kingdom,195.65
541645,28625,PRODUTO TESTE,17,2011-03-20,15.45,10130,United Kingdom,262.65
542953,99339,PRODUTO TESTE,3,2011-07-26,24.93,10086,United Kingdom,74.78999999999999
544554,13687,PRODUTO TESTE,8,2011-03-15,8.99,10171,United Kingdom,71.92
540476,12310,PRODUTO TESTE,17,2011-06-21,15.98,10017,United Kingdom,271.66
543462,32042,PRODUTO TESTE,43,2011-01-14,47.7,10139,United Kingdom,2051.1
542446,81456,PRODUTO TESTE,1,2011-09-14,21.88,10040,United Kingdom,21.88
538494,63796,PRODUTO TESTE,26,2011-04-21,22.36,10018,United Kingdom,581.36
543606,56134,PRODUTO TESTE,14,2011-05-20,8.08,10105,United Kingdom,113.12
541390,53168,PRODUTO TESTE,29,2011-05-14,40.83,10147,United Kingdom,1184.07
544463,67379,PRODUTO TESTE,33,2011-05-25,39.42,10152,United Kingdom,1300.8600000000001
541930,15739,PRODUTO TESTE,47,2011-03-24,22.06,10143,United Kingdom,1036.82
544433,62775,PRODUTO TESTE,22,2011-12-24,44.74,10157,United Kingdom,984.2800000000001
536505,29874,PRODUTO TESTE,12,2011-04-13,19.32,10102,United Kingdom,231.84
540791,80918,PRODUTO TESTE,41,2011-03-08,43.28,10025,United Kingdom,1774.48
543025,27586,PRODUTO TESTE,8,2011-07-20,2.06,10167,United Kingdom,16.48
541780,16381,PRODUTO TESTE,32,2011-04-27,17.69,10090,United Kingdom,566.08
543924,49125,PRODUTO TESTE,46,2011-06-15,42.83,10100,France,1970.1799999999998
542143,56669,PRODUTO TESTE,45,2011-01-29,37.94,10036,Germany,1707.3
539777,87403,PRODUTO TESTE,6,2011-07-05,33.66,10185,United Kingdom,201.95999999999998
543849,72985,PRODUTO TESTE,21,2011-01-08,40.87,10156,United Kingdom,858.27
537075,42648,PRODUTO TESTE,9,2011-01-17,35.52,10128,United Kingdom,319.68
538287,75394,PRODUTO TESTE,2,2011-02-03,13.08,10080,United Kingdom,26.16
536870,55340,PRODUTO TESTE,33,2011-03-01,23.58,10164,United Kingdom,778.14
542318,30138,PRODUTO TESTE,21,2011-05-08,33.2,10109,United Kingdom,697.2
538094,11942,PRODUTO TESTE,23,2011-12-08,29.6,10088,United Kingdom,680.8000000000001
538854,10359,PRODUTO TESTE,21,2011-11-27,44.31,10090,United Kingdom,930.51
543529,30175,PRODUTO TESTE,36,2011-02-07,23.96,10045,Germany,862.5600000000001
539241,83716,PRODUTO TESTE,48,2011-12-28,9.31,10018,United Kingdom,446.88
537312,51728,PRODUTO TESTE,23,2011-08-20,11.12,10110,United Kingdom,255.76
536188,50657,PRODUTO TESTE,3,2011-07-22,42.38,10177,United Kingdom,127.14000000000001
538040,45906,PRODUTO TESTE,13,2011-10-17,0.93,10012,United Kingdom,12.09
544232,33037,PRODUTO TESTE,22,2011-06-26,43.52,10171,Germany,957.44
544953,11148,PRODUTO TESTE,7,2011-07-13,19.89,10055,Germany,139.23000000000002
537936,65068,PRODUTO TESTE,6,2011-09-22,40.11,10126,United Kingdom,240.66
539163,94321,PRODUTO TESTE,48,2011-09-07,20.68,10033,United Kingdom,992.64
537468,89224,PRODUTO TESTE,17,2011-03-04,41.21,10151,United Kingdom,700.57
539585,43237,PRODUTO TESTE,43,2011-12-09,5.46,10140,United Kingdom,234.78
541069,86928,PRODUTO TESTE,25,2011-04-14,25.82,10070,United Kingdom,645.5
543273,31386,PRODUTO TESTE,22,2011-10-27,29.33,10013,United Kingdom,645.26
539312,31709,PRODUTO TESTE,46,2011-04-24,44.6,10194,Eire,2051.6
542943,40913,PRODUTO TESTE,33,2011-01-24,5.13,10089,United Kingdom,169.29
541635,11587,PRODUTO TESTE,8,2011-12-30,17.26,10178,United Kingdom,138.08
538626,33904,PRODUTO TESTE,10,2011-08-03,33.14,10135,United Kingdom,331.4
544209,86901,PRODUTO TESTE,31,2011-03-20,49.01,10155,Eire,1519.31
537358,39620,PRODUTO TESTE,3,2011-02-17,42.4,10038,United Kingdom,127.19999999999999
544220,41239,PRODUTO TESTE,34,2011-12-04,28.43,10093,United Kingdom,966.62
536445,20706,PRODUTO TESTE,19,2011-03-06,43.0,10099,United Kingdom,817.0
544526,99344,PRODUTO TESTE,35,2011-11-02,40.21,10109,United Kingdom,1407.3500000000001
543461,72369,PRODUTO TESTE,31,2011-11-17,41.02,10030,United Kingdom,1271.6200000000001
538294,70978,PRODUTO TESTE,34,2011-03-18,44.04,10148,United Kingdom,1497.36
541681,35209,PRODUTO TESTE,3,2011-08-26,6.13,10136,United Kingdom,18.39
540844,87035,PRODUTO TESTE,43,2011-07-15,14.99,10184,United Kingdom,644.57
541581,25906,PRODUTO TESTE,4,2011-07-30,48.82,10148,United Kingdom,195.28
541547,97180,PRODUTO TESTE,26,2011-04-24,27.47,10073,United Kingdom,714.22
541752,55304,PRODUTO TESTE,25,2011-10-02,9.23,10193,United Kingdom,230.75
540626,39772,PRODUTO TESTE,7,2011-11-18,25.4,10082,France,177.79999999999998
542214,77536,PRODUTO TESTE,15,2011-09-22,32.47,10065,United Kingdom,487.04999999999995
536148,34263,PRODUTO TESTE,20,2011-02-10,40.7,10074,United Kingdom,814.0
536317,71525,PRODUTO TESTE,32,2011-08-28,2.94,10015,United Kingdom,94.08
544622,74982,PRODUTO TESTE,11,2011-12-31,22.95,10093,United Kingdom,252.45
544183,64293,PRODUTO TESTE,24,2011-07-15,1.52,10159,United Kingdom,36.480000000000004
541270,51577,PRODUTO TESTE,47,2011-12-10,44.46,10037,United Kingdom,2089.62
537571,39591,PRODUTO TESTE,7,2011-05-08,9.11,10092,United Kingdom,63.769999999999996
543033,46339,PRODUTO TESTE,10,2011-11-24,31.43,10025,United Kingdom,314.3
537289,88692,PRODUTO TESTE,1,2011-12-09,28.75,10137,Eire,28.75
539395,42356,PRODUTO TESTE,24,2011-08-16,31.46,10095,United Kingdom,755.04
538968,97046,PRODUTO TESTE,6,2011-09-15,28.39,10066,United Kingdom,170.34
536111,23102,PRODUTO TESTE,41,2011-07-10,35.92,10045,United Kingdom,1472.72
543263,24644,PRODUTO TESTE,11,2011-04-26,31.49,10112,United Kingdom,346.39
540587,39936,PRODUTO TESTE,31,2011-07-15,4.97,10133,United Kingdom,154.07
538846,10267,PRODUTO TESTE,5,2011-12-18,18.66,10188,United Kingdom,93.3
540564,89131,PRODUTO TESTE,12,2011-01-06,27.56,10087,United Kingdom,330.71999999999997
536000,40635,PRODUTO TESTE,4,2011-03-16,16.6,10032,United Kingdom,66.4
539932,19194,PRODUTO TESTE,25,2011-07-02,38.14,10166,United Kingdom,953.5
543473,99435,PRODUTO TESTE,22,2011-05-12,7.76,10019,United Kingdom,170.72
538248,19674,PRODUTO TESTE,25,2011-08-29,38.58,10062,United Kingdom,964.5
537240,81359,PRODUTO TESTE,13,2011-02-08,9.58,10153,France,124.54
540747,42582,PRODUTO TESTE,18,2011-05-02,26.64,10166,United Kingdom,479.52
543985,85259,PRODUTO TESTE,17,2011-09-10,16.37,10087,United Kingdom,278.29
539377,64566,PRODUTO TESTE,36,2011-06-22,32.05,10160,United Kingdom,1153.8
536419,75855,PRODUTO TESTE,19,2011-09-18,11.03,10168,United Kingdom,209.57
544729,85404,PRODUTO TESTE,41,2011-08-21,39.87,10077,United Kingdom,1634.6699999999998
539998,90581,PRODUTO TESTE,6,2011-04-30,28.89,10179,Eire,173.34
537556,22922,PRODUTO TESTE,5,2011-06-06,47.89,10057,United Kingdom,239.45
541540,75143,PRODUTO TESTE,17,2011-12-19,35.73,10047,United Kingdom,607.41
544440,94952,PRODUTO TESTE,31,2011-01-13,41.54,10127,United Kingdom,1287.74
538645,66553,PRODUTO TESTE,16,2011-09-15,11.37,10027,Germany,181.92
540951,27338,PRODUTO TESTE,15,2011-06-29,31.82,10166,United Kingdom,477.3
540889,36346,PRODUTO TESTE,24,2011-01-01,19.82,10039,United Kingdom,475.68
540493,68004,PRODUTO TESTE,15,2011-01-09,1.71,10001,United Kingdom,25.65
536981,30633,PRODUTO TESTE,48,2011-04-27,21.67,10159,United Kingdom,1040.16
541793,83851,PRODUTO TESTE,29,2011-09-09,32.76,10157,United Kingdom,950.04
542824,74647,PRODUTO TESTE,26,2011-10-24,23.3,10156,United Kingdom,605.8000000000001
544550,16918,PRODUTO TESTE,22,2011-05-31,12.28,10132,United Kingdom,270.15999999999997
538932,35494,PRODUTO TESTE,20,2011-10-23,23.49,10094,United Kingdom,469.79999999999995
538566,86003,PRODUTO TESTE,46,2011-11-03,42.56,10141,United Kingdom,1957.7600000000002
540939,41574,PRODUTO TESTE,46,2011-06-13,10.74,10055,United Kingdom,494.04
542234,13382,PRODUTO TESTE,17,2011-03-05,18.68,10156,United Kingdom,317.56
544932,64349,PRODUTO TESTE,45,2011-08-29,49.52,10111,United Kingdom,2228.4
538144,60078,PRODUTO TESTE,12,2011-11-23,2.18,10101,United Kingdom,26.160000000000004
538361,97804,PRODUTO TESTE,11,2011-05-22,26.75,10113,France,294.25
538298,20270,PRODUTO TESTE,33,2011-10-05,3.74,10007,United Kingdom,123.42
540173,70070,PRODUTO TESTE,28,2011-09-26,46.23,10027,United Kingdom,1294.4399999999998
543856,68475,PRODUTO TESTE,20,2011-06-22,22.36,10049,United Kingdom,447.2
536278,98581,PRODUTO TESTE,9,2011-12-21,21.21,10022,United Kingdom,190.89000000000001
543342,56902,PRODUTO TESTE,22,2011-10-18,14.01,10087,United Kingdom,308.21999999999997
541559,83978,PRODUTO TESTE,9,2011-11-19,28.66,10133,United Kingdom,257.94
541536,23086,PRODUTO TESTE,22,2011-02-04,7.68,10130,United Kingdom,168.95999999999998
542104,13992,PRODUTO TESTE,13,2011-06-26,40.05,10094,United Kingdom,520.65
537038,74482,PRODUTO TESTE,43,2011-12-14,24.81,10171,United Kingdom,1066.83
542720,10342,PRODUTO TESTE,36,2011-10-24,28.54,10113,United Kingdom,1027.44
538233,88734,PRODUTO TESTE,4,2011-06-15,42.12,10015,United Kingdom,168.48
540649,11871,PRODUTO TESTE,46,2011-01-26,9.66,10152,United Kingdom,444.36
542091,71966,PRODUTO TESTE,31,2011-04-14,9.17,10114,France,284.27
541435,50671,PRODUTO TESTE,14,2011-07-28,21.33,10126,Eire,298.62
538908,68090,PRODUTO TESTE,24,2011-08-23,39.41,10113,United Kingdom,945.8399999999999
539564,66103,PRODUTO TESTE,5,2011-12-04,3.4,10110,United Kingdom,17.0
536371,53331,PRODUTO TESTE,18,2011-05-25,25.29,10111,United Kingdom,455.21999999999997
542534,55302,PRODUTO TESTE,38,2011-04-10,28.31,10158,Germany,1075.78
536899,70941,PRODUTO TESTE,14,2011-12-17,28.44,10060,United Kingdom,398.16
540127,73923,PRODUTO TESTE,16,2011-03-02,3.28,10120,United Kingdom,52.48
541894,50463,PRODUTO TESTE,49,2011-03-22,12.86,10006,United Kingdom,630.14
536723,41724,PRODUTO TESTE,49,2011-04-19,37.89,10069,United Kingdom,1856.6100000000001
544959,13830,PRODUTO TESTE,20,2011-02-08,20.91,10087,United Kingdom,418.2
536142,30354,PRODUTO TESTE,32,2011-07-11,47.27,10042,United Kingdom,1512.64
541927,49077,PRODUTO TESTE,34,2011-07-23,2.79,10055,United Kingdom,94.86
541018,99335,PRODUTO TESTE,45,2011-11-28,22.76,10081,France,1024.2
541762,80632,PRODUTO TESTE,47,2011-06-08,18.38,10198,United Kingdom,863.8599999999999
542759,41127,PRODUTO TESTE,29,2011-04-24,5.77,10170,United Kingdom,167.32999999999998
543440,39228,PRODUTO TESTE,8,2011-10-20,48.09,10046,United Kingdom,384.72
539331,66355,PRODUTO TESTE,34,2011-07-12,15.92,10164,Germany,541.28
540906,23751,PRODUTO TESTE,28,2011-03-03,47.36,10011,United Kingdom,1326.08
537426,95736,PRODUTO TESTE,18,2011-09-09,2.24,10171,United Kingdom,40.32000000000001
541579,98841,PRODUTO TESTE,17,2011-09-30,49.05,10056,United Kingdom,833.8499999999999
538354,36869,PRODUTO TESTE,34,2011-04-02,41.88,10183,United Kingdom,1423.92
542270,30741,PRODUTO TESTE,18,2011-07-23,11.11,10058,United Kingdom,199.98
543209,58531,PRODUTO TESTE,3,2011-07-25,30.18,10086,United Kingdom,90.53999999999999
543730,68213,PRODUTO TESTE,48,2011-03-05,40.02,10132,United Kingdom,1920.96
544361,67924,PRODUTO TESTE,14,2011-01-04,16.31,10025,United Kingdom,228.33999999999997
537100,13784,PRODUTO TESTE,10,2011-09-20,18.01,10111,United Kingdom,180.10000000000002
544335,15982,PRODUTO TESTE,20,2011-09-18,7.78,10156,United Kingdom,155.6
539427,40777,PRODUTO TESTE,49,2011-05-18,6.35,10199,Eire,311.15
536234,74506,PRODUTO TESTE,3,2011-07-08,12.87,10132,France,38.61
538582,89836,PRODUTO TESTE,8,2011-12-25,37.19,10081,United Kingdom,297.52
543525,67164,PRODUTO TESTE,4,2011-03-24,18.65,10081,United Kingdom,74.6
536690,71213,PRODUTO TESTE,28,2011-02-18,10.17,10162,United Kingdom,284.76
542498,13333,PRODUTO TESTE,11,2011-01-24,10.11,10064,United Kingdom,111.21
537751,30787,PRODUTO TESTE,36,2011-12-16,32.7,10033,United Kingdom,1177.2
539175,21136,PRODUTO TESTE,17,2011-02-17,5.86,10066,United Kingdom,99.62
536035,98639,PRODUTO TESTE,30,2011-08-28,33.56,10004,United Kingdom,1006.8000000000001
540007,60253,PRODUTO TESTE,13,2011-10-23,33.73,10018,United Kingdom,438.48999999999995
543803,81152,PRODUTO TESTE,17,2011-07-19,19.4,10154,United Kingdom,329.79999999999995
537841,99593,PRODUTO TESTE,18,2011-11-23,3.25,10139,United Kingdom,58.5
537493,24775,PRODUTO TESTE,20,2011-10-30,44.72,10092,United Kingdom,894.4
537801,45453,PRODUTO TESTE,17,2011-09-21,13.8,10143,United Kingdom,234.60000000000002
540059,46458,PRODUTO TESTE,22,2011-03-01,2.61,10032,United Kingdom,57.419999999999995
536784,81659,PRODUTO TESTE,38,2011-03-03,28.34,10180,United Kingdom,1076.92
539621,40211,PRODUTO TESTE,37,2011-07-01,11.61,10100,United Kingdom,429.57
542908,77955,PRODUTO TESTE,30,2011-09-01,40.21,10030,United Kingdom,1206.3
541735,54560,PRODUTO TESTE,44,2011-10-15,39.68,10099,United Kingdom,1745.92
544038,77280,PRODUTO TESTE,42,2011-02-07,30.22,10139,United Kingdom,1269.24
543021,44191,PRODUTO TESTE,12,2011-03-05,48.9,10099,United Kingdom,586.8
541873,53788,PRODUTO TESTE,38,2011-02-24,23.46,10089,Germany,891.48
543767,10821,PRODUTO TESTE,39,2011-07-17,2.45,10033,United Kingdom,95.55000000000001
537119,11453,PRODUTO TESTE,15,2011-08-20,41.06,10076,United Kingdom,615.9000000000001
543364,10031,PRODUTO TESTE,42,2011-02-12,11.45,10047,Germany,480.9
538658,25768,PRODUTO TESTE,29,2011-11-14,9.22,10060,United Kingdom,267.38
542597,41286,PRODUTO TESTE,36,2011-04-21,3.97,10136,United Kingdom,142.92000000000002
544219,14523,PRODUTO TESTE,36,2011-08-30,16.73,10126,United Kingdom,602.28
540464,24467,PRODUTO TESTE,37,2011-10-02,16.64,10121,United Kingdom,615.6800000000001
536798,86230,PRODUTO TESTE,47,2011-01-14,15.49,10072,United Kingdom,728.03
539332,86910,PRODUTO TESTE,42,2011-11-12,29.86,10191,Germany,1254.12
539661,36079,PRODUTO TESTE,18,2011-12-21,37.7,10017,Eire,678.6
544430,95181,PRODUTO TESTE,25,2011-12-16,46.92,10068,United Kingdom,1173.0
544482,20612,PRODUTO TESTE,30,2011-02-20,5.16,10023,United Kingdom,154.8
541116,12825,PRODUTO TESTE,42,2011-05-24,7.94,10067,United Kingdom,333.48
544555,41875,PRODUTO TESTE,16,2011-03-26,29.7,10192,United Kingdom,475.2
539926,33825,PRODUTO TESTE,12,2011-06-14,5.36,10073,United Kingdom,64.32000000000001
539700,16955,PRODUTO TESTE,35,2011-12-22,18.85,10181,United Kingdom,659.75
543528,86269,PRODUTO TESTE,47,2011-10-06,31.42,10099,United Kingdom,1476.74
542006,98096,PRODUTO TESTE,45,2011-10-09,39.14,10139,United Kingdom,1761.3
540701,34334,PRODUTO TESTE,3,2011-06-04,11.27,10091,United Kingdom,33.81
540110,38350,PRODUTO TESTE,45,2011-12-08,33.57,10053,United Kingdom,1510.65
542350,74653,PRODUTO TESTE,38,2011-12-02,32.47,10152,United Kingdom,1233.86
542781,93975,PRODUTO TESTE,3,2011-10-22,43.05,10193,France,129.14999999999998
536284,71444,PRODUTO TESTE,6,2011-08-26,37.63,10155,United Kingdom,225.78000000000003
536916,12082,PRODUTO TESTE,46,2011-02-04,37.72,10052,United Kingdom,1735.12
537297,60949,PRODUTO TESTE,36,2011-04-14,12.34,10143,United Kingdom,444.24
540158,98843,PRODUTO TESTE,26,2011-10-08,31.25,10157,Eire,812.5
541527,52794,PRODUTO TESTE,29,2011-04-30,33.92,10089,France,983.6800000000001
543233,67737,PRODUTO TESTE,17,2011-03-04,14.08,10147,United Kingdom,239.36
538092,71863,PRODUTO TESTE,44,2011-12-12,22.86,10054,United Kingdom,1005.8399999999999
543079,66905,PRODUTO TESTE,3,2011-06-28,22.07,10015,United Kingdom,66.21000000000001
541994,71764,PRODUTO TESTE,12,2011-11-11,38.79,10019,United Kingdom,465.48
536464,89803,PRODUTO TESTE,6,2011-04-14,0.53,10089,United Kingdom,3.18
539161,10946,PRODUTO TESTE,41,2011-05-12,25.3,10180,United Kingdom,1037.3
538723,89613,PRODUTO TESTE,24,2011-05-06,9.62,10025,United Kingdom,230.88
543979,91699,PRODUTO TESTE,32,2011-05-17,32.52,10091,United Kingdom,1040.64
544290,91360,PRODUTO TESTE,45,2011-06-09,34.18,10140,United Kingdom,1538.1
543373,43116,PRODUTO TESTE,5,2011-04-19,25.31,10040,United Kingdom,126.55
540752,62469,PRODUTO TESTE,48,2011-10-25,27.33,10144,United Kingdom,1311.84
540435,41794,PRODUTO TESTE,1,2011-04-30,16.1,10061,United Kingdom,16.1
538803,85627,PRODUTO TESTE,36,2011-06-11,16.01,10161,United Kingdom,576.36
542956,46592,PRODUTO TESTE,33,2011-11-11,37.38,10115,United Kingdom,1233.5400000000002
536776,38170,PRODUTO TESTE,40,2011-06-09,7.02,10109,United Kingdom,280.79999999999995
538440,71674,PRODUTO TESTE,3,2011-01-04,38.69,10035,United Kingdom,116.07
537216,14442,PRODUTO TESTE,47,2011-01-01,32.92,10092,United Kingdom,1547.24
540448,43841,PRODUTO TESTE,38,2011-06-09,44.28,10171,France,1682.64
538697,28565,PRODUTO TESTE,1,2011-08-25,13.38,10003,United Kingdom,13.38
537777,43644,PRODUTO TESTE,25,2011-12-11,25.56,10151,United Kingdom,639.0
539387,50386,PRODUTO TESTE,39,2011-02-17,2.43,10098,United Kingdom,94.77000000000001
543747,15711,PRODUTO TESTE,21,2011-07-18,45.67,10143,United Kingdom,959.07
541022,87818,PRODUTO TESTE,15,2011-04-16,33.93,10132,United Kingdom,508.95
543407,47497,PRODUTO TESTE,10,2011-06-14,31.33,10086,United Kingdom,313.29999999999995
544225,42292,PRODUTO TESTE,23,2011-06-11,36.77,10061,United Kingdom,845.71
544119,23452,PRODUTO TESTE,49,2011-04-25,14.57,10125,United Kingdom,713.9300000000001
539159,99620,PRODUTO TESTE,28,2011-01-07,30.39,10028,United Kingdom,850.9200000000001
543897,87002,PRODUTO TESTE,34,2011-01-27,40.15,10116,United Kingdom,1365.1
544184,53368,PRODUTO TESTE,37,2011-07-10,4.97,10018,United Kingdom,183.89
544636,40105,PRODUTO TESTE,37,2011-03-23,47.96,10129,United Kingdom,1774.52
539159,52073,PRODUTO TESTE,17,2011-04-30,44.65,10125,United Kingdom,759.05
538055,96477,PRODUTO TESTE,37,2011-02-03,48.17,10016,United Kingdom,1782.29
541258,29925,PRODUTO TESTE,13,2011-01-19,40.51,10151,United Kingdom,526.63
544386,71606,PRODUTO TESTE,27,2011-02-16,15.07,10083,United Kingdom,406.89
544105,91319,PRODUTO TESTE,11,2011-05-18,29.29,10157,United Kingdom,322.19
541140,78052,PRODUTO TESTE,46,2011-03-01,6.45,10008,United Kingdom,296.7
537343,88313,PRODUTO TESTE,35,2011-03-26,37.83,10035,United Kingdom,1324.05
539802,95296,PRODUTO TESTE,27,2011-04-21,8.11,10098,United Kingdom,218.96999999999997
542427,15399,PRODUTO TESTE,19,2011-04-17,43.41,10037,United Kingdom,824.79
541043,31503,PRODUTO TESTE,23,2011-01-05,12.41,10065,United Kingdom,285.43
539109,22997,PRODUTO TESTE,37,2011-02-12,8.44,10132,United Kingdom,312.28
539083,61055,PRODUTO TESTE,10,2011-12-13,4.01,10028,Germany,40.099999999999994
536537,46668,PRODUTO TESTE,40,2011-09-01,35.71,10135,United Kingdom,1428.4
538596,13665,PRODUTO TESTE,10,2011-02-15,9.72,10020,United Kingdom,97.2
542024,60181,PRODUTO TESTE,2,2011-04-14,10.28,10035,United Kingdom,20.56
538171,19068,PRODUTO TESTE,35,2011-05-20,8.9,10117,United Kingdom,311.5
544940,46657,PRODUTO TESTE,33,2011-11-27,15.64,10158,United Kingdom,516.12
536741,42992,PRODUTO TESTE,13,2011-11-18,47.09,10034,United Kingdom,612.1700000000001
541298,90422,PRODUTO TESTE,30,2011-10-09,24.59,10059,United Kingdom,737.7
540469,71424,PRODUTO TESTE,35,2011-02-08,13.41,10185,Germany,469.35
543499,66177,PRODUTO TESTE,38,2011-06-29,8.93,10197,United Kingdom,339.34
543989,84851,PRODUTO TESTE,47,2011-06-26,1.44,10116,United Kingdom,67.67999999999999
540891,26247,PRODUTO TESTE,41,2011-08-21,18.57,10089,United Kingdom,761.37
541671,33076,PRODUTO TESTE,19,2011-11-05,5.95,10069,Germany,113.05
542290,77708,PRODUTO TESTE,7,2011-04-28,1.84,10122,France,12.88
537663,11922,PRODUTO TESTE,26,2011-04-07,16.27,10058,France,423.02
539857,30185,PRODUTO TESTE,31,2011-03-18,37.67,10004,Germany,1167.77
538173,30438,PRODUTO TESTE,32,2011-04-25,3.82,10030,United Kingdom,122.24
541536,69517,PRODUTO TESTE,33,2011-06-09,31.22,10083,United Kingdom,1030.26
537883,14897,PRODUTO TESTE,38,2011-09-06,44.16,10096,United Kingdom,1678.08
538244,85722,PRODUTO TESTE,34,2011-09-10,9.61,10093,United Kingdom,326.74
543406,62699,PRODUTO TESTE,23,2011-05-13,39.82,10156,United Kingdom,915.86
537785,54742,PRODUTO TESTE,21,2011-01-17,48.84,10016,United Kingdom,1025.64
542418,97322,PRODUTO TESTE,30,2011-11-24,40.52,10055,France,1215.6000000000001
542449,34338,PRODUTO TESTE,26,2011-01-03,6.63,10097,United Kingdom,172.38
543435,60216,PRODUTO TESTE,26,2011-05-20,47.38,10134,Eire,1231.88
542839,10589,PRODUTO TESTE,23,2011-10-29,40.84,10098,United Kingdom,939.32
544927,84959,PRODUTO TESTE,25,2011-09-07,11.01,10088,United Kingdom,275.25
541173,61120,PRODUTO TESTE,12,2011-04-28,8.68,10187,United Kingdom,104.16
538581,25831,PRODUTO TESTE,28,2011-11-20,46.85,10032,United Kingdom,1311.8
543766,83583,PRODUTO TESTE,10,2011-02-20,8.21,10114,United Kingdom,82.10000000000001
538383,99029,PRODUTO TESTE,22,2011-09-02,38.97,10108,United Kingdom,857.3399999999999
538619,16168,PRODUTO TESTE,17,2011-07-09,20.56,10094,United Kingdom,349.52
543456,86116,PRODUTO TESTE,34,2011-03-17,36.33,10161,United Kingdom,1235.22
543934,76281,PRODUTO TESTE,44,2011-12-03,5.05,10053,United Kingdom,222.2
539054,41897,PRODUTO TESTE,29,2011-10-07,36.39,10190,Germany,1055.31
542564,67108,PRODUTO TESTE,2,2011-01-04,25.84,10066,United Kingdom,51.68
544301,80685,PRODUTO TESTE,31,2011-02-01,45.07,10109,United Kingdom,1397.17
543188,53141,PRODUTO TESTE,12,2011-01-21,9.83,10104,United Kingdom,117.96000000000001
541981,14350,PRODUTO TESTE,5,2011-06-02,10.21,10087,United Kingdom,51.050000000000004
537529,93276,PRODUTO TESTE,49,2011-09-22,4.39,10056,United Kingdom,215.10999999999999
543617,93120,PRODUTO TESTE,18,2011-09-04,49.02,10004,United Kingdom,882.36
536603,28923,PRODUTO TESTE,6,2011-01-06,6.58,10072,United Kingdom,39.480000000000004
544937,52969,PRODUTO TESTE,2,2011-06-23,10.44,10165,United Kingdom,20.88
537595,31484,PRODUTO TESTE,30,2011-10-14,40.58,10001,United Kingdom,1217.3999999999999
539781,45964,PRODUTO TESTE,36,2011-11-24,12.71,10179,United Kingdom,457.56000000000006
538106,34774,PRODUTO TESTE,14,2011-04-17,11.5,10108,United Kingdom,161.0
539541,72527,PRODUTO TESTE,14,2011-02-25,20.24,10060,Eire,283.35999999999996
542701,86101,PRODUTO TESTE,31,2011-05-05,41.86,10110,United Kingdom,1297.66
536604,81359,PRODUTO TESTE,1,2011-06-11,32.09,10063,United Kingdom,32.09
540075,75452,PRODUTO TESTE,9,2011-05-09,14.77,10021,United Kingdom,132.93
544342,84641,PRODUTO TESTE,20,2011-05-05,43.39,10134,United Kingdom,867.8
537878,80477,PRODUTO TESTE,4,2011-04-16,18.54,10023,United Kingdom,74.16
539549,21189,PRODUTO TESTE,5,2011-06-28,36.96,10056,United Kingdom,184.8
539682,17897,PRODUTO TESTE,1,2011-01-29,21.08,10048,United Kingdom,21.08
541089,78481,PRODUTO TESTE,35,2011-10-16,27.38,10131,United Kingdom,958.3
540836,45115,PRODUTO TESTE,21,2011-06-02,36.82,10146,United Kingdom,773.22
536953,39522,PRODUTO TESTE,47,2011-04-27,3.5,10145,France,164.5
542864,45687,PRODUTO TESTE,16,2011-11-27,23.02,10187,United Kingdom,368.32
538031,88073,PRODUTO TESTE,7,2011-09-29,5.21,10153,United Kingdom,36.47
538834,42732,PRODUTO TESTE,6,2011-02-19,36.39,10064,United Kingdom,218.34
543566,43320,PRODUTO TESTE,47,2011-02-23,30.59,10021,United Kingdom,1437.73
542206,45934,PRODUTO TESTE,27,2011-01-01,16.68,10122,Germany,450.36
539568,14887,PRODUTO TESTE,12,2011-07-24,4.28,10183,United Kingdom,51.36
544212,13371,PRODUTO TESTE,30,2011-05-10,46.33,10195,United Kingdom,1389.8999999999999
539546,47293,PRODUTO TESTE,25,2011-05-17,16.09,10046,United Kingdom,402.25
541089,11513,PRODUTO TESTE,1,2011-07-05,14.13,10047,United Kingdom,14.13
538213,78109,PRODUTO TESTE,33,2011-07-16,5.5,10007,France,181.5
537648,48194,PRODUTO TESTE,1,2011-01-01,29.08,10028,United Kingdom,29.08
540424,55083,PRODUTO TESTE,5,2011-02-09,13.65,10110,United Kingdom,68.25
541067,40245,PRODUTO TESTE,34,2011-10-16,42.22,10109,United Kingdom,1435.48
543252,78726,PRODUTO TESTE,19,2011-12-15,34.3,10074,United Kingdom,651.6999999999999
539518,48475,PRODUTO TESTE,7,2011-11-02,0.69,10061,United Kingdom,4.83
541466,53946,PRODUTO TESTE,27,2011-06-19,11.98,10092,United Kingdom,323.46000000000004
536631,25944,PRODUTO TESTE,33,2011-10-29,1.26,10161,United Kingdom,41.58
542651,63551,PRODUTO TESTE,6,2011-11-19,31.16,10192,United Kingdom,186.96
541173,60724,PRODUTO TESTE,17,2011-11-22,10.64,10063,United Kingdom,180.88
539504,52711,PRODUTO TESTE,13,2011-02-24,45.03,10040,United Kingdom,585.39
540205,44677,PRODUTO TESTE,44,2011-02-23,28.88,10190,United Kingdom,1270.72
538716,63638,PRODUTO TESTE,38,2011-05-27,10.85,10126,United Kingdom,412.3
541528,71215,PRODUTO TESTE,10,2011-07-03,48.97,10058,United Kingdom,489.7
541102,89070,PRODUTO TESTE,23,2011-12-16,27.55,10124,Germany,633.65
540025,96628,PRODUTO TESTE,45,2011-04-27,8.69,10103,United Kingdom,391.04999999999995
538566,17482,PRODUTO TESTE,14,2011-10-31,26.1,10181,United Kingdom,365.40000000000003
539587,69386,PRODUTO TESTE,2,2011-11-20,47.99,10051,United Kingdom,95.98
540480,17618,PRODUTO TESTE,11,2011-12-19,21.5,10198,United Kingdom,236.5
540246,47562,PRODUTO TESTE,28,2011-03-11,21.55,10187,United Kingdom,603.4
538783,76715,PRODUTO TESTE,49,2011-03-30,23.33,10036,United Kingdom,1143.1699999999998
541237,58812,PRODUTO TESTE,11,2011-03-22,14.37,10032,United Kingdom,158.07
540508,92153,PRODUTO TESTE,4,2011-09-08,29.16,10008,United Kingdom,116.64
537093,97648,PRODUTO TESTE,17,2011-05-29,44.76,10059,United Kingdom,760.92
543360,82285,PRODUTO TESTE,31,2011-09-25,20.34,10198,France,630.54
542252,30972,PRODUTO TESTE,40,2011-06-23,0.76,10030,United Kingdom,30.4
542710,37136,PRODUTO TESTE,7,2011-04-08,15.74,10178,United Kingdom,110.18
536593,40713,PRODUTO TESTE,23,2011-08-05,33.63,10018,United Kingdom,773.49
539072,76988,PRODUTO TESTE,26,2011-08-30,14.87,10149,United Kingdom,386.62
541888,41607,PRODUTO TESTE,31,2011-08-04,42.11,10169,United Kingdom,1305.41
543205,22548,PRODUTO TESTE,48,2011-11-15,24.13,10178,United Kingdom,1158.24
541245,81877,PRODUTO TESTE,43,2011-04-25,33.62,10044,United Kingdom,1445.6599999999999
543682,77479,PRODUTO TESTE,12,2011-08-11,44.25,10178,Germany,531.0
538457,63476,PRODUTO TESTE,48,2011-11-09,34.3,10023,Germany,1646.3999999999999
536777,81265,PRODUTO TESTE,47,2011-04-13,40.5,10093,United Kingdom,1903.5
541244,91020,PRODUTO TESTE,2,2011-01-18,28.57,10063,United Kingdom,57.14
541986,33378,PRODUTO TESTE,1,2011-05-17,15.21,10004,United Kingdom,15.21
538567,20492,PRODUTO TESTE,1,2011-01-17,15.26,10154,United Kingdom,15.26
543052,40738,PRODUTO TESTE,1,2011-09-30,43.83,10067,United Kingdom,43.83
542652,84688,PRODUTO TESTE,20,2011-02-02,3.17,10132,Eire,63.4
539241,93220,PRODUTO TESTE,30,2011-09-10,47.1,10082,United Kingdom,1413.0
538149,19894,PRODUTO TESTE,35,2011-07-31,16.69,10074,United Kingdom,584.1500000000001
542042,53055,PRODUTO TESTE,11,2011-05-08,16.84,10018,United Kingdom,185.24
537537,83616,PRODUTO TESTE,2,2011-05-06,47.69,10147,United Kingdom,95.38
538296,71426,PRODUTO TESTE,3,2011-03-30,2.31,10149,United Kingdom,6.93
540373,15401,PRODUTO TESTE,36,2011-07-16,17.99,10075,United Kingdom,647.64
540600,53581,PRODUTO TESTE,30,2011-03-22,43.44,10052,United Kingdom,1303.1999999999998
537493,18005,PRODUTO TESTE,6,2011-02-11,14.07,10001,United Kingdom,84.42
544537,40591,PRODUTO TESTE,11,2011-12-13,14.14,10187,United Kingdom,155.54000000000002
539497,78179,PRODUTO TESTE,45,2011-09-05,44.99,10189,United Kingdom,2024.5500000000002
539431,71543,PRODUTO TESTE,26,2011-02-13,41.61,10048,United Kingdom,1081.86
536544,73417,PRODUTO TESTE,8,2011-08-14,5.74,10006,United Kingdom,45.92
543881,69478,PRODUTO TESTE,46,2011-04-22,29.22,10024,United Kingdom,1344.12
538116,11324,PRODUTO TESTE,5,2011-03-07,11.56,10013,United Kingdom,57.800000000000004
544882,62459,PRODUTO TESTE,11,2011-06-22,11.15,10166,United Kingdom,122.65
540464,53650,PRODUTO TESTE,33,2011-10-15,30.96,10178,United Kingdom,1021.6800000000001
543873,57558,PRODUTO TESTE,23,2011-01-01,6.63,10030,France,152.49
537492,73515,PRODUTO TESTE,39,2011-12-03,13.16,10035,United Kingdom,513.24
543210,64678,PRODUTO TESTE,7,2011-05-24,42.77,10073,Eire,299.39000000000004
543376,46272,PRODUTO TESTE,33,2011-02-06,27.95,10119,United Kingdom,922.35
540887,15091,PRODUTO TESTE,13,2011-06-06,11.15,10143,United Kingdom,144.95000000000002
536289,16189,PRODUTO TESTE,36,2011-09-07,46.36,10174,United Kingdom,1668.96
544493,42310,PRODUTO TESTE,44,2011-12-30,41.23,10008,United Kingdom,1814.12
539539,58370,PRODUTO TESTE,37,2011-08-18,13.63,10039,United Kingdom,504.31
544423,99719,PRODUTO TESTE,45,2011-01-19,48.07,10056,United Kingdom,2163.15
543836,75110,PRODUTO TESTE,24,2011-10-23,13.75,10062,United Kingdom,330.0
542198,36924,PRODUTO TESTE,24,2011-08-26,19.61,10155,United Kingdom,470.64
542059,25174,PRODUTO TESTE,20,2011-11-24,8.66,10064,United Kingdom,173.2
540794,22667,PRODUTO TESTE,34,2011-10-08,34.51,10194,United Kingdom,1173.34
536223,16469,PRODUTO TESTE,8,2011-03-26,28.09,10099,United Kingdom,224.72
539490,92064,PRODUTO TESTE,33,2011-06-03,44.78,10100,United Kingdom,1477.74
542574,11428,PRODUTO TESTE,19,2011-07-05,12.42,10086,United Kingdom,235.98
543310,87736,PRODUTO TESTE,31,2011-06-28,8.93,10028,United Kingdom,276.83
541036,62515,PRODUTO TESTE,18,2011-08-22,18.25,10186,United Kingdom,328.5
542386,65658,PRODUTO TESTE,16,2011-09-14,7.73,10002,United Kingdom,123.68
536195,96277,PRODUTO TESTE,6,2011-02-07,47.33,10034,United Kingdom,283.98
540215,80793,PRODUTO TESTE,40,2011-07-27,36.01,10045,United Kingdom,1440.3999999999999
544032,97191,PRODUTO TESTE,7,2011-07-06,37.53,10026,United Kingdom,262.71000000000004
538799,25846,PRODUTO TESTE,18,2011-06-04,12.52,10003,United Kingdom,225.35999999999999
538069,61232,PRODUTO TESTE,3,2011-03-17,7.46,10135,United Kingdom,22.38
539171,67657,PRODUTO TESTE,45,2011-12-28,21.76,10193,United Kingdom,979.2
537533,31976,PRODUTO TESTE,13,2011-04-05,41.54,10024,France,540.02
541025,66723,PRODUTO TESTE,8,2011-01-21,16.86,10059,United Kingdom,134.88
541785,67492,PRODUTO TESTE,8,2011-05-11,0.97,10101,United Kingdom,7.76
543210,98186,PRODUTO TESTE,5,2011-10-04,33.17,10185,United Kingdom,165.85000000000002
544747,92312,PRODUTO TESTE,31,2011-01-04,10.4,10138,United Kingdom,322.40000000000003
536662,45972,PRODUTO TESTE,21,2011-06-29,27.37,10153,United Kingdom,574.77
538225,72112,PRODUTO TESTE,7,2011-06-02,1.24,10116,United Kingdom,8.68
538706,83883,PRODUTO TESTE,43,2011-11-13,25.69,10083,France,1104.67
538247,12361,PRODUTO TESTE,31,2011-01-02,19.98,10039,United Kingdom,619.38
543445,71633,PRODUTO TESTE,17,2011-01-07,44.08,10172,France,749.36
537255,92541,PRODUTO TESTE,23,2011-07-26,36.23,10160,United Kingdom,833.29
536267,20821,PRODUTO TESTE,31,2011-03-07,2.28,10005,France,70.67999999999999
543745,77830,PRODUTO TESTE,3,2011-09-14,39.58,10143,United Kingdom,118.74
544653,15432,PRODUTO TESTE,39,2011-04-12,39.67,10016,United Kingdom,1547.13
538037,46164,PRODUTO TESTE,9,2011-07-25,33.34,10147,United Kingdom,300.06000000000006
540528,98873,PRODUTO TESTE,23,2011-09-11,40.26,10026,United Kingdom,925.9799999999999
540733,75498,PRODUTO TESTE,43,2011-07-09,11.34,10086,United Kingdom,487.62
544917,74950,PRODUTO TESTE,35,2011-01-01,19.39,10024,United Kingdom,678.65
539637,33323,PRODUTO TESTE,11,2011-04-08,17.82,10113,United Kingdom,196.02
536109,84288,PRODUTO TESTE,16,2011-01-22,25.49,10185,United Kingdom,407.84
539804,69299,PRODUTO TESTE,27,2011-01-17,47.71,10016,France,1288.17
541008,94884,PRODUTO TESTE,7,2011-09-12,30.97,10079,United Kingdom,216.79
540652,64257,PRODUTO TESTE,40,2011-06-06,15.99,10194,United Kingdom,639.6
540610,13562,PRODUTO TESTE,11,2011-10-21,47.11,10060,United Kingdom,518.21
544303,55985,PRODUTO TESTE,6,2011-04-05,35.16,10026,United Kingdom,210.95999999999998
538265,80913,PRODUTO TESTE,33,2011-08-13,45.37,10101,Eire,1497.2099999999998
542008,25391,PRODUTO TESTE,39,2011-10-30,26.05,10062,United Kingdom,1015.95
539693,88215,PRODUTO TESTE,48,2011-09-16,24.22,10191,United Kingdom,1162.56
539855,84083,PRODUTO TESTE,1,2011-09-30,46.22,10104,United Kingdom,46.22
538289,70353,PRODUTO TESTE,46,2011-06-13,17.0,10192,United Kingdom,782.0
542667,84574,PRODUTO TESTE,1,2011-09-22,33.18,10184,United Kingdom,33.18
543586,46251,PRODUTO TESTE,17,2011-11-04,44.39,10099,United Kingdom,754.63
543062,80127,PRODUTO TESTE,42,2011-09-27,6.19,10004,United Kingdom,259.98
538770,53943,PRODUTO TESTE,2,2011-08-10,10.89,10119,France,21.78
537229,81484,PRODUTO TESTE,31,2011-01-28,47.43,10111,United Kingdom,1470.33
537437,23168,PRODUTO TESTE,16,2011-06-09,38.98,10029,United Kingdom,623.68
539541,36689,PRODUTO TESTE,18,2011-01-24,17.63,10126,United Kingdom,317.34
540659,29295,PRODUTO TESTE,46,2011-02-07,18.2,10168,United Kingdom,837.1999999999999
544036,46587,PRODUTO TESTE,30,2011-05-12,23.74,10021,United Kingdom,712.1999999999999
544089,83304,PRODUTO TESTE,12,2011-06-19,33.85,10144,United Kingdom,406.20000000000005
536024,20354,PRODUTO TESTE,46,2011-07-12,28.27,10028,United Kingdom,1300.42
542368,75744,PRODUTO TESTE,26,2011-11-25,38.92,10149,United Kingdom,1011.9200000000001
537780,70400,PRODUTO TESTE,16,2011-06-04,41.04,10001,United Kingdom,656.64
540995,68139,PRODUTO TESTE,8,2011-05-03,3.37,10193,United Kingdom,26.96
536305,22458,PRODUTO TESTE,30,2011-09-18,44.11,10033,United Kingdom,1323.3
539006,65143,PRODUTO TESTE,42,2011-04-11,2.64,10119,United Kingdom,110.88000000000001
538448,32146,PRODUTO TESTE,37,2011-10-13,9.42,10186,United Kingdom,348.54
541340,87532,PRODUTO TESTE,45,2011-09-07,11.54,10147,United Kingdom,519.3
540140,65352,PRODUTO TESTE,49,2011-04-02,20.39,10160,United Kingdom,999.11
543194,99408,PRODUTO TESTE,31,2011-08-15,32.95,10086,France,1021.45
537633,50909,PRODUTO TESTE,12,2011-10-27,44.68,10093,United Kingdom,536.16
536513,42199,PRODUTO TESTE,2,2011-01-27,26.46,10126,United Kingdom,52.92
540766,99573,PRODUTO TESTE,46,2011-03-06,26.86,10156,United Kingdom,1235.56
538312,66024,PRODUTO TESTE,17,2011-07-08,16.31,10169,United Kingdom,277.27
542360,87675,PRODUTO TESTE,13,2011-05-12,40.13,10003,United Kingdom,521.69
536839,14004,PRODUTO TESTE,35,2011-09-17,5.97,10132,United Kingdom,208.95
541177,57337,PRODUTO TESTE,34,2011-05-27,15.4,10021,Eire,523.6
544908,83523,PRODUTO TESTE,39,2011-12-30,5.3,10057,United Kingdom,206.7
536837,82760,PRODUTO TESTE,43,2011-04-20,11.1,10165,United Kingdom,477.3
538716,74350,PRODUTO TESTE,43,2011-05-12,29.54,10050,United Kingdom,1270.22
543599,24805,PRODUTO TESTE,4,2011-01-02,6.74,10159,United Kingdom,26.96
540802,59214,PRODUTO TESTE,4,2011-04-01,5.48,10092,Germany,21.92
537574,19125,PRODUTO TESTE,6,2011-03-27,41.38,10046,France,248.28000000000003
537918,82173,PRODUTO TESTE,29,2011-10-06,6.36,10066,Germany,184.44
542883,66757,PRODUTO TESTE,26,2011-05-04,30.6,10106,United Kingdom,795.6
543748,27444,PRODUTO TESTE,42,2011-03-16,17.92,10153,United Kingdom,752.6400000000001
539245,75409,PRODUTO TESTE,41,2011-04-25,44.87,10121,United Kingdom,1839.6699999999998
540264,74738,PRODUTO TESTE,39,2011-07-25,35.52,10186,United Kingdom,1385.2800000000002
537592,18028,PRODUTO TESTE,33,2011-12-24,44.83,10150,United Kingdom,1479.3899999999999
537856,28086,PRODUTO TESTE,41,2011-01-18,20.99,10120,United Kingdom,860.5899999999999
542969,16309,PRODUTO TESTE,49,2011-11-03,15.26,10057,Germany,747.74
537679,58353,PRODUTO TESTE,13,2011-05-22,33.8,10082,United Kingdom,439.4
542937,89192,PRODUTO TESTE,37,2011-10-23,36.04,10023,Eire,1333.48
540473,15653,PRODUTO TESTE,17,2011-01-14,15.51,10074,United Kingdom,263.67
544910,65307,PRODUTO TESTE,3,2011-08-17,17.91,10185,United Kingdom,53.730000000000004
536296,48164,PRODUTO TESTE,13,2011-12-06,8.24,10085,United Kingdom,107.12
544513,85265,PRODUTO TESTE,8,2011-01-15,29.88,10022,United Kingdom,239.04
538027,53386,PRODUTO TESTE,45,2011-10-16,47.87,10130,United Kingdom,2154.15
536315,70182,PRODUTO TESTE,4,2011-02-11,21.12,10192,United Kingdom,84.48
542516,92961,PRODUTO TESTE,2,2011-12-25,49.81,10173,United Kingdom,99.62
540792,22255,PRODUTO TESTE,26,2011-09-29,9.23,10054,Germany,239.98000000000002
543536,38410,PRODUTO TESTE,26,2011-11-29,39.91,10090,United Kingdom,1037.6599999999999
536975,34274,PRODUTO TESTE,25,2011-11-24,46.44,10106,United Kingdom,1161.0
536727,25179,PRODUTO TESTE,3,2011-04-26,34.56,10049,United Kingdom,103.68
541105,68310,PRODUTO TESTE,22,2011-06-01,5.91,10053,United Kingdom,130.02
543938,10675,PRODUTO TESTE,46,2011-09-10,16.66,10047,United Kingdom,766.36
543177,20944,PRODUTO TESTE,38,2011-04-22,30.29,10149,United Kingdom,1151.02
544155,65371,PRODUTO TESTE,1,2011-02-06,49.91,10168,United Kingdom,49.91
543827,77577,PRODUTO TESTE,7,2011-11-21,19.05,10163,United Kingdom,133.35
540578,52016,PRODUTO TESTE,44,2011-04-01,8.57,10191,United Kingdom,377.08000000000004
542285,50042,PRODUTO TESTE,11,2011-05-30,13.8,10021,Eire,151.8
540730,50477,PRODUTO TESTE,23,2011-06-15,28.75,10176,United Kingdom,661.25
542067,27885,PRODUTO TESTE,15,2011-05-18,28.66,10013,United Kingdom,429.9
541103,43800,PRODUTO TESTE,28,2011-10-11,11.88,10095,United Kingdom,332.64000000000004
540725,93971,PRODUTO TESTE,17,2011-11-30,37.66,10118,United Kingdom,640.2199999999999
539931,13703,PRODUTO TESTE,19,2011-07-29,4.86,10071,United Kingdom,92.34
541875,80877,PRODUTO TESTE,39,2011-11-02,31.34,10029,United Kingdom,1222.26
542759,24825,PRODUTO TESTE,25,2011-02-10,21.57,10038,United Kingdom,539.25
544271,20292,PRODUTO TESTE,26,2011-12-19,6.8,10164,United Kingdom,176.79999999999998
541519,35703,PRODUTO TESTE,39,2011-02-12,31.9,10063,United Kingdom,1244.1
536904,34205,PRODUTO TESTE,18,2011-01-25,33.82,10062,France,608.76
541287,38457,PRODUTO TESTE,40,2011-01-09,22.28,10184,United Kingdom,891.2
538841,86448,PRODUTO TESTE,34,2011-03-30,40.0,10028,United Kingdom,1360.0
536241,91418,PRODUTO TESTE,43,2011-11-02,25.71,10183,France,1105.53
536652,72318,PRODUTO TESTE,20,2011-04-20,14.64,10184,United Kingdom,292.8
541321,23157,PRODUTO TESTE,25,2011-10-16,47.7,10119,United Kingdom,1192.5
544503,95098,PRODUTO TESTE,2,2011-06-04,47.23,10033,United Kingdom,94.46
540550,86272,PRODUTO TESTE,1,2011-02-07,5.23,10031,United Kingdom,5.23
536797,44857,PRODUTO TESTE,29,2011-03-26,38.89,10115,United Kingdom,1127.81
542078,79786,PRODUTO TESTE,12,2011-04-17,5.78,10030,United Kingdom,69.36
536499,18024,PRODUTO TESTE,10,2011-07-08,26.21,10091,United Kingdom,262.1
543570,16876,PRODUTO TESTE,28,2011-10-16,2.23,10023,United Kingdom,62.44
543347,64537,PRODUTO TESTE,16,2011-08-03,29.65,10108,United Kingdom,474.4
544919,40299,PRODUTO TESTE,2,2011-03-23,46.69,10004,United Kingdom,93.38
538558,49746,PRODUTO TESTE,25,2011-09-19,18.73,10141,Eire,468.25
537456,77559,PRODUTO TESTE,25,2011-09-12,25.68,10011,United Kingdom,642.0
538695,59035,PRODUTO TESTE,2,2011-03-28,11.76,10038,United Kingdom,23.52
543195,73990,PRODUTO TESTE,9,2011-11-07,27.28,10034,United Kingdom,245.52
537969,21345,PRODUTO TESTE,8,2011-11-04,40.23,10166,United Kingdom,321.84
543986,10190,PRODUTO TESTE,33,2011-08-09,11.16,10010,United Kingdom,368.28000000000003
537387,32650,PRODUTO TESTE,8,2011-04-19,27.9,10085,Eire,223.2
537974,39162,PRODUTO TESTE,9,2011-06-10,37.52,10103,United Kingdom,337.68
542786,80070,PRODUTO TESTE,20,2011-03-10,35.25,10136,United Kingdom,705.0
541420,23677,PRODUTO TESTE,37,2011-04-22,35.09,10160,United Kingdom,1298.3300000000002
541904,28066,PRODUTO TESTE,43,2011-02-26,30.16,10165,United Kingdom,1296.88
541837,39373,PRODUTO TESTE,13,2011-09-29,32.73,10063,United Kingdom,425.48999999999995
540992,27754,PRODUTO TESTE,13,2011-02-16,34.2,10196,United Kingdom,444.6
536913,62163,PRODUTO TESTE,10,2011-06-06,43.41,10147,United Kingdom,434.09999999999997
538337,20030,PRODUTO TESTE,20,2011-01-17,12.82,10175,United Kingdom,256.4
540749,23856,PRODUTO TESTE,29,2011-10-31,3.26,10158,United Kingdom,94.53999999999999
537216,85295,PRODUTO TESTE,37,2011-12-26,48.14,10170,United Kingdom,1781.18
540282,11638,PRODUTO TESTE,23,2011-08-22,3.51,10107,France,80.72999999999999
543085,16250,PRODUTO TESTE,16,2011-03-26,30.81,10098,United Kingdom,492.96
536929,58243,PRODUTO TESTE,35,2011-11-05,45.98,10036,United Kingdom,1609.3
536832,72529,PRODUTO TESTE,30,2011-10-14,28.47,10177,France,854.0999999999999
541740,72339,PRODUTO TESTE,27,2011-06-09,41.14,10047,United Kingdom,1110.78
537984,72107,PRODUTO TESTE,22,2011-09-15,36.2,10045,United Kingdom,796.4000000000001
539162,15183,PRODUTO TESTE,22,2011-12-15,26.49,10049,United Kingdom,582.78
538828,41008,PRODUTO TESTE,49,2011-08-09,18.48,10128,United Kingdom,905.52
537949,67007,PRODUTO TESTE,27,2011-03-14,0.64,10114,Germany,17.28
542856,71384,PRODUTO TESTE,27,2011-05-01,12.92,10189,United Kingdom,348.84
542226,40065,PRODUTO TESTE,13,2011-03-09,47.61,10083,United Kingdom,618.93
538148,86205,PRODUTO TESTE,21,2011-05-02,14.14,10056,United Kingdom,296.94
542181,85018,PRODUTO TESTE,34,2011-11-21,37.72,10009,Germany,1282.48
542421,78905,PRODUTO TESTE,42,2011-03-11,25.67,10001,United Kingdom,1078.14
540852,81788,PRODUTO TESTE,37,2011-11-22,15.77,10074,United Kingdom,583.49
541205,97763,PRODUTO TESTE,31,2011-04-15,49.56,10185,Eire,1536.3600000000001
544414,81450,PRODUTO TESTE,37,2011-07-02,2.83,10104,United Kingdom,104.71000000000001
539468,45879,PRODUTO TESTE,9,2011-02-15,23.35,10020,United Kingdom,210.15
540851,42581,PRODUTO TESTE,8,2011-03-09,4.29,10018,United Kingdom,34.32
543522,84028,PRODUTO TESTE,30,2011-04-22,11.1,10166,United Kingdom,333.0
542386,36630,PRODUTO TESTE,36,2011-01-22,34.86,10021,United Kingdom,1254.96
536676,66697,PRODUTO TESTE,3,2011-10-03,5.86,10010,United Kingdom,17.580000000000002
540133,55244,PRODUTO TESTE,5,2011-07-19,40.15,10080,United Kingdom,200.75
542658,44081,PRODUTO TESTE,22,2011-11-05,31.44,10184,France,691.6800000000001
538015,50571,PRODUTO TESTE,48,2011-11-12,5.49,10137,United Kingdom,263.52
543272,73850,PRODUTO TESTE,43,2011-10-26,7.29,10167,United Kingdom,313.47
543619,16013,PRODUTO TESTE,5,2011-01-23,39.98,10168,United Kingdom,199.89999999999998
536735,16641,PRODUTO TESTE,9,2011-06-06,26.88,10160,United Kingdom,241.92
541216,32625,PRODUTO TESTE,29,2011-08-31,0.64,10180,United Kingdom,18.56
540750,57819,PRODUTO TESTE,35,2011-06-20,27.37,10047,United Kingdom,957.95
541640,36962,PRODUTO TESTE,43,2011-09-27,24.4,10195,United Kingdom,1049.2
540805,45395,PRODUTO TESTE,21,2011-04-11,2.25,10115,France,47.25
542115,99993,PRODUTO TESTE,25,2011-08-01,17.79,10155,United Kingdom,444.75
542778,18011,PRODUTO TESTE,9,2011-11-13,34.58,10125,United Kingdom,311.21999999999997
542933,22930,PRODUTO TESTE,30,2011-12-27,33.49,10128,United Kingdom,1004.7
539032,41262,PRODUTO TESTE,9,2011-10-25,14.27,10123,United Kingdom,128.43
544984,94848,PRODUTO TESTE,46,2011-03-31,11.2,10155,United Kingdom,515.1999999999999
536086,55324,PRODUTO TESTE,4,2011-03-16,34.31,10147,Germany,137.24
540432,73587,PRODUTO TESTE,31,2011-07-29,1.84,10026,France,57.04
541478,68741,PRODUTO TESTE,24,2011-05-27,28.06,10165,United Kingdom,673.4399999999999
540060,93851,PRODUTO TESTE,28,2011-12-04,12.33,10064,United Kingdom,345.24
541362,95920,PRODUTO TESTE,3,2011-07-20,26.25,10102,United Kingdom,78.75
541468,50333,PRODUTO TESTE,24,2011-05-10,11.25,10193,United Kingdom,270.0
537071,74231,PRODUTO TESTE,29,2011-11-14,28.43,10171,United Kingdom,824.47
538202,63428,PRODUTO TESTE,6,2011-08-09,20.58,10092,United Kingdom,123.47999999999999
541759,19138,PRODUTO TESTE,11,2011-02-19,25.77,10156,United Kingdom,283.46999999999997
538959,28857,PRODUTO TESTE,46,2011-07-05,2.07,10077,United Kingdom,95.22
541143,99102,PRODUTO TESTE,7,2011-06-05,30.73,10137,United Kingdom,215.11
542579,31999,PRODUTO TESTE,45,2011-02-14,37.64,10127,United Kingdom,1693.8
543175,68656,PRODUTO TESTE,24,2011-03-19,47.83,10049,United Kingdom,1147.92
537654,92034,PRODUTO TESTE,47,2011-09-14,10.55,10053,United Kingdom,495.85
544131,64219,PRODUTO TESTE,40,2011-03-07,10.83,10012,United Kingdom,433.2
537491,29353,PRODUTO TESTE,11,2011-02-18,15.59,10027,United Kingdom,171.49
536196,87368,PRODUTO TESTE,25,2011-01-22,44.59,10086,United Kingdom,1114.75
536404,12907,PRODUTO TESTE,34,2011-01-10,20.64,10095,United Kingdom,701.76
543859,33960,PRODUTO TESTE,31,2011-06-28,37.19,10083,United Kingdom,1152.8899999999999
537870,67624,PRODUTO TESTE,20,2011-08-16,2.38,10120,United Kingdom,47.599999999999994
539766,61217,PRODUTO TESTE,42,2011-07-15,22.78,10067,United Kingdom,956.76
536359,44376,PRODUTO TESTE,9,2011-12-31,31.43,10073,United Kingdom,282.87
539997,57602,PRODUTO TESTE,43,2011-04-02,36.69,10101,United Kingdom,1577.6699999999998
536254,94221,PRODUTO TESTE,6,2011-09-17,16.59,10073,United Kingdom,99.53999999999999
540285,84375,PRODUTO TESTE,24,2011-01-30,32.0,10147,United Kingdom,768.0
541028,47671,PRODUTO TESTE,15,2011-11-06,26.45,10065,United Kingdom,396.75
540692,94714,PRODUTO TESTE,44,2011-05-13,7.13,10086,United Kingdom,313.71999999999997
538542,90013,PRODUTO TESTE,47,2011-05-07,44.15,10075,United Kingdom,2075.0499999999997
542899,66458,PRODUTO TESTE,37,2011-02-19,37.85,10036,United Kingdom,1400.45
541370,63519,PRODUTO TESTE,41,2011-07-05,46.12,10137,United Kingdom,1890.9199999999998
538293,13205,PRODUTO TESTE,37,2011-05-26,36.16,10047,United Kingdom,1337.9199999999998
539911,57170,PRODUTO TESTE,11,2011-12-22,12.62,10059,United Kingdom,138.82
536976,29138,PRODUTO TESTE,45,2011-03-06,21.81,10158,United Kingdom,981.4499999999999
544309,24417,PRODUTO TESTE,24,2011-06-02,19.65,10189,United Kingdom,471.59999999999997
542777,87250,PRODUTO TESTE,13,2011-11-25,2.27,10134,United Kingdom,29.51
538590,34392,PRODUTO TESTE,5,2011-10-22,20.82,10183,United Kingdom,104.1
542074,65390,PRODUTO TESTE,34,2011-10-07,17.61,10170,United Kingdom,598.74
542112,88044,PRODUTO TESTE,10,2011-07-11,0.69,10096,United Kingdom,6.8999999999999995
541487,63807,PRODUTO TESTE,30,2011-11-15,42.43,10154,United Kingdom,1272.9
543906,79757,PRODUTO TESTE,29,2011-10-23,25.3,10092,United Kingdom,733.7
544602,50267,PRODUTO TESTE,30,2011-07-31,39.34,10107,United Kingdom,1180.2
544767,92958,PRODUTO TESTE,23,2011-05-08,30.42,10192,United Kingdom,699.6600000000001
544826,91811,PRODUTO TESTE,31,2011-03-21,8.88,10169,United Kingdom,275.28000000000003
544359,40395,PRODUTO TESTE,49,2011-07-10,31.1,10097,Germany,1523.9
542651,83725,PRODUTO TESTE,41,2011-01-02,38.0,10130,United Kingdom,1558.0
536511,26473,PRODUTO TESTE,19,2011-09-18,42.81,10040,United Kingdom,813.3900000000001
540186,20087,PRODUTO TESTE,42,2011-03-28,16.27,10160,United Kingdom,683.34
538206,57701,PRODUTO TESTE,47,2011-05-23,2.18,10110,United Kingdom,102.46000000000001
537979,64533,PRODUTO TESTE,3,2011-03-12,30.59,10106,United Kingdom,91.77
543475,62518,PRODUTO TESTE,14,2011-06-19,11.68,10153,France,163.51999999999998
543312,81895,PRODUTO TESTE,35,2011-05-16,39.15,10126,United Kingdom,1370.25
540698,45182,PRODUTO TESTE,23,2011-03-10,34.15,10014,United Kingdom,785.4499999999999
542627,82750,PRODUTO TESTE,2,2011-11-21,38.77,10057,United Kingdom,77.54
537164,91189,PRODUTO TESTE,20,2011-10-05,48.39,10035,United Kingdom,967.8
537997,18220,PRODUTO TESTE,15,2011-05-22,29.44,10146,United Kingdom,441.6
543744,50428,PRODUTO TESTE,35,2011-01-22,45.26,10007,United Kingdom,1584.1
540060,30214,PRODUTO TESTE,23,2011-11-05,32.27,10040,United Kingdom,742.21
540919,69082,PRODUTO TESTE,2,2011-09-12,9.5,10119,United Kingdom,19.0
537819,35344,PRODUTO TESTE,10,2011-08-09,34.84,10100,United Kingdom,348.40000000000003
543437,32646,PRODUTO TESTE,3,2011-01-03,48.91,10172,Germany,146.73
542824,41926,PRODUTO TESTE,43,2011-06-22,12.55,10183,United Kingdom,539.65
542154,19804,PRODUTO TESTE,9,2011-03-10,16.99,10026,United Kingdom,152.91
539178,19411,PRODUTO TESTE,29,2011-08-26,41.16,10190,United Kingdom,1193.6399999999999
541788,66591,PRODUTO TESTE,2,2011-12-06,3.61,10122,Germany,7.22
544579,94850,PRODUTO TESTE,19,2011-07-13,31.84,10127,United Kingdom,604.96
541848,55672,PRODUTO TESTE,46,2011-08-09,27.01,10019,United Kingdom,1242.46
540448,93461,PRODUTO TESTE,30,2011-09-01,8.86,10124,United Kingdom,265.79999999999995
538434,23948,PRODUTO TESTE,10,2011-12-06,8.67,10145,Germany,86.7
540705,97590,PRODUTO TESTE,36,2011-01-14,40.6,10116,United Kingdom,1461.6000000000001
539345,62773,PRODUTO TESTE,22,2011-04-24,1.26,10016,United Kingdom,27.72
541501,76934,PRODUTO TESTE,7,2011-04-08,37.47,10104,United Kingdom,262.28999999999996
536410,15581,PRODUTO TESTE,49,2011-09-19,36.77,10187,United Kingdom,1801.7300000000002
537711,64365,PRODUTO TESTE,46,2011-06-13,32.66,10144,Germany,1502.36
543082,44473,PRODUTO TESTE,26,2011-10-09,20.77,10027,United Kingdom,540.02
539896,81325,PRODUTO TESTE,17,2011-12-23,40.19,10191,United Kingdom,683.23
540895,87779,PRODUTO TESTE,23,2011-10-07,6.72,10033,United Kingdom,154.56
539944,90103,PRODUTO TESTE,46,2011-01-07,14.4,10160,United Kingdom,662.4
542827,74859,PRODUTO TESTE,35,2011-12-27,47.37,10081,United Kingdom,1657.9499999999998
538208,32070,PRODUTO TESTE,7,2011-12-14,15.44,10118,United Kingdom,108.08
542825,35461,PRODUTO TESTE,23,2011-01-16,13.13,10089,United Kingdom,301.99
537884,87354,PRODUTO TESTE,4,2011-05-23,48.68,10156,Germany,194.72
539335,64141,PRODUTO TESTE,21,2011-12-21,4.75,10199,United Kingdom,99.75
541290,90257,PRODUTO TESTE,24,2011-11-02,8.45,10159,United Kingdom,202.79999999999998
543973,81551,PRODUTO TESTE,23,2011-06-20,22.2,10186,United Kingdom,510.59999999999997
538092,64618,PRODUTO TESTE,18,2011-07-18,39.49,10189,Germany,710.82
541286,23721,PRODUTO TESTE,19,2011-01-11,44.28,10018,United Kingdom,841.32
536577,98395,PRODUTO TESTE,38,2011-07-26,37.9,10050,United Kingdom,1440.2
536678,31870,PRODUTO TESTE,22,2011-09-01,48.82,10144,United Kingdom,1074.04
542470,23145,PRODUTO TESTE,35,2011-04-22,31.17,10010,Germany,1090.95
539388,16207,PRODUTO TESTE,28,2011-10-30,6.26,10019,United Kingdom,175.28
541606,43752,PRODUTO TESTE,33,2011-06-13,45.56,10104,United Kingdom,1503.48
539422,85909,PRODUTO TESTE,34,2011-04-07,46.8,10123,United Kingdom,1591.1999999999998
538495,87921,PRODUTO TESTE,4,2011-05-17,15.5,10033,United Kingdom,62.0
539881,54183,PRODUTO TESTE,48,2011-06-29,41.47,10034,United Kingdom,1990.56
538806,38319,PRODUTO TESTE,49,2011-04-05,31.7,10025,United Kingdom,1553.3
543335,41180,PRODUTO TESTE,3,2011-07-24,5.47,10112,United Kingdom,16.41
539705,92700,PRODUTO TESTE,7,2011-11-11,30.34,10001,Germany,212.38
538887,14970,PRODUTO TESTE,8,2011-09-29,48.81,10114,United Kingdom,390.48
540825,15170,PRODUTO TESTE,48,2011-03-26,15.75,10095,United Kingdom,756.0
542822,15816,PRODUTO TESTE,46,2011-06-22,0.56,10093,United Kingdom,25.76
538462,89912,PRODUTO TESTE,9,2011-07-18,48.85,10135,United Kingdom,439.65000000000003
544455,18164,PRODUTO TESTE,29,2011-09-06,20.99,10104,United Kingdom,608.7099999999999
540171,94737,PRODUTO TESTE,8,2011-10-04,21.83,10145,Eire,174.64
544615,59350,PRODUTO TESTE,7,2011-04-25,30.42,10184,United Kingdom,212.94
537798,20428,PRODUTO TESTE,41,2011-02-15,5.45,10103,United Kingdom,223.45000000000002
542730,35326,PRODUTO TESTE,38,2011-09-04,41.45,10098,Eire,1575.1000000000001
536059,75479,PRODUTO TESTE,5,2011-11-24,24.43,10047,United Kingdom,122.15
540121,83533,PRODUTO TESTE,26,2011-09-16,33.79,10119,United Kingdom,878.54
544819,91658,PRODUTO TESTE,6,2011-06-08,43.09,10027,United Kingdom,258.54
539729,11747,PRODUTO TESTE,26,2011-10-28,1.38,10186,United Kingdom,35.879999999999995
542156,79930,PRODUTO TESTE,44,2011-07-14,43.04,10169,United Kingdom,1893.76
540727,38963,PRODUTO TESTE,43,2011-07-17,37.71,10023,Germany,1621.53
537932,60195,PRODUTO TESTE,40,2011-11-08,47.37,10157,United Kingdom,1894.8
538859,91556,PRODUTO TESTE,8,2011-03-12,12.06,10023,Germany,96.48
540711,91199,PRODUTO TESTE,5,2011-10-12,16.46,10144,United Kingdom,82.30000000000001
536938,26653,PRODUTO TESTE,3,2011-09-06,33.24,10017,United Kingdom,99.72
539734,52359,PRODUTO TESTE,1,2011-07-13,46.33,10097,Germany,46.33
539733,35561,PRODUTO TESTE,28,2011-01-29,49.64,10131,United Kingdom,1389.92
543514,65336,PRODUTO TESTE,31,2011-10-07,21.13,10145,United Kingdom,655.03
537114,84385,PRODUTO TESTE,43,2011-03-21,27.19,10083,Germany,1169.17
539693,20925,PRODUTO TESTE,9,2011-10-17,34.85,10154,Germany,313.65000000000003
541862,15788,PRODUTO TESTE,35,2011-05-13,41.95,10041,United Kingdom,1468.25
541012,14786,PRODUTO TESTE,32,2011-06-08,40.03,10134,France,1280.96
538698,42977,PRODUTO TESTE,18,2011-01-10,17.62,10146,United Kingdom,317.16
544376,96936,PRODUTO TESTE,3,2011-07-01,48.18,10066,United Kingdom,144.54
538020,32656,PRODUTO TESTE,21,2011-01-22,6.46,10147,France,135.66
536326,46430,PRODUTO TESTE,4,2011-12-27,24.95,10179,United Kingdom,99.8
542751,70749,PRODUTO TESTE,24,2011-08-22,27.95,10163,United Kingdom,670.8
541593,69207,PRODUTO TESTE,44,2011-03-27,27.06,10152,United Kingdom,1190.6399999999999
544014,34303,PRODUTO TESTE,5,2011-10-21,38.02,10126,United Kingdom,190.10000000000002
540119,21440,PRODUTO TESTE,1,2011-01-08,30.68,10054,Germany,30.68
536151,24090,PRODUTO TESTE,35,2011-07-20,4.32,10159,United Kingdom,151.20000000000002
539899,17754,PRODUTO TESTE,49,2011-01-20,26.85,10106,United Kingdom,1315.65
538245,51397,PRODUTO TESTE,37,2011-03-31,34.88,10062,France,1290.5600000000002
544299,68119,PRODUTO TESTE,17,2011-04-18,25.95,10062,Eire,441.15
537066,70763,PRODUTO TESTE,14,2011-09-22,18.1,10031,Eire,253.40000000000003
543927,91811,PRODUTO TESTE,16,2011-11-22,3.03,10192,United Kingdom,48.48
537951,36392,PRODUTO TESTE,16,2011-10-11,39.4,10029,United Kingdom,630.4
537074,68930,PRODUTO TESTE,41,2011-09-28,25.11,10017,United Kingdom,1029.51
538471,89616,PRODUTO TESTE,38,2011-07-26,27.17,10187,United Kingdom,1032.46
537297,12554,PRODUTO TESTE,6,2011-05-16,23.71,10111,United Kingdom,142.26
539611,80302,PRODUTO TESTE,4,2011-04-04,13.63,10087,United Kingdom,54.52
538974,17934,PRODUTO TESTE,24,2011-12-12,14.18,10147,United Kingdom,340.32
540761,59639,PRODUTO TESTE,30,2011-07-10,3.64,10076,United Kingdom,109.2
540833,84766,PRODUTO TESTE,34,2011-07-25,35.53,10025,United Kingdom,1208.02
536008,51328,PRODUTO TESTE,12,2011-01-06,13.96,10145,United Kingdom,167.52
537123,60377,PRODUTO TESTE,21,2011-06-17,15.28,10035,United Kingdom,320.88
537752,62007,PRODUTO TESTE,20,2011-06-30,19.6,10189,United Kingdom,392.0
536842,75848,PRODUTO TESTE,32,2011-08-13,25.78,10187,France,824.96
538831,87325,PRODUTO TESTE,11,2011-10-23,19.63,10072,United Kingdom,215.92999999999998
540947,22145,PRODUTO TESTE,12,2011-01-08,14.86,10156,United Kingdom,178.32
538780,47428,PRODUTO TESTE,20,2011-11-27,0.79,10122,United Kingdom,15.8
538961,86736,PRODUTO TESTE,42,2011-10-26,42.82,10095,United Kingdom,1798.44
540225,44323,PRODUTO TESTE,28,2011-06-03,23.92,10027,United Kingdom,669.76
540935,54045,PRODUTO TESTE,45,2011-10-06,36.13,10075,United Kingdom,1625.8500000000001
537996,94180,PRODUTO TESTE,41,2011-04-23,0.64,10197,Germany,26.240000000000002
536218,95997,PRODUTO TESTE,12,2011-08-20,6.37,10143,United Kingdom,76.44
540433,73877,PRODUTO TESTE,18,2011-11-09,23.17,10169,United Kingdom,417.06000000000006
544472,12764,PRODUTO TESTE,8,2011-08-08,42.42,10190,United Kingdom,339.36
539581,87541,PRODUTO TESTE,49,2011-09-17,4.04,10084,United Kingdom,197.96
536974,44602,PRODUTO TESTE,44,2011-02-22,49.49,10023,United Kingdom,2177.56
542363,35397,PRODUTO TESTE,26,2011-12-07,29.25,10054,United Kingdom,760.5
537141,57359,PRODUTO TESTE,19,2011-03-12,20.05,10170,United Kingdom,380.95
537742,61858,PRODUTO TESTE,36,2011-07-12,1.47,10175,Eire,52.92
537318,58563,PRODUTO TESTE,33,2011-09-07,29.55,10127,Eire,975.15
543952,14971,PRODUTO TESTE,21,2011-11-09,25.0,10024,United Kingdom,525.0
544831,84014,PRODUTO TESTE,40,2011-12-07,11.16,10024,Germany,446.4
541126,40757,PRODUTO TESTE,5,2011-08-07,24.78,10095,United Kingdom,123.9
541558,22699,PRODUTO TESTE,10,2011-07-30,1.13,10117,United Kingdom,11.299999999999999
541492,66022,PRODUTO TESTE,1,2011-07-27,16.94,10137,United Kingdom,16.94
540896,19316,PRODUTO TESTE,5,2011-09-04,24.27,10108,United Kingdom,121.35
544880,94832,PRODUTO TESTE,29,2011-08-25,39.35,10002,United Kingdom,1141.15
542598,64054,PRODUTO TESTE,42,2011-08-05,35.78,10019,United Kingdom,1502.76
536795,99701,PRODUTO TESTE,27,2011-06-10,44.48,10090,United Kingdom,1200.9599999999998
539527,70341,PRODUTO TESTE,19,2011-03-13,47.1,10144,United Kingdom,894.9
544770,10907,PRODUTO TESTE,9,2011-01-20,9.86,10165,United Kingdom,88.74
537836,97530,PRODUTO TESTE,27,2011-05-25,34.5,10059,United Kingdom,931.5
543816,60365,PRODUTO TESTE,2,2011-08-10,2.73,10193,United Kingdom,5.46
541607,20998,PRODUTO TESTE,38,2011-11-25,35.99,10091,Germany,1367.6200000000001
541063,16684,PRODUTO TESTE,17,2011-09-14,0.74,10063,United Kingdom,12.58
539780,58325,PRODUTO TESTE,14,2011-10-21,45.75,10088,United Kingdom,640.5
539455,32173,PRODUTO TESTE,8,2011-12-05,28.49,10060,United Kingdom,227.92
544381,64574,PRODUTO TESTE,34,2011-02-25,49.41,10183,United Kingdom,1679.9399999999998
538765,49199,PRODUTO TESTE,21,2011-08-22,36.96,10147,United Kingdom,776.16
537343,13332,PRODUTO TESTE,38,2011-07-04,40.46,10156,United Kingdom,1537.48
539847,15189,PRODUTO TESTE,26,2011-12-21,41.36,10108,United Kingdom,1075.36
544973,31449,PRODUTO TESTE,47,2011-08-02,1.58,10022,United Kingdom,74.26
540339,60766,PRODUTO TESTE,38,2011-01-06,3.21,10078,United Kingdom,121.98
539412,37051,PRODUTO TESTE,3,2011-03-18,10.32,10199,United Kingdom,30.96
542001,11346,PRODUTO TESTE,1,2011-02-17,32.93,10008,United Kingdom,32.93
541838,92403,PRODUTO TESTE,43,2011-03-15,31.39,10175,United Kingdom,1349.77
538693,72409,PRODUTO TESTE,9,2011-02-04,16.6,10136,United Kingdom,149.4
544711,62526,PRODUTO TESTE,37,2011-10-13,48.66,10056,United Kingdom,1800.4199999999998
541336,31982,PRODUTO TESTE,29,2011-06-30,5.11,10155,United Kingdom,148.19
536518,73738,PRODUTO TESTE,33,2011-09-03,38.95,10167,United Kingdom,1285.3500000000001
539668,95162,PRODUTO TESTE,9,2011-12-31,24.3,10008,United Kingdom,218.70000000000002
544305,70840,PRODUTO TESTE,12,2011-08-25,21.23,10021,United Kingdom,254.76
539540,36615,PRODUTO TESTE,25,2011-06-24,1.77,10133,United Kingdom,44.25
541513,93620,PRODUTO TESTE,12,2011-10-03,38.69,10004,United Kingdom,464.28
542339,11261,PRODUTO TESTE,22,2011-07-04,16.29,10133,United Kingdom,358.38
543850,29915,PRODUTO TESTE,6,2011-10-04,26.09,10027,United Kingdom,156.54
537342,19631,PRODUTO TESTE,10,2011-01-09,30.52,10130,United Kingdom,305.2
540650,67708,PRODUTO TESTE,49,2011-03-01,18.7,10124,United Kingdom,916.3
540800,51292,PRODUTO TESTE,10,2011-02-17,30.97,10018,United Kingdom,309.7
537371,21986,PRODUTO TESTE,44,2011-09-06,21.99,10136,United Kingdom,967.56
542061,94715,PRODUTO TESTE,45,2011-07-09,43.96,10179,United Kingdom,1978.2
537063,59654,PRODUTO TESTE,32,2011-04-26,36.07,10172,United Kingdom,1154.24
540106,32387,PRODUTO TESTE,3,2011-04-24,5.97,10005,United Kingdom,17.91
538972,95125,PRODUTO TESTE,6,2011-08-10,40.08,10049,United Kingdom,240.48
537394,72847,PRODUTO TESTE,46,2011-12-19,17.21,10048,United Kingdom,791.6600000000001
538197,84392,PRODUTO TESTE,22,2011-06-22,30.37,10028,United Kingdom,668.14
538297,15311,PRODUTO TESTE,27,2011-09-02,1.87,10170,United Kingdom,50.49
543689,91609,PRODUTO TESTE,41,2011-01-31,36.85,10155,United Kingdom,1510.8500000000001
543896,45410,PRODUTO TESTE,44,2011-12-12,6.97,10161,Germany,306.68
536310,36413,PRODUTO TESTE,10,2011-01-07,43.92,10039,United Kingdom,439.20000000000005
538500,14814,PRODUTO TESTE,22,2011-05-05,47.44,10002,United Kingdom,1043.6799999999998
542379,93814,PRODUTO TESTE,29,2011-09-22,34.92,10182,United Kingdom,1012.6800000000001
543003,60366,PRODUTO TESTE,48,2011-12-20,26.88,10057,United Kingdom,1290.24
544994,64717,PRODUTO TESTE,25,2011-03-04,30.3,10131,United Kingdom,757.5
540991,86532,PRODUTO TESTE,1,2011-08-30,21.73,10181,United Kingdom,21.73
536067,55756,PRODUTO TESTE,45,2011-03-10,4.64,10007,United Kingdom,208.79999999999998
543862,36087,PRODUTO TESTE,23,2011-01-19,46.48,10001,United Kingdom,1069.04
537449,80054,PRODUTO TESTE,4,2011-06-04,16.79,10001,Germany,67.16
537087,57716,PRODUTO TESTE,5,2011-07-30,15.99,10031,France,79.95
542067,31483,PRODUTO TESTE,6,2011-04-07,9.97,10010,United Kingdom,59.82000000000001
541434,86008,PRODUTO TESTE,34,2011-12-22,49.62,10163,United Kingdom,1687.08
536539,83131,PRODUTO TESTE,47,2011-08-14,47.16,10121,United Kingdom,2216.52
537523,32256,PRODUTO TESTE,19,2011-06-09,17.8,10196,Eire,338.2
538298,92880,PRODUTO TESTE,43,2011-06-19,40.37,10192,United Kingdom,1735.9099999999999
542156,81942,PRODUTO TESTE,29,2011-02-10,21.42,10047,United Kingdom,621.1800000000001
539705,27888,PRODUTO TESTE,26,2011-08-10,48.41,10057,United Kingdom,1258.6599999999999
540274,15072,PRODUTO TESTE,48,2011-06-03,38.09,10048,United Kingdom,1828.3200000000002
539081,56025,PRODUTO TESTE,28,2011-11-29,35.26,10133,United Kingdom,987.28
542275,13306,PRODUTO TESTE,27,2011-08-11,49.37,10160,United Kingdom,1332.99
540629,75341,PRODUTO TESTE,23,2011-04-19,18.98,10193,United Kingdom,436.54
541348,36796,PRODUTO TESTE,25,2011-01-02,44.14,10185,United Kingdom,1103.5
541195,86703,PRODUTO TESTE,16,2011-10-28,20.7,10024,United Kingdom,331.2
537868,89020,PRODUTO TESTE,26,2011-08-17,48.58,10154,United Kingdom,1263.08
544219,63140,PRODUTO TESTE,15,2011-08-17,32.85,10169,United Kingdom,492.75
541068,66425,PRODUTO TESTE,21,2011-04-14,5.28,10139,United Kingdom,110.88000000000001
542462,14688,PRODUTO TESTE,32,2011-03-09,24.21,10163,United Kingdom,774.72
543937,90104,PRODUTO TESTE,35,2011-06-30,2.96,10167,United Kingdom,103.6
544322,71339,PRODUTO TESTE,3,2011-10-04,20.06,10089,United Kingdom,60.17999999999999
542001,44607,PRODUTO TESTE,49,2011-04-19,45.81,10008,United Kingdom,2244.69
540246,55424,PRODUTO TESTE,10,2011-12-30,47.55,10040,United Kingdom,475.5
542640,91075,PRODUTO TESTE,14,2011-03-22,5.45,10022,United Kingdom,76.3
538894,87632,PRODUTO TESTE,12,2011-03-26,33.41,10024,United Kingdom,400.91999999999996
542406,18877,PRODUTO TESTE,14,2011-03-28,48.3,10139,United Kingdom,676.1999999999999
536772,78582,PRODUTO TESTE,12,2011-11-30,32.88,10100,United Kingdom,394.56000000000006
544228,17363,PRODUTO TESTE,18,2011-07-12,45.0,10107,United Kingdom,810.0
538201,43974,PRODUTO TESTE,36,2011-12-02,49.56,10149,United Kingdom,1784.16
541909,50245,PRODUTO TESTE,40,2011-12-12,32.27,10109,United Kingdom,1290.8000000000002
536100,12036,PRODUTO TESTE,14,2011-06-03,39.22,10126,United Kingdom,549.0799999999999
537401,22354,PRODUTO TESTE,9,2011-01-21,2.08,10017,United Kingdom,18.72
544879,89229,PRODUTO TESTE,32,2011-04-21,21.65,10170,United Kingdom,692.8
538002,80771,PRODUTO TESTE,19,2011-05-20,41.3,10031,France,784.6999999999999
537177,61426,PRODUTO TESTE,7,2011-01-01,34.04,10162,United Kingdom,238.28
543333,50424,PRODUTO TESTE,28,2011-12-28,30.91,10146,United Kingdom,865.48
537517,59161,PRODUTO TESTE,40,2011-08-14,4.9,10038,United Kingdom,196.0
541975,79349,PRODUTO TESTE,9,2011-12-12,47.72,10003,United Kingdom,429.48
538552,28387,PRODUTO TESTE,23,2011-07-18,5.49,10054,United Kingdom,126.27000000000001
542699,54190,PRODUTO TESTE,26,2011-09-11,17.68,10019,Eire,459.68
539764,47088,PRODUTO TESTE,21,2011-01-14,31.7,10141,United Kingdom,665.6999999999999
537128,88384,PRODUTO TESTE,19,2011-09-12,17.4,10104,United Kingdom,330.59999999999997
538919,24687,PRODUTO TESTE,9,2011-11-06,34.29,10196,United Kingdom,308.61
540847,19477,PRODUTO TESTE,37,2011-12-02,38.88,10149,United Kingdom,1438.5600000000002
543185,28951,PRODUTO TESTE,23,2011-01-31,41.51,10122,United Kingdom,954.7299999999999
536189,24058,PRODUTO TESTE,6,2011-03-25,9.38,10101,United Kingdom,56.28
544619,86172,PRODUTO TESTE,9,2011-01-18,9.51,10010,United Kingdom,85.59
541846,33453,PRODUTO TESTE,19,2011-12-02,3.09,10014,United Kingdom,58.709999999999994
543877,42622,PRODUTO TESTE,41,2011-04-11,24.8,10123,United Kingdom,1016.8000000000001
544370,33144,PRODUTO TESTE,47,2011-07-13,7.31,10000,United Kingdom,343.57
537382,83324,PRODUTO TESTE,16,2011-06-23,16.27,10008,United Kingdom,260.32
536843,69764,PRODUTO TESTE,16,2011-09-09,42.1,10043,United Kingdom,673.6
542990,52650,PRODUTO TESTE,2,2011-11-23,47.46,10176,United Kingdom,94.92
537690,81900,PRODUTO TESTE,25,2011-04-29,41.19,10091,United Kingdom,1029.75
537331,16369,PRODUTO TESTE,8,2011-10-16,0.53,10141,Germany,4.24
540216,71060,PRODUTO TESTE,40,2011-04-17,28.62,10082,United Kingdom,1144.8
544220,42537,PRODUTO TESTE,24,2011-03-14,8.75,10034,United Kingdom,210.0
543160,44132,PRODUTO TESTE,7,2011-02-08,19.1,10074,United Kingdom,133.70000000000002
540660,24244,PRODUTO TESTE,45,2011-05-16,21.68,10018,United Kingdom,975.6
537768,18736,PRODUTO TESTE,39,2011-07-24,47.18,10154,Eire,1840.02
539027,72421,PRODUTO TESTE,11,2011-10-12,31.87,10036,United Kingdom,350.57
542196,86510,PRODUTO TESTE,1,2011-11-06,13.75,10075,United Kingdom,13.75
537413,92024,PRODUTO TESTE,9,2011-07-12,32.32,10196,United Kingdom,290.88
540719,31920,PRODUTO TESTE,15,2011-05-30,47.62,10118,United Kingdom,714.3
536106,78676,PRODUTO TESTE,17,2011-03-05,3.43,10091,United Kingdom,58.31
538925,20009,PRODUTO TESTE,40,2011-11-30,40.89,10108,United Kingdom,1635.6
538231,80058,PRODUTO TESTE,48,2011-05-25,11.24,10156,United Kingdom,539.52
542129,60955,PRODUTO TESTE,36,2011-10-07,8.08,10050,Germany,290.88
544226,87567,PRODUTO TESTE,41,2011-08-17,44.99,10127,United Kingdom,1844.5900000000001
537318,16082,PRODUTO TESTE,1,2011-12-06,0.59,10174,United Kingdom,0.59
543175,79899,PRODUTO TESTE,3,2011-12-22,37.18,10114,United Kingdom,111.53999999999999
541903,52038,PRODUTO TESTE,44,2011-09-15,4.82,10089,United Kingdom,212.08
544728,61171,PRODUTO TESTE,28,2011-08-30,31.09,10029,United Kingdom,870.52
544203,58504,PRODUTO TESTE,7,2011-02-20,31.23,10049,United Kingdom,218.61
536906,74284,PRODUTO TESTE,38,2011-01-06,43.21,10189,United Kingdom,1641.98
542689,63910,PRODUTO TESTE,4,2011-07-19,41.22,10108,United Kingdom,164.88
541329,47435,PRODUTO TESTE,37,2011-09-15,34.42,10060,United Kingdom,1273.54
537017,49181,PRODUTO TESTE,43,2011-09-30,19.34,10083,Germany,831.62
538314,16370,PRODUTO TESTE,21,2011-04-02,8.74,10115,United Kingdom,183.54
544342,75180,PRODUTO TESTE,31,2011-07-03,31.97,10107,Eire,991.0699999999999
540886,73501,PRODUTO TESTE,35,2011-11-11,25.1,10139,United Kingdom,878.5
539046,61028,PRODUTO TESTE,43,2011-02-04,4.36,10051,United Kingdom,187.48000000000002
538884,74948,PRODUTO TESTE,27,2011-05-21,47.8,10129,United Kingdom,1290.6
543540,34208,PRODUTO TESTE,11,2011-12-11,16.06,10088,United Kingdom,176.66
538551,30134,PRODUTO TESTE,6,2011-03-14,0.61,10188,United Kingdom,3.66
537430,93229,PRODUTO TESTE,14,2011-04-26,45.13,10031,United Kingdom,631.82
544932,86744,PRODUTO TESTE,33,2011-09-09,36.79,10092,United Kingdom,1214.07
537649,14725,PRODUTO TESTE,15,2011-04-04,8.06,10101,United Kingdom,120.9
538297,59391,PRODUTO TESTE,34,2011-10-17,20.53,10138,United Kingdom,698.02
537798,13342,PRODUTO TESTE,12,2011-05-15,12.92,10182,United Kingdom,155.04
541857,97162,PRODUTO TESTE,16,2011-07-29,35.22,10094,United Kingdom,563.52
537153,37823,PRODUTO TESTE,40,2011-10-08,10.85,10023,United Kingdom,434.0
538351,55580,PRODUTO TESTE,27,2011-09-02,1.08,10194,United Kingdom,29.160000000000004
544375,92120,PRODUTO TESTE,41,2011-11-01,14.45,10026,United Kingdom,592.4499999999999
544414,86826,PRODUTO TESTE,39,2011-04-11,12.71,10189,United Kingdom,495.69000000000005
539604,98558,PRODUTO TESTE,42,2011-11-24,28.7,10018,United Kingdom,1205.3999999999999
537748,94179,PRODUTO TESTE,42,2011-06-29,28.62,10122,United Kingdom,1202.04
541885,95840,PRODUTO TESTE,31,2011-06-26,11.66,10085,United Kingdom,361.46
542120,11756,PRODUTO TESTE,40,2011-06-13,21.56,10157,United Kingdom,862.4
542390,68864,PRODUTO TESTE,22,2011-06-08,44.47,10122,United Kingdom,978.3399999999999
537961,40056,PRODUTO TESTE,3,2011-09-30,36.1,10080,United Kingdom,108.30000000000001
542445,54538,PRODUTO TESTE,3,2011-03-13,32.73,10126,United Kingdom,98.19
541507,25095,PRODUTO TESTE,1,2011-11-22,14.43,10194,United Kingdom,14.43
543875,70810,PRODUTO TESTE,39,2011-11-24,6.67,10082,United Kingdom,260.13
537569,85129,PRODUTO TESTE,24,2011-03-07,37.77,10030,United Kingdom,906.48
541522,47063,PRODUTO TESTE,6,2011-12-22,28.61,10081,United Kingdom,171.66
543466,72839,PRODUTO TESTE,1,2011-04-06,31.33,10168,United Kingdom,31.33
542694,77453,PRODUTO TESTE,9,2011-05-26,17.74,10189,United Kingdom,159.66
536895,17402,PRODUTO TESTE,36,2011-10-18,40.14,10117,United Kingdom,1445.04
542462,89208,PRODUTO TESTE,44,2011-11-05,28.17,10120,United Kingdom,1239.48
541456,44020,PRODUTO TESTE,28,2011-08-24,12.15,10063,United Kingdom,340.2
537732,55433,PRODUTO TESTE,49,2011-10-24,3.12,10184,United Kingdom,152.88
536597,82286,PRODUTO TESTE,16,2011-04-06,30.99,10007,United Kingdom,495.84
542709,12686,PRODUTO TESTE,13,2011-11-17,15.23,10059,United Kingdom,197.99
538171,95088,PRODUTO TESTE,33,2011-08-20,34.93,10083,United Kingdom,1152.69
540477,65299,PRODUTO TESTE,2,2011-02-18,35.19,10095,United Kingdom,70.38
536546,97762,PRODUTO TESTE,45,2011-02-16,23.05,10094,Eire,1037.25
544671,59605,PRODUTO TESTE,37,2011-04-08,27.05,10029,Eire,1000.85
544384,62413,PRODUTO TESTE,5,2011-04-14,23.7,10019,United Kingdom,118.5
537443,61428,PRODUTO TESTE,29,2011-12-29,43.93,10114,United Kingdom,1273.97
537852,92860,PRODUTO TESTE,35,2011-03-29,4.26,10070,United Kingdom,149.1
541493,61816,PRODUTO TESTE,6,2011-08-21,49.0,10113,United Kingdom,294.0
541440,46564,PRODUTO TESTE,36,2011-12-23,2.16,10117,United Kingdom,77.76
543117,25844,PRODUTO TESTE,21,2011-04-03,10.8,10140,United Kingdom,226.8
544352,39339,PRODUTO TESTE,32,2011-09-12,35.56,10109,United Kingdom,1137.92
543396,62345,PRODUTO TESTE,18,2011-06-14,4.71,10129,United Kingdom,84.78
537261,43206,PRODUTO TESTE,19,2011-04-15,13.48,10117,United Kingdom,256.12
538785,42648,PRODUTO TESTE,16,2011-12-13,8.12,10130,United Kingdom,129.92
544224,11309,PRODUTO TESTE,3,2011-08-28,36.32,10123,United Kingdom,108.96000000000001
540940,94815,PRODUTO TESTE,5,2011-06-10,29.16,10063,United Kingdom,145.8
543803,85301,PRODUTO TESTE,4,2011-10-24,3.69,10049,France,14.76
541067,32967,PRODUTO TESTE,39,2011-11-25,23.28,10157,United Kingdom,907.9200000000001
536447,22367,PRODUTO TESTE,18,2011-10-13,10.82,10068,United Kingdom,194.76
540255,85145,PRODUTO TESTE,15,2011-11-14,48.4,10109,United Kingdom,726.0
543421,85299,PRODUTO TESTE,42,2011-04-28,5.84,10039,Eire,245.28
541896,90716,PRODUTO TESTE,43,2011-05-06,30.1,10086,Germany,1294.3
537195,59266,PRODUTO TESTE,7,2011-03-26,24.35,10105,United Kingdom,170.45000000000002
537890,76227,PRODUTO TESTE,14,2011-09-12,29.12,10125,United Kingdom,407.68
543689,75659,PRODUTO TESTE,17,2011-10-21,47.85,10105,United Kingdom,813.45
544813,29320,PRODUTO TESTE,41,2011-08-30,17.39,10072,United Kingdom,712.99
542776,57156,PRODUTO TESTE,31,2011-08-07,37.56,10192,Germany,1164.3600000000001
536882,33432,PRODUTO TESTE,24,2011-10-09,22.65,10102,United Kingdom,543.5999999999999
541572,77847,PRODUTO TESTE,7,2011-03-08,33.21,10161,United Kingdom,232.47
543462,97399,PRODUTO TESTE,16,2011-05-14,18.6,10147,United Kingdom,297.6
541346,16824,PRODUTO TESTE,33,2011-01-20,4.64,10177,United Kingdom,153.11999999999998
540206,33778,PRODUTO TESTE,45,2011-11-29,5.54,10025,United Kingdom,249.3
538203,20537,PRODUTO TESTE,38,2011-03-04,47.99,10184,United Kingdom,1823.6200000000001
538526,10811,PRODUTO TESTE,12,2011-10-15,39.53,10170,United Kingdom,474.36
542711,98070,PRODUTO TESTE,21,2011-08-14,12.63,10100,Germany,265.23
536628,62419,PRODUTO TESTE,47,2011-11-06,26.69,10146,United Kingdom,1254.43
536760,79919,PRODUTO TESTE,18,2011-10-10,35.85,10104,Germany,645.3000000000001
539569,60952,PRODUTO TESTE,41,2011-07-08,17.95,10053,United Kingdom,735.9499999999999
542969,77173,PRODUTO TESTE,26,2011-10-03,22.28,10159,United Kingdom,579.28
541913,71753,PRODUTO TESTE,22,2011-05-07,36.06,10049,United Kingdom,793.32
541309,24418,PRODUTO TESTE,27,2011-08-02,11.76,10062,United Kingdom,317.52
540807,23537,PRODUTO TESTE,7,2011-11-30,26.55,10103,United Kingdom,185.85
536996,54004,PRODUTO TESTE,18,2011-01-31,10.9,10167,United Kingdom,196.20000000000002
538986,43393,PRODUTO TESTE,11,2011-05-10,0.65,10076,United Kingdom,7.15
536715,85667,PRODUTO TESTE,36,2011-01-07,34.67,10098,United Kingdom,1248.1200000000001
542823,37557,PRODUTO TESTE,28,2011-07-15,35.51,10008,United Kingdom,994.28
542757,39598,PRODUTO TESTE,16,2011-10-13,49.79,10023,France,796.64
538322,57609,PRODUTO TESTE,40,2011-01-15,9.46,10011,Eire,378.40000000000003
538636,27348,PRODUTO TESTE,19,2011-07-20,37.11,10014,Germany,705.09
538857,87260,PRODUTO TESTE,47,2011-06-01,47.42,10173,United Kingdom,2228.7400000000002
544003,10985,PRODUTO TESTE,28,2011-10-13,32.41,10168,Germany,907.4799999999999
540396,86278,PRODUTO TESTE,43,2011-03-22,48.18,10164,United Kingdom,2071.74
542858,66028,PRODUTO TESTE,49,2011-03-01,49.72,10011,Germany,2436.2799999999997
540039,89911,PRODUTO TESTE,12,2011-02-04,40.18,10015,United Kingdom,482.15999999999997
542283,36442,PRODUTO TESTE,9,2011-05-29,49.96,10056,United Kingdom,449.64
540754,91024,PRODUTO TESTE,40,2011-06-27,31.48,10113,France,1259.2
538507,87729,PRODUTO TESTE,7,2011-12-02,25.1,10066,United Kingdom,175.70000000000002
543886,51104,PRODUTO TESTE,36,2011-06-20,45.92,10097,United Kingdom,1653.1200000000001
542380,35516,PRODUTO TESTE,4,2011-03-04,41.63,10034,United Kingdom,166.52
542924,27737,PRODUTO TESTE,42,2011-09-13,5.95,10146,United Kingdom,249.9
544533,23641,PRODUTO TESTE,32,2011-01-23,15.48,10062,United Kingdom,495.36
538238,62479,PRODUTO TESTE,23,2011-05-07,13.4,10013,Eire,308.2
536824,96439,PRODUTO TESTE,19,2011-08-27,42.84,10148,Germany,813.96
541240,60913,PRODUTO TESTE,30,2011-04-03,12.05,10180,France,361.5
538935,96828,PRODUTO TESTE,16,2011-08-06,15.55,10002,United Kingdom,248.8
539921,78015,PRODUTO TESTE,16,2011-06-15,26.18,10087,United Kingdom,418.88
538112,71651,PRODUTO TESTE,6,2011-12-14,4.27,10165,United Kingdom,25.619999999999997
539586,75246,PRODUTO TESTE,3,2011-04-15,48.08,10141,United Kingdom,144.24
539539,93553,PRODUTO TESTE,44,2011-11-27,24.81,10171,United Kingdom,1091.6399999999999
539155,87226,PRODUTO TESTE,36,2011-08-17,9.93,10083,United Kingdom,357.48
542680,24564,PRODUTO TESTE,19,2011-10-01,13.91,10074,Eire,264.29
541333,62643,PRODUTO TESTE,40,2011-03-03,40.01,10141,United Kingdom,1600.3999999999999
540268,51430,PRODUTO TESTE,28,2011-01-07,31.88,10030,United Kingdom,892.64
537014,89127,PRODUTO TESTE,27,2011-09-24,23.5,10047,United Kingdom,634.5
541136,28374,PRODUTO TESTE,1,2011-06-25,16.91,10120,United Kingdom,16.91
537575,83796,PRODUTO TESTE,24,2011-04-23,45.08,10133,United Kingdom,1081.92
539734,93902,PRODUTO TESTE,32,2011-04-30,36.05,10101,United Kingdom,1153.6
539505,41046,PRODUTO TESTE,23,2011-09-22,49.07,10100,United Kingdom,1128.61
538402,86042,PRODUTO TESTE,15,2011-12-18,35.65,10191,United Kingdom,534.75
543647,26867,PRODUTO TESTE,2,2011-11-25,21.47,10015,United Kingdom,42.94
543737,10374,PRODUTO TESTE,21,2011-08-27,48.05,10199,United Kingdom,1009.05
536041,55613,PRODUTO TESTE,6,2011-02-10,44.84,10089,United Kingdom,269.04
541421,45054,PRODUTO TESTE,8,2011-02-09,37.13,10154,United Kingdom,297.04
541764,21316,PRODUTO TESTE,43,2011-09-10,38.47,10084,United Kingdom,1654.21
539401,99465,PRODUTO TESTE,14,2011-07-05,21.47,10062,Germany,300.58
540222,13515,PRODUTO TESTE,17,2011-02-18,25.61,10154,United Kingdom,435.37
539401,33491,PRODUTO TESTE,11,2011-12-10,29.97,10028,United Kingdom,329.66999999999996
536580,36657,PRODUTO TESTE,14,2011-01-24,18.81,10141,United Kingdom,263.34
539352,28998,PRODUTO TESTE,34,2011-10-29,17.7,10150,United Kingdom,601.8
538285,45009,PRODUTO TESTE,1,2011-05-06,47.44,10077,Germany,47.44
539444,70062,PRODUTO TESTE,46,2011-05-26,8.66,10185,United Kingdom,398.36
538070,39030,PRODUTO TESTE,2,2011-09-19,41.58,10128,United Kingdom,83.16
537348,74948,PRODUTO TESTE,30,2011-04-01,14.43,10066,United Kingdom,432.9
537159,80668,PRODUTO TESTE,40,2011-12-18,2.5,10134,France,100.0
542354,50003,PRODUTO TESTE,33,2011-05-08,21.74,10041,United Kingdom,717.42
542458,42901,PRODUTO TESTE,41,2011-03-03,23.0,10151,United Kingdom,943.0
541560,55617,PRODUTO TESTE,46,2011-09-09,16.35,10105,United Kingdom,752.1
544203,71790,PRODUTO TESTE,40,2011-03-21,33.6,10093,United Kingdom,1344.0
536044,51805,PRODUTO TESTE,29,2011-10-11,24.52,10032,United Kingdom,711.08
538714,91552,PRODUTO TESTE,41,2011-01-26,4.17,10142,United Kingdom,170.97
541192,36642,PRODUTO TESTE,30,2011-05-28,5.55,10083,United Kingdom,166.5
541719,12518,PRODUTO TESTE,49,2011-12-16,3.61,10167,Germany,176.89
544081,45328,PRODUTO TESTE,15,2011-07-10,10.81,10184,United Kingdom,162.15
539417,14898,PRODUTO TESTE,48,2011-12-04,35.18,10197,United Kingdom,1688.6399999999999
538123,13218,PRODUTO TESTE,22,2011-04-01,34.95,10191,United Kingdom,768.9000000000001
544318,43402,PRODUTO TESTE,20,2011-06-22,43.14,10111,United Kingdom,862.8
542056,36129,PRODUTO TESTE,11,2011-10-25,37.94,10040,United Kingdom,417.34
540004,75713,PRODUTO TESTE,43,2011-12-05,15.97,10160,United Kingdom,686.71
540026,81174,PRODUTO TESTE,34,2011-10-10,0.79,10198,United Kingdom,26.86
539501,59091,PRODUTO TESTE,17,2011-09-05,32.53,10130,United Kingdom,553.01
542745,19913,PRODUTO TESTE,47,2011-03-30,14.84,10028,United Kingdom,697.48
537895,86589,PRODUTO TESTE,5,2011-10-26,12.88,10100,United Kingdom,64.4
544778,54534,PRODUTO TESTE,37,2011-11-04,48.75,10089,United Kingdom,1803.75
537583,48616,PRODUTO TESTE,19,2011-04-17,9.12,10168,United Kingdom,173.27999999999997
540148,64412,PRODUTO TESTE,29,2011-08-03,2.11,10078,United Kingdom,61.19
541782,53306,PRODUTO TESTE,28,2011-05-24,15.65,10016,United Kingdom,438.2
542126,64518,PRODUTO TESTE,32,2011-02-24,19.97,10167,United Kingdom,639.04
544267,72780,PRODUTO TESTE,48,2011-07-23,4.51,10151,United Kingdom,216.48
543102,55014,PRODUTO TESTE,14,2011-07-20,20.5,10008,United Kingdom,287.0
543979,18682,PRODUTO TESTE,3,2011-12-04,23.95,10093,United Kingdom,71.85
540390,17457,PRODUTO TESTE,11,2011-03-13,15.72,10183,United Kingdom,172.92000000000002
536877,56397,PRODUTO TESTE,40,2011-03-20,18.62,10030,United Kingdom,744.8000000000001
543424,84504,PRODUTO TESTE,5,2011-03-20,30.76,10061,United Kingdom,153.8
541836,56112,PRODUTO TESTE,2,2011-12-05,13.1,10036,Eire,26.2
543045,60613,PRODUTO TESTE,16,2011-01-12,34.96,10181,United Kingdom,559.36
541466,94880,PRODUTO TESTE,28,2011-02-28,43.54,10188,United Kingdom,1219.12
541531,25026,PRODUTO TESTE,10,2011-10-08,45.13,10008,United Kingdom,451.3
543784,50094,PRODUTO TESTE,22,2011-07-31,42.15,10126,United Kingdom,927.3
540459,67451,PRODUTO TESTE,8,2011-12-02,26.76,10046,United Kingdom,214.08
540151,45393,PRODUTO TESTE,39,2011-03-16,39.55,10038,United Kingdom,1542.4499999999998
537780,70268,PRODUTO TESTE,6,2011-07-22,1.66,10038,United Kingdom,9.959999999999999
537364,76700,PRODUTO TESTE,26,2011-01-27,20.9,10098,United Kingdom,543.4
543593,68963,PRODUTO TESTE,41,2011-12-02,10.6,10199,United Kingdom,434.59999999999997
537940,69683,PRODUTO TESTE,17,2011-10-21,49.84,10117,United Kingdom,847.2800000000001
538429,39737,PRODUTO TESTE,25,2011-11-04,40.21,10098,United Kingdom,1005.25
538074,11498,PRODUTO TESTE,9,2011-06-13,15.15,10002,United Kingdom,136.35
541380,99008,PRODUTO TESTE,11,2011-05-03,47.63,10016,United Kingdom,523.9300000000001
543221,28403,PRODUTO TESTE,45,2011-12-12,1.95,10053,United Kingdom,87.75
539977,84589,PRODUTO TESTE,46,2011-07-09,9.81,10048,United Kingdom,451.26000000000005
537248,58659,PRODUTO TESTE,9,2011-03-24,31.04,10168,United Kingdom,279.36
538200,58557,PRODUTO TESTE,27,2011-10-23,39.75,10168,United Kingdom,1073.25
537481,11888,PRODUTO TESTE,24,2011-09-19,44.24,10170,United Kingdom,1061.76
543945,99144,PRODUTO TESTE,47,2011-03-12,15.38,10127,United Kingdom,722.86
538875,57568,PRODUTO TESTE,47,2011-09-05,19.84,10111,United Kingdom,932.48
539365,84707,PRODUTO TESTE,14,2011-08-18,23.01,10129,United Kingdom,322.14000000000004
539687,63194,PRODUTO TESTE,37,2011-03-05,10.36,10152,United Kingdom,383.32
541861,26660,PRODUTO TESTE,35,2011-09-21,20.76,10122,United Kingdom,726.6
537637,62276,PRODUTO TESTE,40,2011-10-31,35.67,10011,United Kingdom,1426.8000000000002
537286,65471,PRODUTO TESTE,2,2011-12-08,43.61,10144,France,87.22
536591,38933,PRODUTO TESTE,4,2011-04-08,9.04,10148,United Kingdom,36.16
540036,94667,PRODUTO TESTE,29,2011-12-08,47.22,10107,United Kingdom,1369.3799999999999
536146,54282,PRODUTO TESTE,31,2011-07-27,18.61,10067,United Kingdom,576.91
540780,85473,PRODUTO TESTE,43,2011-07-07,10.37,10186,United Kingdom,445.90999999999997
544676,16964,PRODUTO TESTE,3,2011-07-07,49.76,10168,United Kingdom,149.28
536622,46320,PRODUTO TESTE,35,2011-08-16,36.1,10066,United Kingdom,1263.5
543341,53139,PRODUTO TESTE,25,2011-06-04,11.29,10096,United Kingdom,282.25
540852,79561,PRODUTO TESTE,46,2011-05-24,5.02,10106,United Kingdom,230.92
542512,80900,PRODUTO TESTE,8,2011-05-27,10.36,10153,United Kingdom,82.88
536868,81722,PRODUTO TESTE,7,2011-08-28,12.76,10137,France,89.32
536102,54243,PRODUTO TESTE,33,2011-07-22,11.87,10073,United Kingdom,391.71
544161,12439,PRODUTO TESTE,42,2011-09-05,6.28,10100,United Kingdom,263.76
539037,37291,PRODUTO TESTE,22,2011-10-10,24.57,10181,United Kingdom,540.54
536063,52068,PRODUTO TESTE,34,2011-05-24,23.04,10060,United Kingdom,783.36
541498,71392,PRODUTO TESTE,37,2011-06-03,41.55,10117,United Kingdom,1537.35
536786,79886,PRODUTO TESTE,46,2011-01-21,13.07,10024,United Kingdom,601.22
541479,17740,PRODUTO TESTE,34,2011-04-06,44.41,10170,United Kingdom,1509.9399999999998
542958,79048,PRODUTO TESTE,45,2011-09-27,45.45,10076,United Kingdom,2045.2500000000002
538405,43836,PRODUTO TESTE,49,2011-02-01,48.01,10068,France,2352.49
538148,47598,PRODUTO TESTE,46,2011-03-23,9.46,10116,United Kingdom,435.16
537997,21981,PRODUTO TESTE,19,2011-10-11,12.66,10099,United Kingdom,240.54
538023,74510,PRODUTO TESTE,17,2011-11-15,31.38,10169,United Kingdom,533.46
537025,52833,PRODUTO TESTE,18,2011-06-01,7.47,10106,United Kingdom,134.46
538247,19349,PRODUTO TESTE,47,2011-05-29,4.74,10103,Germany,222.78
541933,22736,PRODUTO TESTE,10,2011-07-05,4.15,10020,United Kingdom,41.5
538722,74932,PRODUTO TESTE,36,2011-10-09,30.5,10004,United Kingdom,1098.0
543028,19813,PRODUTO TESTE,29,2011-06-21,40.33,10079,United Kingdom,1169.57
542848,72801,PRODUTO TESTE,21,2011-06-07,46.71,10183,United Kingdom,980.91
540855,92079,PRODUTO TESTE,5,2011-04-03,39.7,10125,Eire,198.5
538846,24219,PRODUTO TESTE,35,2011-09-07,4.33,10126,United Kingdom,151.55
544369,36628,PRODUTO TESTE,19,2011-02-22,20.66,10078,United Kingdom,392.54
537847,23931,PRODUTO TESTE,14,2011-08-11,3.87,10035,United Kingdom,54.18
540082,63326,PRODUTO TESTE,2,2011-12-21,37.27,10067,Eire,74.54
542710,98496,PRODUTO TESTE,37,2011-08-22,34.48,10063,United Kingdom,1275.76
540921,13923,PRODUTO TESTE,42,2011-02-20,34.29,10038,United Kingdom,1440.18
543195,73529,PRODUTO TESTE,11,2011-12-16,14.62,10051,United Kingdom,160.82
544271,12969,PRODUTO TESTE,40,2011-07-29,46.71,10004,United Kingdom,1868.4
539515,19813,PRODUTO TESTE,25,2011-08-10,46.18,10121,United Kingdom,1154.5
543873,48829,PRODUTO TESTE,14,2011-01-24,37.1,10185,United Kingdom,519.4
537527,43011,PRODUTO TESTE,19,2011-03-10,23.71,10138,United Kingdom,450.49
544244,42858,PRODUTO TESTE,32,2011-10-22,2.83,10089,United Kingdom,90.56
537601,16108,PRODUTO TESTE,45,2011-06-20,1.9,10084,United Kingdom,85.5
543652,59015,PRODUTO TESTE,22,2011-08-13,7.34,10061,United Kingdom,161.48
539512,40662,PRODUTO TESTE,14,2011-12-27,29.99,10028,United Kingdom,419.85999999999996
544681,99412,PRODUTO TESTE,36,2011-06-06,40.01,10119,United Kingdom,1440.36
537162,81056,PRODUTO TESTE,23,2011-05-20,47.45,10113,United Kingdom,1091.3500000000001
540189,49123,PRODUTO TESTE,16,2011-10-20,9.18,10001,United Kingdom,146.88
544116,78890,PRODUTO TESTE,20,2011-01-25,14.14,10083,United Kingdom,282.8
536427,61844,PRODUTO TESTE,24,2011-06-16,3.18,10055,United Kingdom,76.32000000000001
538385,54582,PRODUTO TESTE,2,2011-11-09,49.46,10034,United Kingdom,98.92
538891,62870,PRODUTO TESTE,31,2011-04-21,24.3,10105,United Kingdom,753.3000000000001
539512,53485,PRODUTO TESTE,4,2011-06-22,28.99,10126,United Kingdom,115.96
541570,60999,PRODUTO TESTE,24,2011-01-28,28.33,10142,United Kingdom,679.92
538319,80300,PRODUTO TESTE,37,2011-01-26,13.09,10196,United Kingdom,484.33
537428,76734,PRODUTO TESTE,6,2011-04-02,9.68,10160,United Kingdom,58.08
537529,59378,PRODUTO TESTE,15,2011-11-24,15.2,10124,Eire,228.0
544445,25908,PRODUTO TESTE,48,2011-03-22,12.73,10175,United Kingdom,611.04
537992,48757,PRODUTO TESTE,36,2011-06-05,15.76,10196,United Kingdom,567.36
537758,93924,PRODUTO TESTE,4,2011-10-05,36.58,10152,United Kingdom,146.32
536487,91757,PRODUTO TESTE,44,2011-05-01,28.61,10130,United Kingdom,1258.84
544634,10063,PRODUTO TESTE,17,2011-11-16,26.85,10180,United Kingdom,456.45000000000005
542847,91083,PRODUTO TESTE,34,2011-10-16,16.46,10144,United Kingdom,559.64
538615,91644,PRODUTO TESTE,3,2011-10-31,31.95,10056,United Kingdom,95.85
541768,54791,PRODUTO TESTE,14,2011-06-07,0.5,10192,United Kingdom,7.0
536538,34348,PRODUTO TESTE,22,2011-09-01,36.98,10124,United Kingdom,813.56
542084,64608,PRODUTO TESTE,35,2011-02-13,25.38,10156,United Kingdom,888.3
541216,89475,PRODUTO TESTE,18,2011-07-01,10.82,10092,United Kingdom,194.76
538983,50504,PRODUTO TESTE,42,2011-05-17,0.57,10173,United Kingdom,23.939999999999998
542394,98682,PRODUTO TESTE,21,2011-12-15,35.49,10014,United Kingdom,745.2900000000001
541817,33482,PRODUTO TESTE,13,2011-12-07,33.3,10022,United Kingdom,432.9
539950,86772,PRODUTO TESTE,13,2011-10-13,33.44,10101,United Kingdom,434.71999999999997
537680,15940,PRODUTO TESTE,39,2011-12-13,22.15,10146,United Kingdom,863.8499999999999
536212,85548,PRODUTO TESTE,31,2011-12-23,32.15,10161,United Kingdom,996.65
544439,95060,PRODUTO TESTE,1,2011-10-08,28.78,10088,United Kingdom,28.78
538532,73228,PRODUTO TESTE,36,2011-08-05,12.33,10129,United Kingdom,443.88
538716,66148,PRODUTO TESTE,17,2011-03-16,26.18,10110,United Kingdom,445.06
542129,47032,PRODUTO TESTE,14,2011-10-25,25.97,10192,United Kingdom,363.58
539381,21395,PRODUTO TESTE,49,2011-03-09,21.96,10083,United Kingdom,1076.04
541358,21804,PRODUTO TESTE,49,2011-02-11,49.23,10021,United Kingdom,2412.27
536042,57099,PRODUTO TESTE,22,2011-07-06,12.49,10030,United Kingdom,274.78000000000003
540277,47846,PRODUTO TESTE,22,2011-01-17,7.33,10164,Germany,161.26
541692,30793,PRODUTO TESTE,40,2011-05-19,42.74,10146,United Kingdom,1709.6000000000001
537363,41750,PRODUTO TESTE,27,2011-03-24,9.57,10194,United Kingdom,258.39
537435,54816,PRODUTO TESTE,24,2011-04-21,21.57,10149,United Kingdom,517.6800000000001
542861,29241,PRODUTO TESTE,1,2011-03-08,49.2,10127,United Kingdom,49.2
542059,94260,PRODUTO TESTE,47,2011-09-05,5.3,10069,United Kingdom,249.1
543300,90743,PRODUTO TESTE,15,2011-06-22,42.07,10000,United Kingdom,631.05
538435,88844,PRODUTO TESTE,24,2011-12-17,24.99,10024,United Kingdom,599.76
544978,10134,PRODUTO TESTE,44,2011-01-04,5.99,10059,United Kingdom,263.56
538455,54558,PRODUTO TESTE,29,2011-10-11,47.65,10008,United Kingdom,1381.85
541858,81557,PRODUTO TESTE,35,2011-11-29,27.69,10101,United Kingdom,969.1500000000001
537459,41388,PRODUTO TESTE,5,2011-06-27,44.09,10155,United Kingdom,220.45000000000002
544266,30842,PRODUTO TESTE,20,2011-09-13,43.52,10192,United Kingdom,870.4000000000001
538991,65051,PRODUTO TESTE,24,2011-06-10,1.22,10097,United Kingdom,29.28
543222,10224,PRODUTO TESTE,4,2011-08-06,13.61,10175,United Kingdom,54.44
538981,65102,PRODUTO TESTE,16,2011-11-28,17.18,10197,United Kingdom,274.88
543117,50632,PRODUTO TESTE,40,2011-07-13,26.98,10171,France,1079.2
540087,71538,PRODUTO TESTE,46,2011-07-31,4.06,10092,Eire,186.76
536562,71456,PRODUTO TESTE,40,2011-12-27,19.75,10065,United Kingdom,790.0
537713,58203,PRODUTO TESTE,46,2011-07-01,40.82,10195,United Kingdom,1877.72
542150,62537,PRODUTO TESTE,49,2011-03-05,9.07,10048,United Kingdom,444.43
537737,12407,PRODUTO TESTE,5,2011-09-07,35.21,10082,United Kingdom,176.05
538477,98318,PRODUTO TESTE,42,2011-09-10,23.29,10014,United Kingdom,978.18
540875,16844,PRODUTO TESTE,29,2011-03-28,4.0,10158,United Kingdom,116.0
538277,97898,PRODUTO TESTE,42,2011-09-23,9.28,10129,France,389.76
537159,97638,PRODUTO TESTE,30,2011-01-24,7.48,10016,France,224.4
541618,74614,PRODUTO TESTE,1,2011-04-27,31.18,10044,United Kingdom,31.18
542200,77160,PRODUTO TESTE,25,2011-11-09,4.82,10111,United Kingdom,120.5
542597,12697,PRODUTO TESTE,36,2011-08-14,41.24,10108,United Kingdom,1484.64
544495,95341,PRODUTO TESTE,1,2011-08-10,40.43,10160,United Kingdom,40.43
537120,57551,PRODUTO TESTE,22,2011-08-15,4.46,10053,Germany,98.12
539841,40556,PRODUTO TESTE,30,2011-03-02,44.47,10184,United Kingdom,1334.1
538105,70283,PRODUTO TESTE,20,2011-12-17,47.98,10088,United Kingdom,959.5999999999999
544109,58144,PRODUTO TESTE,38,2011-04-19,2.65,10164,United Kingdom,100.7
540858,42543,PRODUTO TESTE,1,2011-10-15,47.54,10047,United Kingdom,47.54
536884,38975,PRODUTO TESTE,13,2011-12-28,14.33,10007,United Kingdom,186.29
542229,20633,PRODUTO TESTE,47,2011-03-29,33.41,10011,United Kingdom,1570.2699999999998
536386,91803,PRODUTO TESTE,23,2011-08-20,9.15,10074,United Kingdom,210.45000000000002
538467,69922,PRODUTO TESTE,4,2011-01-16,40.96,10190,United Kingdom,163.84
542492,35895,PRODUTO TESTE,1,2011-08-21,42.17,10009,United Kingdom,42.17
540554,75082,PRODUTO TESTE,27,2011-06-10,48.93,10073,United Kingdom,1321.11
542849,72442,PRODUTO TESTE,46,2011-01-27,49.63,10021,United Kingdom,2282.98
543587,25754,PRODUTO TESTE,1,2011-12-20,33.07,10135,United Kingdom,33.07
541063,30776,PRODUTO TESTE,15,2011-01-31,14.02,10152,United Kingdom,210.29999999999998
536511,19472,PRODUTO TESTE,6,2011-11-22,6.72,10142,United Kingdom,40.32
536641,84064,PRODUTO TESTE,1,2011-11-04,7.87,10131,United Kingdom,7.87
542992,24006,PRODUTO TESTE,11,2011-07-19,46.85,10154,United Kingdom,515.35
536347,83020,PRODUTO TESTE,30,2011-11-26,34.34,10001,United Kingdom,1030.2
539388,57650,PRODUTO TESTE,40,2011-04-23,3.0,10173,United Kingdom,120.0
536144,20512,PRODUTO TESTE,11,2011-09-20,49.22,10147,United Kingdom,541.42
538730,86007,PRODUTO TESTE,33,2011-09-12,40.49,10147,United Kingdom,1336.17
541356,25614,PRODUTO TESTE,40,2011-07-31,15.8,10078,United Kingdom,632.0
540194,11264,PRODUTO TESTE,41,2011-11-16,36.47,10076,United Kingdom,1495.27
544964,66040,PRODUTO TESTE,5,2011-10-14,33.96,10009,United Kingdom,169.8
536634,38230,PRODUTO TESTE,32,2011-08-03,23.42,10181,United Kingdom,749.44
536572,58023,PRODUTO TESTE,36,2011-12-23,25.86,10046,Eire,930.96
538441,85570,PRODUTO TESTE,41,2011-07-22,2.64,10020,United Kingdom,108.24000000000001
543443,80818,PRODUTO TESTE,17,2011-08-21,25.28,10124,Germany,429.76
539652,35328,PRODUTO TESTE,31,2011-03-10,17.34,10046,United Kingdom,537.54
536304,35526,PRODUTO TESTE,19,2011-11-27,13.85,10088,Germany,263.15
542615,82844,PRODUTO TESTE,48,2011-07-01,32.62,10000,Eire,1565.7599999999998
536606,56384,PRODUTO TESTE,3,2011-07-06,21.75,10190,United Kingdom,65.25
542405,78253,PRODUTO TESTE,3,2011-10-25,21.58,10102,United Kingdom,64.74
537331,54523,PRODUTO TESTE,33,2011-04-30,8.38,10052,United Kingdom,276.54
543725,57658,PRODUTO TESTE,23,2011-04-07,48.11,10135,United Kingdom,1106.53
538665,15825,PRODUTO TESTE,20,2011-01-04,11.58,10106,United Kingdom,231.6
537654,12068,PRODUTO TESTE,8,2011-03-26,20.6,10005,Eire,164.8
539030,73303,PRODUTO TESTE,4,2011-07-06,9.92,10151,United Kingdom,39.68
536007,28197,PRODUTO TESTE,35,2011-09-22,35.31,10080,United Kingdom,1235.8500000000001
537486,42459,PRODUTO TESTE,14,2011-05-01,22.09,10139,United Kingdom,309.26
541386,43273,PRODUTO TESTE,37,2011-06-12,20.98,10179,United Kingdom,776.26
538707,66982,PRODUTO TESTE,19,2011-03-22,43.82,10122,United Kingdom,832.58
539184,94709,PRODUTO TESTE,16,2011-10-26,38.09,10134,United Kingdom,609.44
543265,78196,PRODUTO TESTE,7,2011-07-11,26.23,10050,United Kingdom,183.61
537114,67463,PRODUTO TESTE,31,2011-02-22,23.7,10047,United Kingdom,734.6999999999999
539563,85139,PRODUTO TESTE,10,2011-08-11,48.02,10083,United Kingdom,480.20000000000005
537675,55907,PRODUTO TESTE,44,2011-05-03,47.84,10170,United Kingdom,2104.96
540345,23078,PRODUTO TESTE,17,2011-11-12,35.39,10104,United Kingdom,601.63
538985,53957,PRODUTO TESTE,39,2011-04-08,38.13,10069,United Kingdom,1487.0700000000002
536416,98011,PRODUTO TESTE,20,2011-11-12,45.01,10155,France,900.1999999999999
536632,80197,PRODUTO TESTE,17,2011-09-12,48.23,10170,United Kingdom,819.91
543671,41468,PRODUTO TESTE,19,2011-02-19,4.57,10180,United Kingdom,86.83000000000001
536512,39126,PRODUTO TESTE,19,2011-10-05,49.87,10059,United Kingdom,947.53
543044,92619,PRODUTO TESTE,21,2011-09-21,35.3,10141,United Kingdom,741.3
544244,18507,PRODUTO TESTE,43,2011-06-16,29.84,10118,United Kingdom,1283.12
540192,93944,PRODUTO TESTE,33,2011-02-28,20.95,10089,United Kingdom,691.35
537083,68364,PRODUTO TESTE,33,2011-05-05,10.43,10109,Germany,344.19
544679,39303,PRODUTO TESTE,6,2011-09-14,30.69,10177,United Kingdom,184.14000000000001
544493,11548,PRODUTO TESTE,16,2011-07-21,7.49,10173,United Kingdom,119.84
537283,50923,PRODUTO TESTE,40,2011-12-29,25.1,10037,United Kingdom,1004.0
536492,98187,PRODUTO TESTE,2,2011-03-21,29.38,10135,United Kingdom,58.76
542434,31845,PRODUTO TESTE,3,2011-10-11,31.97,10016,United Kingdom,95.91
541407,92952,PRODUTO TESTE,10,2011-03-23,5.23,10068,United Kingdom,52.300000000000004
542215,86226,PRODUTO TESTE,29,2011-08-16,30.55,10143,France,885.95
538085,97886,PRODUTO TESTE,35,2011-07-15,46.62,10084,United Kingdom,1631.6999999999998
536865,99196,PRODUTO TESTE,5,2011-04-18,39.07,10161,United Kingdom,195.35
536599,92652,PRODUTO TESTE,23,2011-11-18,37.41,10106,United Kingdom,860.43
537697,96808,PRODUTO TESTE,11,2011-01-12,16.85,10199,United Kingdom,185.35000000000002
536689,38300,PRODUTO TESTE,20,2011-03-07,44.65,10059,United Kingdom,893.0
543220,51249,PRODUTO TESTE,33,2011-08-27,25.29,10155,United Kingdom,834.5699999999999
541437,44253,PRODUTO TESTE,7,2011-02-07,5.48,10081,United Kingdom,38.36
538675,55854,PRODUTO TESTE,38,2011-10-18,26.98,10106,Germany,1025.24
544879,72842,PRODUTO TESTE,49,2011-03-13,33.93,10027,Germany,1662.57
542047,11426,PRODUTO TESTE,3,2011-10-18,0.96,10114,United Kingdom,2.88
537565,64244,PRODUTO TESTE,10,2011-11-17,31.27,10037,United Kingdom,312.7
542396,99449,PRODUTO TESTE,41,2011-04-17,2.48,10199,United Kingdom,101.67999999999999
541032,87562,PRODUTO TESTE,2,2011-01-28,21.92,10171,France,43.84
544861,10975,PRODUTO TESTE,20,2011-10-04,41.33,10140,United Kingdom,826.5999999999999
540301,63885,PRODUTO TESTE,24,2011-06-13,49.94,10146,United Kingdom,1198.56
542102,57833,PRODUTO TESTE,2,2011-12-13,18.83,10119,United Kingdom,37.66
536361,70182,PRODUTO TESTE,1,2011-07-29,24.9,10078,France,24.9
543803,92272,PRODUTO TESTE,22,2011-06-27,44.69,10183,United Kingdom,983.18
542643,91696,PRODUTO TESTE,46,2011-01-01,35.72,10043,United Kingdom,1643.12
539282,67971,PRODUTO TESTE,14,2011-10-01,20.51,10099,United Kingdom,287.14000000000004
542280,51262,PRODUTO TESTE,9,2011-08-09,38.22,10068,United Kingdom,343.98
536039,63726,PRODUTO TESTE,7,2011-02-05,17.39,10026,France,121.73
536334,91003,PRODUTO TESTE,48,2011-07-02,26.33,10020,United Kingdom,1263.84
540565,37032,PRODUTO TESTE,47,2011-06-06,46.18,10073,United Kingdom,2170.46
541624,88177,PRODUTO TESTE,30,2011-09-03,10.41,10016,United Kingdom,312.3
544433,63182,PRODUTO TESTE,20,2011-07-02,16.0,10013,United Kingdom,320.0
542836,15718,PRODUTO TESTE,3,2011-06-17,44.34,10070,United Kingdom,133.02
538315,77472,PRODUTO TESTE,46,2011-10-31,23.36,10040,United Kingdom,1074.56
540423,56402,PRODUTO TESTE,4,2011-10-25,2.35,10003,United Kingdom,9.4
543434,95535,PRODUTO TESTE,32,2011-11-20,21.24,10060,United Kingdom,679.68
537563,80166,PRODUTO TESTE,5,2011-11-06,25.28,10090,United Kingdom,126.4
536519,16265,PRODUTO TESTE,27,2011-09-12,14.23,10126,United Kingdom,384.21000000000004
536724,40183,PRODUTO TESTE,9,2011-07-13,32.3,10068,United Kingdom,290.7
544454,14513,PRODUTO TESTE,30,2011-03-16,44.62,10089,Eire,1338.6
542543,96382,PRODUTO TESTE,5,2011-10-30,32.66,10084,United Kingdom,163.29999999999998
537314,27170,PRODUTO TESTE,36,2011-09-11,32.49,10177,United Kingdom,1169.64
537297,22793,PRODUTO TESTE,28,2011-09-14,8.67,10192,United Kingdom,242.76
541179,88106,PRODUTO TESTE,35,2011-04-18,3.0,10100,United Kingdom,105.0
538594,56789,PRODUTO TESTE,36,2011-12-26,17.81,10108,United Kingdom,641.16
538617,88238,PRODUTO TESTE,38,2011-09-25,49.94,10196,United Kingdom,1897.7199999999998
537755,94295,PRODUTO TESTE,10,2011-11-16,16.8,10056,Germany,168.0
541469,88528,PRODUTO TESTE,7,2011-08-02,43.06,10069,United Kingdom,301.42
536241,24649,PRODUTO TESTE,48,2011-07-06,4.75,10179,United Kingdom,228.0
538205,28540,PRODUTO TESTE,35,2011-01-13,23.26,10077,United Kingdom,814.1
540980,36944,PRODUTO TESTE,5,2011-01-26,17.9,10047,Germany,89.5
542299,87613,PRODUTO TESTE,14,2011-03-23,18.94,10065,United Kingdom,265.16
537946,38157,PRODUTO TESTE,31,2011-01-30,32.74,10178,Eire,1014.94
541830,69957,PRODUTO TESTE,15,2011-10-11,24.77,10181,United Kingdom,371.55
542839,26854,PRODUTO TESTE,39,2011-08-15,42.29,10061,United Kingdom,1649.31
539492,58873,PRODUTO TESTE,22,2011-02-10,45.29,10105,United Kingdom,996.38
538311,80175,PRODUTO TESTE,49,2011-07-02,24.35,10196,United Kingdom,1193.15
540995,45540,PRODUTO TESTE,42,2011-06-21,49.1,10148,United Kingdom,2062.2000000000003
541209,24685,PRODUTO TESTE,20,2011-01-02,4.07,10043,United Kingdom,81.4
536846,47017,PRODUTO TESTE,40,2011-08-09,14.18,10118,United Kingdom,567.2
541086,78589,PRODUTO TESTE,19,2011-05-25,21.13,10123,United Kingdom,401.46999999999997
541119,65453,PRODUTO TESTE,11,2011-02-12,27.52,10005,United Kingdom,302.71999999999997
544386,70396,PRODUTO TESTE,17,2011-11-06,28.61,10059,United Kingdom,486.37
540833,47744,PRODUTO TESTE,48,2011-01-03,44.86,10170,United Kingdom,2153.2799999999997
542853,93617,PRODUTO TESTE,40,2011-10-06,14.24,10048,United Kingdom,569.6
538787,88292,PRODUTO TESTE,3,2011-10-13,40.93,10059,United Kingdom,122.78999999999999
543314,87704,PRODUTO TESTE,24,2011-04-13,24.78,10035,United Kingdom,594.72
544250,59230,PRODUTO TESTE,24,2011-02-21,15.32,10031,United Kingdom,367.68
542674,96437,PRODUTO TESTE,35,2011-05-05,15.55,10069,Eire,544.25
541844,64889,PRODUTO TESTE,9,2011-09-02,19.73,10174,United Kingdom,177.57
540725,64142,PRODUTO TESTE,39,2011-09-22,38.29,10000,United Kingdom,1493.31
544354,69072,PRODUTO TESTE,17,2011-03-08,24.1,10056,United Kingdom,409.70000000000005
543633,26730,PRODUTO TESTE,13,2011-01-05,8.11,10012,United Kingdom,105.42999999999999
539750,85524,PRODUTO TESTE,18,2011-07-24,38.11,10112,United Kingdom,685.98
536770,42649,PRODUTO TESTE,46,2011-07-31,33.34,10050,United Kingdom,1533.64
536032,69315,PRODUTO TESTE,16,2011-12-24,47.49,10158,France,759.84
538101,85980,PRODUTO TESTE,25,2011-10-05,26.71,10117,United Kingdom,667.75
536563,20318,PRODUTO TESTE,44,2011-07-20,32.89,10156,United Kingdom,1447.16
536985,94817,PRODUTO TESTE,24,2011-08-24,34.2,10087,United Kingdom,820.8000000000001
544829,42498,PRODUTO TESTE,33,2011-06-14,22.09,10172,Germany,728.97
536858,69483,PRODUTO TESTE,44,2011-09-05,7.32,10095,United Kingdom,322.08000000000004
539165,88291,PRODUTO TESTE,34,2011-10-31,36.16,10198,United Kingdom,1229.4399999999998
537567,55927,PRODUTO TESTE,39,2011-11-11,30.63,10117,United Kingdom,1194.57
542311,48225,PRODUTO TESTE,14,2011-06-08,24.33,10134,United Kingdom,340.62
544734,11479,PRODUTO TESTE,36,2011-06-16,35.72,10051,United Kingdom,1285.92
543115,52723,PRODUTO TESTE,22,2011-07-01,6.78,10162,United Kingdom,149.16
544777,62660,PRODUTO TESTE,31,2011-10-26,16.64,10134,United Kingdom,515.84
541311,71996,PRODUTO TESTE,16,2011-03-06,6.67,10180,United Kingdom,106.72
542062,80215,PRODUTO TESTE,4,2011-05-05,6.74,10053,United Kingdom,26.96
537317,79875,PRODUTO TESTE,40,2011-08-13,1.56,10157,United Kingdom,62.400000000000006
543671,51332,PRODUTO TESTE,6,2011-09-11,37.92,10094,United Kingdom,227.52
542731,17061,PRODUTO TESTE,5,2011-04-18,11.75,10037,United Kingdom,58.75
538286,32889,PRODUTO TESTE,43,2011-02-12,41.68,10034,United Kingdom,1792.24
539193,46660,PRODUTO TESTE,46,2011-07-05,45.27,10112,France,2082.42
541498,98107,PRODUTO TESTE,28,2011-08-22,8.84,10063,United Kingdom,247.51999999999998
536116,79286,PRODUTO TESTE,26,2011-10-07,35.59,10020,United Kingdom,925.3400000000001
543361,90508,PRODUTO TESTE,14,2011-01-02,23.29,10085,United Kingdom,326.06
538525,99300,PRODUTO TESTE,28,2011-01-07,45.99,10130,United Kingdom,1287.72
536674,21986,PRODUTO TESTE,28,2011-05-22,24.48,10063,Germany,685.44
538975,11047,PRODUTO TESTE,23,2011-07-25,19.25,10191,United Kingdom,442.75
543521,61657,PRODUTO TESTE,31,2011-01-02,15.08,10155,United Kingdom,467.48
538468,33832,PRODUTO TESTE,25,2011-03-05,45.23,10102,France,1130.75
540852,88193,PRODUTO TESTE,43,2011-06-02,11.7,10186,United Kingdom,503.09999999999997
543306,51835,PRODUTO TESTE,31,2011-04-12,41.47,10086,United Kingdom,1285.57
536303,10841,PRODUTO TESTE,16,2011-09-17,10.11,10027,United Kingdom,161.76
542839,30064,PRODUTO TESTE,31,2011-01-13,32.35,10007,United Kingdom,1002.85
538598,40738,PRODUTO TESTE,7,2011-11-21,22.83,10187,United Kingdom,159.81
542259,12422,PRODUTO TESTE,6,2011-03-03,5.68,10191,United Kingdom,34.08
537692,38564,PRODUTO TESTE,40,2011-06-10,6.73,10147,United Kingdom,269.20000000000005
537251,58558,PRODUTO TESTE,27,2011-12-27,14.43,10020,United Kingdom,389.61
543270,68445,PRODUTO TESTE,14,2011-12-31,36.58,10008,United Kingdom,512.12
544831,18392,PRODUTO TESTE,49,2011-01-08,10.65,10010,United Kingdom,521.85
542094,47445,PRODUTO TESTE,30,2011-09-20,24.07,10049,United Kingdom,722.1
540192,79182,PRODUTO TESTE,42,2011-01-28,5.3,10114,United Kingdom,222.6
537753,43288,PRODUTO TESTE,25,2011-08-12,35.94,10013,United Kingdom,898.5
541832,98703,PRODUTO TESTE,4,2011-10-11,44.73,10091,United Kingdom,178.92
540351,52977,PRODUTO TESTE,35,2011-11-24,17.23,10103,United Kingdom,603.0500000000001
537512,64868,PRODUTO TESTE,36,2011-06-25,13.1,10158,United Kingdom,471.59999999999997
539954,81825,PRODUTO TESTE,20,2011-07-09,44.88,10062,United Kingdom,897.6
538141,85315,PRODUTO TESTE,34,2011-07-28,7.73,10009,United Kingdom,262.82
537009,35845,PRODUTO TESTE,25,2011-01-13,3.44,10010,United Kingdom,86.0
537187,52019,PRODUTO TESTE,35,2011-04-24,16.06,10170,United Kingdom,562.0999999999999
540664,84716,PRODUTO TESTE,31,2011-09-16,38.13,10022,Germany,1182.03
539297,85502,PRODUTO TESTE,20,2011-12-17,34.86,10127,United Kingdom,697.2
536899,84132,PRODUTO TESTE,30,2011-12-26,49.36,10076,United Kingdom,1480.8
540628,70083,PRODUTO TESTE,12,2011-07-15,18.3,10155,France,219.60000000000002
537478,34092,PRODUTO TESTE,36,2011-04-05,14.15,10012,Germany,509.40000000000003
536138,43143,PRODUTO TESTE,45,2011-06-24,19.22,10179,United Kingdom,864.9
537192,69026,PRODUTO TESTE,6,2011-06-19,39.22,10139,United Kingdom,235.32
540036,32893,PRODUTO TESTE,31,2011-05-25,11.11,10089,Eire,344.40999999999997
544586,71380,PRODUTO TESTE,1,2011-05-12,47.41,10041,United Kingdom,47.41
538175,56350,PRODUTO TESTE,15,2011-11-13,25.87,10195,United Kingdom,388.05
538563,49834,PRODUTO TESTE,31,2011-05-23,39.27,10060,United Kingdom,1217.3700000000001
538183,41987,PRODUTO TESTE,10,2011-01-11,41.45,10098,United Kingdom,414.5
539196,79639,PRODUTO TESTE,7,2011-09-21,24.2,10078,United Kingdom,169.4
542455,51893,PRODUTO TESTE,16,2011-08-31,37.2,10046,United Kingdom,595.2
538898,37619,PRODUTO TESTE,1,2011-05-19,18.55,10083,United Kingdom,18.55
541918,44553,PRODUTO TESTE,29,2011-08-18,40.64,10030,United Kingdom,1178.56
544084,53583,PRODUTO TESTE,2,2011-12-10,41.28,10000,United Kingdom,82.56
544515,65579,PRODUTO TESTE,13,2011-12-04,28.53,10057,Germany,370.89
541066,99112,PRODUTO TESTE,12,2011-10-16,11.3,10022,United Kingdom,135.60000000000002
542419,40641,PRODUTO TESTE,48,2011-08-01,48.53,10082,Eire,2329.44
544272,26080,PRODUTO TESTE,49,2011-01-11,47.38,10172,Germany,2321.6200000000003
538699,23300,PRODUTO TESTE,3,2011-10-26,49.2,10000,United Kingdom,147.60000000000002
537188,91341,PRODUTO TESTE,35,2011-11-05,25.39,10022,United Kingdom,888.65
537033,22797,PRODUTO TESTE,11,2011-10-10,19.09,10101,Eire,209.99
543938,42747,PRODUTO TESTE,30,2011-12-27,23.29,10054,United Kingdom,698.6999999999999
541005,99828,PRODUTO TESTE,45,2011-07-08,2.77,10097,United Kingdom,124.65
538667,24912,PRODUTO TESTE,3,2011-02-10,27.68,10005,United Kingdom,83.03999999999999
539109,24392,PRODUTO TESTE,47,2011-07-01,33.48,10066,United Kingdom,1573.56
543217,27121,PRODUTO TESTE,7,2011-11-01,13.15,10086,United Kingdom,92.05
541511,12195,PRODUTO TESTE,22,2011-10-11,36.2,10110,United Kingdom,796.4000000000001
543914,72530,PRODUTO TESTE,43,2011-06-05,39.78,10156,United Kingdom,1710.54
538715,96344,PRODUTO TESTE,25,2011-05-22,49.3,10093,United Kingdom,1232.5
540253,78353,PRODUTO TESTE,2,2011-02-28,13.03,10168,United Kingdom,26.06
537095,96780,PRODUTO TESTE,8,2011-01-16,42.15,10105,France,337.2
544742,57434,PRODUTO TESTE,36,2011-04-25,9.02,10052,United Kingdom,324.71999999999997
540606,65263,PRODUTO TESTE,25,2011-03-29,6.98,10045,United Kingdom,174.5
539723,55334,PRODUTO TESTE,22,2011-12-31,22.57,10119,United Kingdom,496.54
538438,13501,PRODUTO TESTE,17,2011-09-06,39.8,10048,United Kingdom,676.5999999999999
540400,65873,PRODUTO TESTE,8,2011-03-07,11.05,10095,United Kingdom,88.4
542072,87158,PRODUTO TESTE,46,2011-11-04,27.67,10172,United Kingdom,1272.8200000000002
536335,64581,PRODUTO TESTE,33,2011-08-24,6.21,10136,United Kingdom,204.93
536790,71489,PRODUTO TESTE,14,2011-07-21,16.34,10148,United Kingdom,228.76
536912,90948,PRODUTO TESTE,20,2011-11-03,38.39,10066,United Kingdom,767.8
543288,35022,PRODUTO TESTE,19,2011-09-20,6.48,10049,United Kingdom,123.12
538778,59758,PRODUTO TESTE,33,2011-06-27,30.79,10186,United Kingdom,1016.0699999999999
538464,48465,PRODUTO TESTE,4,2011-09-01,29.45,10096,United Kingdom,117.8
537754,46474,PRODUTO TESTE,31,2011-04-30,24.47,10098,United Kingdom,758.5699999999999
536386,17952,PRODUTO TESTE,44,2011-11-25,33.36,10092,United Kingdom,1467.84
536040,57714,PRODUTO TESTE,4,2011-08-10,42.66,10172,Eire,170.64
536713,19640,PRODUTO TESTE,14,2011-03-09,8.52,10142,United Kingdom,119.28
537426,52665,PRODUTO TESTE,29,2011-12-19,40.8,10038,United Kingdom,1183.1999999999998
542265,90758,PRODUTO TESTE,4,2011-09-08,3.54,10030,United Kingdom,14.16
538681,23115,PRODUTO TESTE,42,2011-05-21,24.37,10120,United Kingdom,1023.5400000000001
536645,32527,PRODUTO TESTE,7,2011-03-20,25.82,10009,Eire,180.74
536129,74893,PRODUTO TESTE,24,2011-12-01,10.28,10063,United Kingdom,246.71999999999997
540293,91629,PRODUTO TESTE,13,2011-10-28,4.94,10027,United Kingdom,64.22
543561,96001,PRODUTO TESTE,31,2011-01-17,4.21,10004,United Kingdom,130.51
539048,20810,PRODUTO TESTE,5,2011-08-21,2.34,10183,United Kingdom,11.7
538052,98553,PRODUTO TESTE,23,2011-04-18,8.2,10001,Eire,188.6
540494,55503,PRODUTO TESTE,42,2011-07-27,40.53,10186,United Kingdom,1702.26
537699,85000,PRODUTO TESTE,29,2011-04-01,45.0,10037,United Kingdom,1305.0
544806,11297,PRODUTO TESTE,36,2011-07-07,14.97,10163,United Kingdom,538.9200000000001
542870,20460,PRODUTO TESTE,18,2011-06-06,8.64,10006,United Kingdom,155.52
539101,28388,PRODUTO TESTE,2,2011-08-01,20.78,10030,United Kingdom,41.56
544563,17744,PRODUTO TESTE,18,2011-10-20,44.14,10022,United Kingdom,794.52
538925,90171,PRODUTO TESTE,49,2011-02-26,20.29,10141,United Kingdom,994.2099999999999
537261,82308,PRODUTO TESTE,37,2011-10-18,5.86,10124,United Kingdom,216.82000000000002
544444,45131,PRODUTO TESTE,33,2011-03-23,49.24,10095,Germany,1624.92
544637,17025,PRODUTO TESTE,11,2011-01-13,25.23,10048,United Kingdom,277.53000000000003
538813,19552,PRODUTO TESTE,27,2011-06-12,17.45,10017,France,471.15
541352,33596,PRODUTO TESTE,29,2011-04-21,44.73,10113,United Kingdom,1297.1699999999998
537559,75430,PRODUTO TESTE,30,2011-03-09,46.41,10046,United Kingdom,1392.3
541774,82111,PRODUTO TESTE,44,2011-06-04,25.09,10118,United Kingdom,1103.96
542211,58539,PRODUTO TESTE,32,2011-11-14,15.68,10137,United Kingdom,501.76
542389,91681,PRODUTO TESTE,7,2011-08-02,24.39,10169,United Kingdom,170.73000000000002
541118,93532,PRODUTO TESTE,7,2011-09-23,11.35,10098,United Kingdom,79.45
542337,79087,PRODUTO TESTE,29,2011-02-24,24.17,10000,United Kingdom,700.9300000000001
540995,17088,PRODUTO TESTE,42,2011-01-28,11.86,10056,Germany,498.12
543378,90089,PRODUTO TESTE,47,2011-05-03,31.3,10170,United Kingdom,1471.1000000000001
537616,91751,PRODUTO TESTE,28,2011-10-10,38.11,10106,United Kingdom,1067.08
540351,60389,PRODUTO TESTE,24,2011-11-20,48.49,10123,United Kingdom,1163.76
539747,63926,PRODUTO TESTE,39,2011-02-07,42.21,10091,United Kingdom,1646.19
540800,80164,PRODUTO TESTE,48,2011-06-23,4.76,10032,United Kingdom,228.48
538914,40976,PRODUTO TESTE,12,2011-09-29,26.82,10154,United Kingdom,321.84000000000003
544587,72726,PRODUTO TESTE,13,2011-03-17,13.25,10199,Germany,172.25
536947,80668,PRODUTO TESTE,26,2011-06-26,1.21,10171,United Kingdom,31.46
541717,22738,PRODUTO TESTE,11,2011-11-07,37.86,10058,United Kingdom,416.46
541981,71176,PRODUTO TESTE,12,2011-06-19,18.21,10050,United Kingdom,218.52
536309,19708,PRODUTO TESTE,19,2011-08-07,48.87,10111,United Kingdom,928.53
538480,99306,PRODUTO TESTE,49,2011-04-05,34.09,10090,United Kingdom,1670.41
536922,70106,PRODUTO TESTE,11,2011-12-29,8.36,10193,United Kingdom,91.96
536848,52279,PRODUTO TESTE,8,2011-04-02,25.96,10120,United Kingdom,207.68
537441,55347,PRODUTO TESTE,9,2011-12-06,45.14,10181,United Kingdom,406.26
537716,65731,PRODUTO TESTE,48,2011-12-28,3.19,10196,Germany,153.12
543546,21217,PRODUTO TESTE,31,2011-07-06,32.08,10015,United Kingdom,994.4799999999999
541748,55891,PRODUTO TESTE,30,2011-11-14,36.2,10072,United Kingdom,1086.0
536273,74429,PRODUTO TESTE,5,2011-09-19,35.35,10146,United Kingdom,176.75
541656,33445,PRODUTO TESTE,44,2011-09-27,7.93,10162,United Kingdom,348.91999999999996
537230,53145,PRODUTO TESTE,5,2011-01-26,45.41,10029,United Kingdom,227.04999999999998
539789,39732,PRODUTO TESTE,48,2011-02-20,16.45,10063,United Kingdom,789.5999999999999
536342,24490,PRODUTO TESTE,47,2011-01-26,3.06,10109,United Kingdom,143.82
536811,98089,PRODUTO TESTE,26,2011-01-12,4.62,10159,United Kingdom,120.12
537193,63346,PRODUTO TESTE,42,2011-11-02,23.15,10022,Eire,972.3
539900,45289,PRODUTO TESTE,49,2011-03-06,2.48,10120,France,121.52
540167,40442,PRODUTO TESTE,26,2011-01-03,39.09,10059,United Kingdom,1016.3400000000001
539174,71145,PRODUTO TESTE,37,2011-12-09,43.36,10043,United Kingdom,1604.32
541581,19739,PRODUTO TESTE,27,2011-04-12,1.16,10103,United Kingdom,31.319999999999997
542484,61038,PRODUTO TESTE,23,2011-10-25,40.6,10082,United Kingdom,933.8000000000001
542558,30722,PRODUTO TESTE,13,2011-12-17,49.07,10127,United Kingdom,637.91
541211,90081,PRODUTO TESTE,31,2011-07-10,2.0,10063,United Kingdom,62.0
540910,80585,PRODUTO TESTE,9,2011-12-05,36.39,10164,United Kingdom,327.51
540424,78191,PRODUTO TESTE,5,2011-12-20,49.96,10015,Eire,249.8
538141,23122,PRODUTO TESTE,10,2011-02-22,39.96,10172,Germany,399.6
536090,51259,PRODUTO TESTE,46,2011-05-16,44.3,10147,United Kingdom,2037.8
544696,41989,PRODUTO TESTE,9,2011-07-24,35.54,10069,United Kingdom,319.86
539330,75185,PRODUTO TESTE,38,2011-10-14,14.98,10076,United Kingdom,569.24
542806,74071,PRODUTO TESTE,18,2011-03-08,11.6,10003,United Kingdom,208.79999999999998
544610,45748,PRODUTO TESTE,13,2011-03-12,25.87,10140,Eire,336.31
540472,24521,PRODUTO TESTE,7,2011-04-22,18.96,10033,United Kingdom,132.72
543756,39179,PRODUTO TESTE,40,2011-04-10,16.81,10131,United Kingdom,672.4
540313,55309,PRODUTO TESTE,23,2011-12-10,9.31,10145,United Kingdom,214.13000000000002
537190,32817,PRODUTO TESTE,19,2011-05-25,42.34,10169,United Kingdom,804.46
536238,38598,PRODUTO TESTE,31,2011-11-13,35.4,10141,United Kingdom,1097.3999999999999
537220,31668,PRODUTO TESTE,39,2011-01-21,16.9,10060,United Kingdom,659.0999999999999
544482,15827,PRODUTO TESTE,31,2011-02-07,12.26,10147,United Kingdom,380.06
540275,64110,PRODUTO TESTE,20,2011-10-21,6.84,10165,United Kingdom,136.8
538872,99742,PRODUTO TESTE,44,2011-04-02,6.07,10063,United Kingdom,267.08000000000004
540014,95671,PRODUTO TESTE,44,2011-01-31,31.46,10024,United Kingdom,1384.24
538303,93641,PRODUTO TESTE,48,2011-08-05,5.89,10178,United Kingdom,282.71999999999997
544994,77276,PRODUTO TESTE,43,2011-01-23,14.32,10118,United Kingdom,615.76
536764,15778,PRODUTO TESTE,5,2011-05-29,1.78,10047,United Kingdom,8.9
542468,28092,PRODUTO TESTE,29,2011-07-20,42.84,10025,United Kingdom,1242.3600000000001
539020,73551,PRODUTO TESTE,31,2011-07-12,18.7,10155,United Kingdom,579.6999999999999
536426,98966,PRODUTO TESTE,6,2011-08-02,17.48,10028,United Kingdom,104.88
536556,66770,PRODUTO TESTE,46,2011-04-17,33.19,10138,United Kingdom,1526.7399999999998
537853,19801,PRODUTO TESTE,44,2011-05-06,18.26,10012,Eire,803.44
536229,96945,PRODUTO TESTE,4,2011-04-17,41.24,10034,United Kingdom,164.96
540241,38619,PRODUTO TESTE,28,2011-07-24,31.72,10158,United Kingdom,888.16
541396,13832,PRODUTO TESTE,3,2011-03-25,44.06,10101,Germany,132.18
538886,79138,PRODUTO TESTE,26,2011-08-19,31.32,10024,United Kingdom,814.32
536644,25612,PRODUTO TESTE,12,2011-12-08,39.07,10198,United Kingdom,468.84000000000003
537045,37143,PRODUTO TESTE,36,2011-08-30,34.98,10052,United Kingdom,1259.28
544400,70951,PRODUTO TESTE,26,2011-05-22,23.4,10000,United Kingdom,608.4
543253,96884,PRODUTO TESTE,22,2011-06-08,34.59,10184,United Kingdom,760.98
544432,91645,PRODUTO TESTE,32,2011-08-02,33.35,10003,United Kingdom,1067.2
540777,24726,PRODUTO TESTE,21,2011-09-22,0.83,10110,United Kingdom,17.43
543073,82816,PRODUTO TESTE,27,2011-01-15,13.48,10115,United Kingdom,363.96000000000004
541549,38538,PRODUTO TESTE,37,2011-09-14,27.32,10116,United Kingdom,1010.84
539927,17014,PRODUTO TESTE,21,2011-08-30,6.01,10077,United Kingdom,126.21
538627,62935,PRODUTO TESTE,4,2011-02-07,1.64,10025,United Kingdom,6.56
536575,99968,PRODUTO TESTE,11,2011-01-27,8.33,10179,United Kingdom,91.63
537732,53769,PRODUTO TESTE,37,2011-08-23,1.48,10018,Germany,54.76
542637,81969,PRODUTO TESTE,12,2011-09-29,7.05,10176,United Kingdom,84.6
543812,58094,PRODUTO TESTE,47,2011-01-06,28.18,10083,United Kingdom,1324.46
536916,93119,PRODUTO TESTE,13,2011-09-23,20.31,10107,United Kingdom,264.03
536872,53863,PRODUTO TESTE,18,2011-02-13,49.05,10033,United Kingdom,882.9
536770,70750,PRODUTO TESTE,36,2011-04-07,40.53,10124,United Kingdom,1459.08
543124,96690,PRODUTO TESTE,28,2011-09-15,7.77,10036,United Kingdom,217.56
536112,55633,PRODUTO TESTE,5,2011-12-16,18.42,10010,United Kingdom,92.10000000000001
544753,63344,PRODUTO TESTE,42,2011-12-27,25.03,10089,United Kingdom,1051.26
542369,73859,PRODUTO TESTE,37,2011-03-08,18.18,10058,United Kingdom,672.66
537275,16452,PRODUTO TESTE,29,2011-08-02,35.4,10068,United Kingdom,1026.6
543212,64132,PRODUTO TESTE,49,2011-06-06,14.83,10132,United Kingdom,726.67
540952,53633,PRODUTO TESTE,7,2011-09-30,41.86,10195,France,293.02
541438,53681,PRODUTO TESTE,31,2011-04-13,48.24,10167,United Kingdom,1495.44
537802,86133,PRODUTO TESTE,2,2011-03-14,15.09,10037,United Kingdom,30.18
543621,34748,PRODUTO TESTE,27,2011-08-25,39.34,10003,Eire,1062.18
539658,80577,PRODUTO TESTE,44,2011-09-10,24.79,10119,United Kingdom,1090.76
536832,99325,PRODUTO TESTE,17,2011-04-24,4.84,10031,United Kingdom,82.28
543638,83836,PRODUTO TESTE,9,2011-07-12,39.42,10046,United Kingdom,354.78000000000003
543986,55628,PRODUTO TESTE,49,2011-12-05,20.67,10169,United Kingdom,1012.83
541212,80295,PRODUTO TESTE,38,2011-12-07,31.52,10167,United Kingdom,1197.76
538007,93498,PRODUTO TESTE,23,2011-06-08,22.13,10050,United Kingdom,508.98999999999995
536607,35272,PRODUTO TESTE,32,2011-01-17,4.83,10123,United Kingdom,154.56
544497,43276,PRODUTO TESTE,9,2011-10-05,49.19,10122,Germany,442.71
540346,54735,PRODUTO TESTE,43,2011-06-18,12.61,10037,United Kingdom,542.23
538474,19680,PRODUTO TESTE,19,2011-01-16,25.79,10110,United Kingdom,490.01
542239,38278,PRODUTO TESTE,18,2011-02-20,33.53,10105,United Kingdom,603.54
536235,24987,PRODUTO TESTE,20,2011-04-25,6.2,10079,United Kingdom,124.0
536719,79511,PRODUTO TESTE,11,2011-03-11,37.1,10150,United Kingdom,408.1
538184,54505,PRODUTO TESTE,12,2011-09-07,32.59,10135,United Kingdom,391.08000000000004
540055,64341,PRODUTO TESTE,2,2011-08-12,24.94,10106,United Kingdom,49.88
539300,17187,PRODUTO TESTE,21,2011-05-01,26.65,10145,United Kingdom,559.65
537686,61610,PRODUTO TESTE,21,2011-01-31,47.76,10152,United Kingdom,1002.9599999999999
539162,74656,PRODUTO TESTE,15,2011-01-29,45.59,10113,United Kingdom,683.85
539005,72043,PRODUTO TESTE,49,2011-12-12,6.04,10053,United Kingdom,295.96
540722,81557,PRODUTO TESTE,1,2011-05-06,18.75,10151,United Kingdom,18.75
541064,20260,PRODUTO TESTE,45,2011-02-09,26.08,10143,United Kingdom,1173.6
543948,59451,PRODUTO TESTE,42,2011-09-17,46.04,10196,United Kingdom,1933.68
538631,90400,PRODUTO TESTE,33,2011-02-14,19.63,10083,Germany,647.79
544124,72148,PRODUTO TESTE,6,2011-12-11,44.37,10184,United Kingdom,266.21999999999997
537689,12284,PRODUTO TESTE,42,2011-04-02,13.92,10188,United Kingdom,584.64
539061,50281,PRODUTO TESTE,1,2011-10-11,30.69,10002,Germany,30.69
542675,73297,PRODUTO TESTE,11,2011-06-03,18.12,10007,United Kingdom,199.32000000000002
539367,68613,PRODUTO TESTE,2,2011-02-16,20.78,10071,United Kingdom,41.56
537726,16691,PRODUTO TESTE,41,2011-10-10,47.74,10085,France,1957.3400000000001
542288,48378,PRODUTO TESTE,36,2011-01-04,25.75,10187,United Kingdom,927.0
540526,46520,PRODUTO TESTE,3,2011-03-20,36.36,10018,United Kingdom,109.08
540060,39294,PRODUTO TESTE,45,2011-08-10,8.35,10154,United Kingdom,375.75
542046,71650,PRODUTO TESTE,41,2011-11-27,39.9,10177,United Kingdom,1635.8999999999999
543457,65682,PRODUTO TESTE,29,2011-09-04,29.36,10131,Germany,851.4399999999999
543159,70005,PRODUTO TESTE,40,2011-09-15,7.91,10079,United Kingdom,316.4
537234,80898,PRODUTO TESTE,11,2011-05-22,43.48,10032,United Kingdom,478.28
541306,64482,PRODUTO TESTE,38,2011-01-20,21.62,10136,United Kingdom,821.5600000000001
543942,16738,PRODUTO TESTE,7,2011-10-07,9.24,10093,United Kingdom,64.68
542964,24204,PRODUTO TESTE,28,2011-10-19,10.17,10029,United Kingdom,284.76
538964,99234,PRODUTO TESTE,45,2011-06-11,39.38,10071,United Kingdom,1772.1000000000001
539534,35732,PRODUTO TESTE,34,2011-07-04,46.82,10192,United Kingdom,1591.88
544011,48486,PRODUTO TESTE,9,2011-03-27,19.22,10053,United Kingdom,172.98
536295,44007,PRODUTO TESTE,35,2011-06-15,4.4,10035,United Kingdom,154.0
540728,99120,PRODUTO TESTE,43,2011-03-30,5.49,10136,Eire,236.07000000000002
537044,84196,PRODUTO TESTE,43,2011-06-03,32.9,10039,United Kingdom,1414.7
544051,53508,PRODUTO TESTE,35,2011-02-18,18.85,10183,United Kingdom,659.75
536348,71399,PRODUTO TESTE,35,2011-08-10,21.59,10171,United Kingdom,755.65
536210,59640,PRODUTO TESTE,38,2011-04-01,17.18,10196,United Kingdom,652.84
538960,68043,PRODUTO TESTE,35,2011-09-22,23.54,10182,United Kingdom,823.9
537801,95850,PRODUTO TESTE,2,2011-07-08,32.36,10048,United Kingdom,64.72
540459,70491,PRODUTO TESTE,39,2011-11-24,27.29,10042,United Kingdom,1064.31
538696,20158,PRODUTO TESTE,4,2011-03-22,8.63,10068,United Kingdom,34.52
539206,55287,PRODUTO TESTE,25,2011-04-10,24.82,10093,Germany,620.5
541084,83773,PRODUTO TESTE,13,2011-03-30,23.3,10175,United Kingdom,302.90000000000003
541045,13566,PRODUTO TESTE,6,2011-08-19,27.51,10146,United Kingdom,165.06
544414,42136,PRODUTO TESTE,10,2011-02-09,5.98,10128,United Kingdom,59.800000000000004
541078,74891,PRODUTO TESTE,19,2011-10-26,26.75,10129,United Kingdom,508.25
542101,22627,PRODUTO TESTE,18,2011-09-04,14.13,10075,United Kingdom,254.34
537568,66166,PRODUTO TESTE,17,2011-02-19,31.64,10082,United Kingdom,537.88
543757,93156,PRODUTO TESTE,28,2011-07-14,11.43,10017,United Kingdom,320.03999999999996
538862,38752,PRODUTO TESTE,4,2011-05-23,32.99,10148,United Kingdom,131.96
537605,46686,PRODUTO TESTE,42,2011-06-20,20.0,10130,United Kingdom,840.0
541266,20361,PRODUTO TESTE,11,2011-04-20,21.87,10156,United Kingdom,240.57000000000002
543773,91436,PRODUTO TESTE,17,2011-05-01,45.8,10189,United Kingdom,778.5999999999999
541367,20027,PRODUTO TESTE,48,2011-03-17,10.07,10113,United Kingdom,483.36
537129,54737,PRODUTO TESTE,23,2011-05-27,43.88,10088,United Kingdom,1009.24
538832,21183,PRODUTO TESTE,15,2011-07-19,40.89,10020,United Kingdom,613.35
542203,72803,PRODUTO TESTE,41,2011-09-18,5.64,10155,United Kingdom,231.23999999999998
538972,34283,PRODUTO TESTE,8,2011-04-08,26.82,10180,United Kingdom,214.56
541277,93906,PRODUTO TESTE,44,2011-03-20,32.86,10139,Germany,1445.84
542246,28198,PRODUTO TESTE,17,2011-01-13,25.03,10173,United Kingdom,425.51
538962,70275,PRODUTO TESTE,12,2011-02-04,19.82,10172,United Kingdom,237.84
541826,11256,PRODUTO TESTE,11,2011-01-19,47.22,10159,Eire,519.42
537215,34884,PRODUTO TESTE,32,2011-09-11,48.31,10019,United Kingdom,1545.92
539349,89545,PRODUTO TESTE,26,2011-10-10,42.39,10000,United Kingdom,1102.14
539969,99665,PRODUTO TESTE,29,2011-12-22,40.95,10040,United Kingdom,1187.5500000000002
536021,65222,PRODUTO TESTE,30,2011-07-18,36.42,10086,United Kingdom,1092.6000000000001
540751,38096,PRODUTO TESTE,43,2011-11-25,44.4,10091,United Kingdom,1909.2
536326,29013,PRODUTO TESTE,23,2011-02-23,30.86,10004,United Kingdom,709.78
543811,40647,PRODUTO TESTE,33,2011-08-19,4.23,10042,United Kingdom,139.59
536108,71671,PRODUTO TESTE,36,2011-07-03,5.59,10197,United Kingdom,201.24
537468,30642,PRODUTO TESTE,32,2011-04-06,47.49,10075,United Kingdom,1519.68
539274,13221,PRODUTO TESTE,15,2011-08-15,32.51,10160,United Kingdom,487.65
540565,60367,PRODUTO TESTE,46,2011-12-30,28.0,10143,United Kingdom,1288.0
542531,31848,PRODUTO TESTE,30,2011-03-28,10.29,10186,United Kingdom,308.7
539819,46058,PRODUTO TESTE,44,2011-07-25,26.03,10177,United Kingdom,1145.3200000000002
541505,74057,PRODUTO TESTE,40,2011-01-19,17.46,10125,United Kingdom,698.4000000000001
536091,90714,PRODUTO TESTE,6,2011-03-26,33.93,10078,Germany,203.57999999999998
541926,58091,PRODUTO TESTE,49,2011-10-07,30.42,10125,United Kingdom,1490.5800000000002
544238,93511,PRODUTO TESTE,35,2011-07-01,25.22,10063,United Kingdom,882.6999999999999
540735,34215,PRODUTO TESTE,5,2011-03-14,13.01,10069,United Kingdom,65.05
540094,74174,PRODUTO TESTE,38,2011-05-03,26.52,10121,Germany,1007.76
538674,98166,PRODUTO TESTE,18,2011-02-14,23.35,10114,United Kingdom,420.3
544588,29412,PRODUTO TESTE,42,2011-10-12,42.64,10116,United Kingdom,1790.88
536298,76450,PRODUTO TESTE,4,2011-12-11,44.77,10076,United Kingdom,179.08
538580,52650,PRODUTO TESTE,9,2011-02-08,38.08,10081,United Kingdom,342.71999999999997
537248,89267,PRODUTO TESTE,14,2011-03-28,16.32,10002,Germany,228.48000000000002
543796,37487,PRODUTO TESTE,19,2011-11-09,2.39,10120,United Kingdom,45.410000000000004
540343,96448,PRODUTO TESTE,29,2011-11-17,46.3,10115,United Kingdom,1342.6999999999998
544301,81844,PRODUTO TESTE,7,2011-10-08,49.6,10187,United Kingdom,347.2
541986,73457,PRODUTO TESTE,33,2011-09-18,6.79,10100,United Kingdom,224.07
540657,17439,PRODUTO TESTE,13,2011-05-17,21.54,10013,United Kingdom,280.02
537824,69623,PRODUTO TESTE,31,2011-11-23,7.85,10039,United Kingdom,243.35
541058,53101,PRODUTO TESTE,9,2011-11-20,49.91,10067,United Kingdom,449.18999999999994
542167,39090,PRODUTO TESTE,18,2011-03-25,46.69,10075,United Kingdom,840.42
544688,85773,PRODUTO TESTE,28,2011-01-27,49.14,10072,United Kingdom,1375.92
540940,53289,PRODUTO TESTE,8,2011-07-10,7.62,10078,Eire,60.96
544449,51309,PRODUTO TESTE,48,2011-10-04,24.85,10153,United Kingdom,1192.8000000000002
544500,39069,PRODUTO TESTE,41,2011-11-07,44.84,10026,United Kingdom,1838.44
540702,98345,PRODUTO TESTE,48,2011-02-21,33.92,10066,United Kingdom,1628.16
539953,42830,PRODUTO TESTE,22,2011-05-18,22.01,10032,United Kingdom,484.22
537284,33358,PRODUTO TESTE,13,2011-10-08,26.08,10061,United Kingdom,339.03999999999996
538416,70691,PRODUTO TESTE,49,2011-01-23,2.41,10136,United Kingdom,118.09
543911,13068,PRODUTO TESTE,35,2011-09-21,30.77,10009,United Kingdom,1076.95
537244,63593,PRODUTO TESTE,38,2011-04-17,43.06,10067,United Kingdom,1636.2800000000002
539573,60816,PRODUTO TESTE,5,2011-01-09,0.64,10004,United Kingdom,3.2
542287,31967,PRODUTO TESTE,42,2011-03-30,8.42,10190,United Kingdom,353.64
538165,79215,PRODUTO TESTE,24,2011-09-28,26.14,10145,United Kingdom,627.36
544766,13927,PRODUTO TESTE,37,2011-11-14,28.27,10048,United Kingdom,1045.99
541845,98349,PRODUTO TESTE,40,2011-01-30,17.5,10039,United Kingdom,700.0
543768,27728,PRODUTO TESTE,30,2011-10-12,32.41,10116,United Kingdom,972.3
544342,65685,PRODUTO TESTE,45,2011-12-18,28.18,10176,United Kingdom,1268.1
536673,53964,PRODUTO TESTE,2,2011-04-20,29.72,10055,United Kingdom,59.44
542567,96125,PRODUTO TESTE,21,2011-04-24,34.9,10095,United Kingdom,732.9
536991,65703,PRODUTO TESTE,16,2011-10-05,28.83,10040,United Kingdom,461.28
542227,66426,PRODUTO TESTE,28,2011-01-09,22.09,10037,United Kingdom,618.52
540303,52700,PRODUTO TESTE,44,2011-12-12,21.79,10095,United Kingdom,958.76
541831,11353,PRODUTO TESTE,6,2011-02-08,24.8,10104,United Kingdom,148.8
536619,57992,PRODUTO TESTE,7,2011-03-01,22.23,10093,United Kingdom,155.61
540747,55355,PRODUTO TESTE,5,2011-07-16,10.91,10090,United Kingdom,54.55
543509,55189,PRODUTO TESTE,20,2011-04-25,36.38,10051,United Kingdom,727.6
540710,18623,PRODUTO TESTE,14,2011-05-28,45.48,10009,United Kingdom,636.7199999999999
540480,69286,PRODUTO TESTE,1,2011-05-15,31.43,10001,United Kingdom,31.43
544164,77128,PRODUTO TESTE,32,2011-06-24,2.92,10096,France,93.44
536449,68111,PRODUTO TESTE,20,2011-12-21,33.12,10017,United Kingdom,662.4
543312,14907,PRODUTO TESTE,21,2011-01-25,46.84,10130,United Kingdom,983.6400000000001
539710,25943,PRODUTO TESTE,27,2011-09-27,42.37,10134,United Kingdom,1143.99
540643,82283,PRODUTO TESTE,4,2011-09-05,28.61,10099,United Kingdom,114.44
539320,65567,PRODUTO TESTE,12,2011-08-11,46.0,10176,United Kingdom,552.0
538265,87860,PRODUTO TESTE,28,2011-01-09,32.67,10022,United Kingdom,914.76
543878,72254,PRODUTO TESTE,20,2011-10-16,43.82,10046,United Kingdom,876.4
540553,31662,PRODUTO TESTE,1,2011-10-23,8.42,10050,United Kingdom,8.42
542510,83187,PRODUTO TESTE,16,2011-12-11,45.26,10027,United Kingdom,724.16
536907,71878,PRODUTO TESTE,5,2011-12-06,33.25,10058,Eire,166.25
543100,27241,PRODUTO TESTE,45,2011-04-07,15.51,10062,United Kingdom,697.95
541929,10445,PRODUTO TESTE,39,2011-09-17,49.89,10152,France,1945.71
544978,78737,PRODUTO TESTE,12,2011-05-27,34.5,10060,United Kingdom,414.0
537205,74902,PRODUTO TESTE,7,2011-08-06,45.47,10175,United Kingdom,318.28999999999996
540860,18080,PRODUTO TESTE,2,2011-05-02,0.78,10154,United Kingdom,1.56
540600,51833,PRODUTO TESTE,35,2011-08-28,27.84,10180,United Kingdom,974.4
540845,92244,PRODUTO TESTE,45,2011-12-14,35.77,10021,United Kingdom,1609.65
536489,81322,PRODUTO TESTE,10,2011-08-27,1.18,10196,Germany,11.799999999999999
540258,83539,PRODUTO TESTE,30,2011-12-03,38.25,10122,United Kingdom,1147.5
538695,45372,PRODUTO TESTE,7,2011-12-07,32.75,10196,United Kingdom,229.25
541556,20904,PRODUTO TESTE,45,2011-02-13,14.1,10070,United Kingdom,634.5
538088,41596,PRODUTO TESTE,11,2011-12-18,34.6,10190,United Kingdom,380.6
541580,85669,PRODUTO TESTE,43,2011-06-05,41.29,10014,Eire,1775.47
536576,67962,PRODUTO TESTE,47,2011-08-08,43.38,10082,United Kingdom,2038.8600000000001
543081,13478,PRODUTO TESTE,16,2011-08-14,24.53,10027,United Kingdom,392.48
542441,63142,PRODUTO TESTE,44,2011-10-15,25.62,10188,United Kingdom,1127.28
536515,26844,PRODUTO TESTE,8,2011-10-21,20.4,10060,United Kingdom,163.2
536582,64868,PRODUTO TESTE,9,2011-02-07,17.59,10044,Eire,158.31
543652,47091,PRODUTO TESTE,24,2011-01-01,43.71,10110,Germany,1049.04
538549,57970,PRODUTO TESTE,28,2011-03-31,15.59,10085,United Kingdom,436.52
543746,63669,PRODUTO TESTE,16,2011-07-12,20.44,10019,Eire,327.04
540493,67424,PRODUTO TESTE,38,2011-11-06,15.35,10163,United Kingdom,583.3
539080,10460,PRODUTO TESTE,38,2011-08-27,33.01,10169,United Kingdom,1254.3799999999999
538462,96954,PRODUTO TESTE,1,2011-02-19,40.8,10148,United Kingdom,40.8
541931,61762,PRODUTO TESTE,49,2011-09-19,8.63,10123,United Kingdom,422.87000000000006
536987,55643,PRODUTO TESTE,3,2011-06-20,13.11,10080,United Kingdom,39.33
539623,44063,PRODUTO TESTE,23,2011-05-15,5.65,10108,United Kingdom,129.95000000000002
539112,19405,PRODUTO TESTE,18,2011-10-09,8.43,10104,United Kingdom,151.74
537387,66699,PRODUTO TESTE,19,2011-04-18,20.64,10033,France,392.16
539175,42695,PRODUTO TESTE,2,2011-08-14,38.91,10016,Eire,77.82
540757,91626,PRODUTO TESTE,13,2011-03-08,27.31,10050,United Kingdom,355.03
536777,49678,PRODUTO TESTE,48,2011-07-23,31.44,10032,United Kingdom,1509.1200000000001
543851,12853,PRODUTO TESTE,2,2011-08-16,39.87,10021,United Kingdom,79.74
543906,59911,PRODUTO TESTE,21,2011-12-02,19.98,10170,United Kingdom,419.58
542227,86078,PRODUTO TESTE,6,2011-04-16,12.63,10074,United Kingdom,75.78
544318,51650,PRODUTO TESTE,4,2011-11-24,38.31,10116,United Kingdom,153.24
539851,68522,PRODUTO TESTE,16,2011-10-26,1.68,10104,United Kingdom,26.88
543394,20666,PRODUTO TESTE,48,2011-05-12,40.87,10147,United Kingdom,1961.7599999999998
542545,46605,PRODUTO TESTE,21,2011-02-21,40.31,10147,United Kingdom,846.51
541062,81379,PRODUTO TESTE,47,2011-04-05,44.46,10059,Germany,2089.62
537615,48122,PRODUTO TESTE,40,2011-08-29,4.93,10169,United Kingdom,197.2
541018,89666,PRODUTO TESTE,18,2011-10-15,5.83,10074,United Kingdom,104.94
544112,46851,PRODUTO TESTE,44,2011-08-12,43.7,10167,United Kingdom,1922.8000000000002
544861,83031,PRODUTO TESTE,14,2011-09-22,24.03,10080,United Kingdom,336.42
540032,67940,PRODUTO TESTE,22,2011-02-07,19.92,10022,United Kingdom,438.24
538231,95282,PRODUTO TESTE,32,2011-07-04,28.88,10152,United Kingdom,924.16
542727,57966,PRODUTO TESTE,27,2011-11-15,3.4,10006,United Kingdom,91.8
536683,52122,PRODUTO TESTE,40,2011-05-22,32.36,10154,United Kingdom,1294.4
537359,41821,PRODUTO TESTE,3,2011-11-25,47.28,10008,United Kingdom,141.84
541057,68708,PRODUTO TESTE,22,2011-02-15,33.95,10041,United Kingdom,746.9000000000001
544911,98205,PRODUTO TESTE,31,2011-12-24,23.49,10120,United Kingdom,728.1899999999999
538959,25150,PRODUTO TESTE,13,2011-10-14,48.06,10188,United Kingdom,624.78
539989,94277,PRODUTO TESTE,42,2011-08-17,34.58,10081,United Kingdom,1452.36
538901,97911,PRODUTO TESTE,11,2011-08-14,3.32,10024,United Kingdom,36.519999999999996
539964,79213,PRODUTO TESTE,11,2011-12-08,33.67,10046,United Kingdom,370.37
536063,62249,PRODUTO TESTE,12,2011-05-18,3.45,10179,United Kingdom,41.400000000000006
541352,87668,PRODUTO TESTE,32,2011-03-02,15.71,10145,United Kingdom,502.72
541366,33549,PRODUTO TESTE,1,2011-12-02,30.98,10020,United Kingdom,30.98
538840,67054,PRODUTO TESTE,2,2011-02-07,11.17,10076,United Kingdom,22.34
538376,82482,PRODUTO TESTE,37,2011-08-29,2.39,10052,United Kingdom,88.43
542854,82475,PRODUTO TESTE,6,2011-04-08,31.09,10035,United Kingdom,186.54
536423,44693,PRODUTO TESTE,9,2011-12-22,26.88,10123,France,241.92
536363,95469,PRODUTO TESTE,16,2011-06-23,13.43,10035,France,214.88
539279,79297,PRODUTO TESTE,40,2011-06-15,44.84,10082,United Kingdom,1793.6000000000001
536916,66097,PRODUTO TESTE,1,2011-06-05,4.78,10012,United Kingdom,4.78
543910,88952,PRODUTO TESTE,17,2011-12-09,39.42,10089,United Kingdom,670.14
537337,52990,PRODUTO TESTE,6,2011-04-15,8.23,10037,United Kingdom,49.38
539030,59197,PRODUTO TESTE,11,2011-12-17,16.81,10049,United Kingdom,184.91
542111,56557,PRODUTO TESTE,47,2011-12-17,10.71,10142,United Kingdom,503.37000000000006
542293,32042,PRODUTO TESTE,46,2011-08-12,4.22,10026,United Kingdom,194.11999999999998
542808,78158,PRODUTO TESTE,1,2011-10-26,38.54,10170,United Kingdom,38.54
538367,43794,PRODUTO TESTE,5,2011-06-28,39.78,10114,France,198.9
538952,19451,PRODUTO TESTE,43,2011-06-18,49.84,10174,United Kingdom,2143.1200000000003
544443,43545,PRODUTO TESTE,17,2011-04-04,46.76,10149,United Kingdom,794.92
536334,89039,PRODUTO TESTE,2,2011-01-14,7.1,10106,United Kingdom,14.2
542226,98532,PRODUTO TESTE,17,2011-05-20,1.03,10106,United Kingdom,17.51
543314,33996,PRODUTO TESTE,25,2011-12-27,26.81,10143,United Kingdom,670.25
541033,92465,PRODUTO TESTE,29,2011-12-09,43.1,10049,United Kingdom,1249.9
541759,74030,PRODUTO TESTE,3,2011-09-09,13.76,10066,United Kingdom,41.28
536008,96008,PRODUTO TESTE,15,2011-05-13,10.35,10048,United Kingdom,155.25
536270,24641,PRODUTO TESTE,9,2011-07-09,22.23,10059,United Kingdom,200.07
536315,15612,PRODUTO TESTE,24,2011-10-04,44.73,10032,United Kingdom,1073.52
537430,92824,PRODUTO TESTE,12,2011-01-01,22.86,10007,Eire,274.32
544917,34236,PRODUTO TESTE,6,2011-12-03,36.27,10188,United Kingdom,217.62
541709,63669,PRODUTO TESTE,39,2011-11-14,23.4,10014,United Kingdom,912.5999999999999
543040,91137,PRODUTO TESTE,26,2011-12-21,18.96,10177,United Kingdom,492.96000000000004
538660,40861,PRODUTO TESTE,21,2011-02-04,22.33,10000,United Kingdom,468.92999999999995
544438,18053,PRODUTO TESTE,2,2011-12-12,38.54,10155,United Kingdom,77.08
544120,50628,PRODUTO TESTE,38,2011-07-22,21.87,10103,Germany,831.0600000000001
536277,12039,PRODUTO TESTE,48,2011-03-07,13.75,10056,United Kingdom,660.0
536183,40715,PRODUTO TESTE,27,2011-06-29,7.39,10098,United Kingdom,199.53
543126,89185,PRODUTO TESTE,21,2011-12-27,6.11,10105,United Kingdom,128.31
538317,30359,PRODUTO TESTE,10,2011-05-04,8.65,10078,United Kingdom,86.5
540241,26325,PRODUTO TESTE,2,2011-12-12,40.99,10165,United Kingdom,81.98
543106,36133,PRODUTO TESTE,22,2011-03-10,36.98,10086,United Kingdom,813.56
539138,33745,PRODUTO TESTE,18,2011-11-27,36.3,10072,United Kingdom,653.4
536060,57186,PRODUTO TESTE,25,2011-12-18,49.72,10026,United Kingdom,1243.0
539478,69719,PRODUTO TESTE,33,2011-04-23,48.15,10071,United Kingdom,1588.95
538593,20120,PRODUTO TESTE,9,2011-09-09,13.81,10025,France,124.29
542577,16826,PRODUTO TESTE,10,2011-10-18,7.68,10036,United Kingdom,76.8
542761,75807,PRODUTO TESTE,32,2011-07-15,8.09,10190,Eire,258.88
536827,36453,PRODUTO TESTE,5,2011-09-12,44.83,10017,United Kingdom,224.14999999999998
536634,16906,PRODUTO TESTE,41,2011-07-08,17.34,10166,United Kingdom,710.9399999999999
541577,64063,PRODUTO TESTE,6,2011-07-07,26.75,10190,United Kingdom,160.5
539503,91844,PRODUTO TESTE,1,2011-07-26,30.87,10029,United Kingdom,30.87
538711,49405,PRODUTO TESTE,35,2011-12-11,29.99,10032,United Kingdom,1049.6499999999999
540348,62011,PRODUTO TESTE,24,2011-10-29,39.43,10074,Germany,946.3199999999999
538793,36481,PRODUTO TESTE,3,2011-08-09,28.8,10110,United Kingdom,86.4
543144,35730,PRODUTO TESTE,41,2011-05-28,42.63,10191,United Kingdom,1747.8300000000002
544700,15884,PRODUTO TESTE,8,2011-05-28,4.69,10041,United Kingdom,37.52
543342,53107,PRODUTO TESTE,32,2011-01-08,43.02,10032,United Kingdom,1376.64
539952,95231,PRODUTO TESTE,30,2011-07-21,29.71,10050,United Kingdom,891.3000000000001
540529,20442,PRODUTO TESTE,40,2011-04-03,11.54,10174,United Kingdom,461.59999999999997
540024,47489,PRODUTO TESTE,35,2011-11-20,48.9,10006,United Kingdom,1711.5
543141,85334,PRODUTO TESTE,33,2011-10-10,47.02,10076,United Kingdom,1551.66
540213,78437,PRODUTO TESTE,46,2011-12-30,45.62,10031,United Kingdom,2098.52
539685,43818,PRODUTO TESTE,1,2011-05-27,19.42,10183,United Kingdom,19.42
539375,64230,PRODUTO TESTE,8,2011-06-06,11.78,10000,United Kingdom,94.24
540974,98907,PRODUTO TESTE,19,2011-08-10,9.55,10064,Germany,181.45000000000002
542200,63808,PRODUTO TESTE,10,2011-06-07,43.75,10183,United Kingdom,437.5
539891,81654,PRODUTO TESTE,27,2011-04-12,41.42,10121,Eire,1118.3400000000001
543440,18618,PRODUTO TESTE,19,2011-06-14,42.49,10093,United Kingdom,807.3100000000001
539861,24433,PRODUTO TESTE,14,2011-12-10,31.8,10194,United Kingdom,445.2
544181,64735,PRODUTO TESTE,30,2011-03-22,7.54,10080,United Kingdom,226.2
537557,41330,PRODUTO TESTE,23,2011-06-11,8.66,10105,United Kingdom,199.18
544388,53616,PRODUTO TESTE,36,2011-07-13,23.95,10106,United Kingdom,862.1999999999999
538646,53505,PRODUTO TESTE,4,2011-11-28,38.51,10132,United Kingdom,154.04
541078,81400,PRODUTO TESTE,47,2011-07-31,9.08,10037,Germany,426.76
538552,99173,PRODUTO TESTE,16,2011-01-26,45.82,10167,United Kingdom,733.12
539979,99757,PRODUTO TESTE,14,2011-05-04,34.35,10197,United Kingdom,480.90000000000003
539060,17174,PRODUTO TESTE,25,2011-11-20,15.96,10028,United Kingdom,399.0
542347,76986,PRODUTO TESTE,3,2011-04-10,44.35,10163,United Kingdom,133.05
536730,75275,PRODUTO TESTE,39,2011-05-05,30.13,10163,United Kingdom,1175.07
543544,87842,PRODUTO TESTE,9,2011-02-25,36.79,10148,United Kingdom,331.11
544134,48407,PRODUTO TESTE,46,2011-09-20,19.58,10074,United Kingdom,900.68
541066,55236,PRODUTO TESTE,3,2011-02-20,19.98,10093,United Kingdom,59.94
540925,50649,PRODUTO TESTE,42,2011-05-15,1.12,10167,United Kingdom,47.040000000000006
542299,43623,PRODUTO TESTE,16,2011-09-17,27.13,10030,United Kingdom,434.08
537791,32215,PRODUTO TESTE,28,2011-11-23,38.16,10165,United Kingdom,1068.48
542747,67894,PRODUTO TESTE,42,2011-03-22,48.46,10184,United Kingdom,2035.32
537968,11506,PRODUTO TESTE,2,2011-05-02,44.67,10136,United Kingdom,89.34
542087,77446,PRODUTO TESTE,14,2011-02-13,4.81,10068,France,67.33999999999999
538750,85739,PRODUTO TESTE,47,2011-06-09,49.04,10111,United Kingdom,2304.88
542715,30477,PRODUTO TESTE,3,2011-12-31,7.9,10010,United Kingdom,23.700000000000003
537877,55304,PRODUTO TESTE,23,2011-04-05,37.57,10068,United Kingdom,864.11
540485,20241,PRODUTO TESTE,49,2011-11-24,47.51,10158,United Kingdom,2327.99
538646,48871,PRODUTO TESTE,44,2011-07-19,41.34,10131,Eire,1818.96
541294,29471,PRODUTO TESTE,5,2011-08-11,10.64,10124,Eire,53.2
544933,86681,PRODUTO TESTE,4,2011-10-12,8.12,10010,United Kingdom,32.48
536022,89366,PRODUTO TESTE,37,2011-09-19,3.42,10150,United Kingdom,126.53999999999999
544611,17578,PRODUTO TESTE,23,2011-08-07,29.31,10127,United Kingdom,674.13
543703,23025,PRODUTO TESTE,40,2011-07-24,24.62,10158,United Kingdom,984.8000000000001
540764,24154,PRODUTO TESTE,48,2011-07-14,5.91,10165,United Kingdom,283.68
541490,83020,PRODUTO TESTE,17,2011-03-07,23.51,10042,United Kingdom,399.67
539322,91055,PRODUTO TESTE,8,2011-06-01,28.58,10042,United Kingdom,228.64
537162,43533,PRODUTO TESTE,29,2011-11-06,36.29,10184,United Kingdom,1052.41
541143,24179,PRODUTO TESTE,29,2011-01-15,21.0,10106,United Kingdom,609.0
543347,69716,PRODUTO TESTE,18,2011-10-30,16.26,10087,United Kingdom,292.68
538079,90141,PRODUTO TESTE,11,2011-07-26,33.45,10057,Germany,367.95000000000005
542453,91928,PRODUTO TESTE,9,2011-05-08,34.37,10127,United Kingdom,309.33
542732,50050,PRODUTO TESTE,23,2011-02-11,13.89,10150,United Kingdom,319.47
542824,80280,PRODUTO TESTE,18,2011-10-06,1.48,10000,United Kingdom,26.64
539060,96038,PRODUTO TESTE,20,2011-01-01,47.31,10110,United Kingdom,946.2
539745,52719,PRODUTO TESTE,43,2011-03-01,10.45,10056,Germany,449.34999999999997
543687,33503,PRODUTO TESTE,33,2011-11-28,28.5,10056,United Kingdom,940.5
544104,43474,PRODUTO TESTE,45,2011-03-08,29.95,10175,United Kingdom,1347.75
539726,42550,PRODUTO TESTE,40,2011-10-21,6.74,10012,Germany,269.6
544729,98882,PRODUTO TESTE,29,2011-07-29,9.99,10079,United Kingdom,289.71
541134,75950,PRODUTO TESTE,11,2011-01-15,47.86,10091,United Kingdom,526.46
539465,87264,PRODUTO TESTE,30,2011-09-20,25.65,10159,Germany,769.5
536005,79950,PRODUTO TESTE,26,2011-11-17,9.98,10025,United Kingdom,259.48
541499,52876,PRODUTO TESTE,45,2011-03-22,39.98,10086,United Kingdom,1799.1
541803,81103,PRODUTO TESTE,7,2011-12-20,23.79,10030,United Kingdom,166.53
542463,76608,PRODUTO TESTE,2,2011-09-28,15.23,10126,United Kingdom,30.46
536267,37076,PRODUTO TESTE,4,2011-05-03,3.37,10099,United Kingdom,13.48
541103,30845,PRODUTO TESTE,31,2011-02-13,8.66,10078,Eire,268.46
542685,26220,PRODUTO TESTE,3,2011-06-06,48.67,10030,United Kingdom,146.01
540469,36017,PRODUTO TESTE,2,2011-10-22,31.37,10184,United Kingdom,62.74
539864,98064,PRODUTO TESTE,16,2011-08-03,41.64,10129,United Kingdom,666.24
543289,94782,PRODUTO TESTE,38,2011-08-25,1.57,10063,Eire,59.660000000000004
541502,23162,PRODUTO TESTE,18,2011-10-13,38.39,10082,United Kingdom,691.02
542132,59846,PRODUTO TESTE,9,2011-05-04,24.51,10145,United Kingdom,220.59
540176,94634,PRODUTO TESTE,10,2011-01-14,33.43,10143,United Kingdom,334.3
538502,77899,PRODUTO TESTE,40,2011-11-19,18.23,10092,United Kingdom,729.2
540671,65098,PRODUTO TESTE,18,2011-08-12,31.23,10060,Eire,562.14
544631,63927,PRODUTO TESTE,15,2011-07-26,2.26,10131,Eire,33.9
541424,39347,PRODUTO TESTE,37,2011-07-29,2.76,10131,United Kingdom,102.11999999999999
542365,93204,PRODUTO TESTE,15,2011-11-08,40.04,10119,United Kingdom,600.6
537117,17479,PRODUTO TESTE,14,2011-10-08,6.66,10014,United Kingdom,93.24000000000001
544891,88189,PRODUTO TESTE,36,2011-09-02,1.19,10094,United Kingdom,42.839999999999996
538202,88409,PRODUTO TESTE,13,2011-10-13,45.67,10122,United Kingdom,593.71
544741,33523,PRODUTO TESTE,23,2011-04-16,13.64,10190,United Kingdom,313.72
540011,56076,PRODUTO TESTE,31,2011-09-17,29.33,10105,United Kingdom,909.2299999999999
544270,89622,PRODUTO TESTE,6,2011-12-22,42.03,10068,Germany,252.18
544026,52682,PRODUTO TESTE,2,2011-03-27,37.42,10111,United Kingdom,74.84
542798,37003,PRODUTO TESTE,41,2011-07-28,2.81,10035,United Kingdom,115.21000000000001
544247,16300,PRODUTO TESTE,11,2011-09-06,28.27,10018,United Kingdom,310.96999999999997
541484,49687,PRODUTO TESTE,13,2011-07-08,27.32,10135,United Kingdom,355.16
543638,34997,PRODUTO TESTE,27,2011-12-20,17.83,10197,United Kingdom,481.40999999999997
540890,39161,PRODUTO TESTE,17,2011-02-19,7.79,10008,United Kingdom,132.43
543288,28944,PRODUTO TESTE,48,2011-11-06,7.69,10197,Germany,369.12
542888,36169,PRODUTO TESTE,26,2011-09-08,36.87,10089,France,958.6199999999999
540751,46168,PRODUTO TESTE,26,2011-07-30,22.99,10057,United Kingdom,597.74
540687,70178,PRODUTO TESTE,28,2011-06-07,39.86,10178,United Kingdom,1116.08
541488,23704,PRODUTO TESTE,42,2011-05-30,7.48,10149,United Kingdom,314.16
543814,99969,PRODUTO TESTE,40,2011-12-08,2.47,10149,United Kingdom,98.80000000000001
536986,21794,PRODUTO TESTE,24,2011-12-19,49.74,10198,Eire,1193.76
541361,38326,PRODUTO TESTE,25,2011-10-20,5.19,10090,United Kingdom,129.75
539428,73094,PRODUTO TESTE,7,2011-10-08,43.28,10106,United Kingdom,302.96000000000004
543194,55351,PRODUTO TESTE,48,2011-07-22,19.57,10150,United Kingdom,939.36
540553,57425,PRODUTO TESTE,9,2011-03-30,1.33,10131,United Kingdom,11.97
544922,13733,PRODUTO TESTE,40,2011-08-27,25.75,10034,Eire,1030.0
542111,65306,PRODUTO TESTE,28,2011-07-10,34.82,10072,United Kingdom,974.96
536977,77486,PRODUTO TESTE,35,2011-01-08,14.75,10189,United Kingdom,516.25
544391,50225,PRODUTO TESTE,22,2011-12-17,24.34,10142,United Kingdom,535.48
539405,29980,PRODUTO TESTE,1,2011-05-09,41.49,10146,Germany,41.49
543538,81802,PRODUTO TESTE,28,2011-06-30,46.31,10147,United Kingdom,1296.68
544706,72810,PRODUTO TESTE,42,2011-02-15,20.47,10078,United Kingdom,859.74
540359,76946,PRODUTO TESTE,27,2011-12-08,22.72,10080,United Kingdom,613.4399999999999
536438,98659,PRODUTO TESTE,38,2011-05-18,7.53,10112,United Kingdom,286.14
544809,89184,PRODUTO TESTE,20,2011-06-06,40.53,10029,United Kingdom,810.6
536234,40172,PRODUTO TESTE,15,2011-08-20,44.1,10117,United Kingdom,661.5
540261,16011,PRODUTO TESTE,6,2011-12-30,14.98,10101,United Kingdom,89.88
536032,10066,PRODUTO TESTE,49,2011-11-09,15.16,10145,United Kingdom,742.84
537479,80161,PRODUTO TESTE,45,2011-07-13,16.63,10181,France,748.3499999999999
542346,68472,PRODUTO TESTE,26,2011-11-12,8.91,10083,United Kingdom,231.66
543157,18081,PRODUTO TESTE,20,2011-11-29,12.82,10129,United Kingdom,256.4
541469,60892,PRODUTO TESTE,3,2011-05-25,1.49,10080,United Kingdom,4.47
538054,64493,PRODUTO TESTE,36,2011-07-09,14.29,10068,United Kingdom,514.4399999999999
541329,77571,PRODUTO TESTE,44,2011-06-16,27.62,10081,United Kingdom,1215.28
543309,40175,PRODUTO TESTE,7,2011-03-02,3.89,10092,United Kingdom,27.23
537390,27747,PRODUTO TESTE,9,2011-07-21,39.63,10088,Eire,356.67
538077,72637,PRODUTO TESTE,43,2011-05-28,41.36,10051,United Kingdom,1778.48
538732,49141,PRODUTO TESTE,44,2011-11-06,11.05,10025,France,486.20000000000005
542592,66035,PRODUTO TESTE,41,2011-04-19,21.44,10064,United Kingdom,879.0400000000001
540896,47183,PRODUTO TESTE,48,2011-04-30,46.85,10133,United Kingdom,2248.8
540864,83317,PRODUTO TESTE,21,2011-01-14,44.65,10026,United Kingdom,937.65
543972,88839,PRODUTO TESTE,4,2011-09-27,19.07,10131,United Kingdom,76.28
540021,53539,PRODUTO TESTE,3,2011-01-27,24.66,10146,United Kingdom,73.98
538027,25201,PRODUTO TESTE,9,2011-04-15,14.68,10132,United Kingdom,132.12
537232,35100,PRODUTO TESTE,32,2011-11-29,26.01,10061,United Kingdom,832.32
541879,33096,PRODUTO TESTE,30,2011-07-23,5.09,10177,United Kingdom,152.7
540238,80027,PRODUTO TESTE,39,2011-10-21,46.03,10065,United Kingdom,1795.17
539796,69591,PRODUTO TESTE,2,2011-10-09,36.08,10161,United Kingdom,72.16
540320,50322,PRODUTO TESTE,49,2011-11-20,5.29,10039,United Kingdom,259.21
544773,21381,PRODUTO TESTE,49,2011-08-31,43.51,10032,United Kingdom,2131.99
544978,58552,PRODUTO TESTE,11,2011-06-13,37.31,10155,United Kingdom,410.41
537451,72350,PRODUTO TESTE,1,2011-02-17,16.0,10187,United Kingdom,16.0
537030,23820,PRODUTO TESTE,12,2011-05-15,26.31,10172,United Kingdom,315.71999999999997
538198,84246,PRODUTO TESTE,9,2011-09-15,43.08,10150,United Kingdom,387.71999999999997
543667,27563,PRODUTO TESTE,10,2011-04-03,48.42,10049,United Kingdom,484.20000000000005
540135,47131,PRODUTO TESTE,45,2011-09-02,14.41,10182,United Kingdom,648.45
543773,57849,PRODUTO TESTE,3,2011-02-18,32.7,10133,United Kingdom,98.10000000000001
541820,76511,PRODUTO TESTE,12,2011-01-23,43.08,10034,United Kingdom,516.96
540978,30221,PRODUTO TESTE,38,2011-05-14,49.41,10025,United Kingdom,1877.58
537329,39663,PRODUTO TESTE,11,2011-05-19,43.75,10153,United Kingdom,481.25
540673,65459,PRODUTO TESTE,48,2011-06-02,0.66,10027,United Kingdom,31.68
538523,45802,PRODUTO TESTE,41,2011-05-28,22.14,10056,United Kingdom,907.74
538632,15092,PRODUTO TESTE,46,2011-04-26,29.42,10056,United Kingdom,1353.3200000000002
536355,56302,PRODUTO TESTE,42,2011-12-01,26.56,10056,France,1115.52
543191,42208,PRODUTO TESTE,1,2011-09-27,36.77,10134,United Kingdom,36.77
544453,33845,PRODUTO TESTE,17,2011-02-27,3.74,10182,United Kingdom,63.580000000000005
540484,87257,PRODUTO TESTE,24,2011-03-20,39.38,10182,United Kingdom,945.1200000000001
540824,79682,PRODUTO TESTE,4,2011-01-30,14.52,10148,United Kingdom,58.08
544332,34969,PRODUTO TESTE,49,2011-04-04,41.3,10040,Germany,2023.6999999999998
540603,57147,PRODUTO TESTE,28,2011-08-28,21.26,10192,United Kingdom,595.2800000000001
541604,74773,PRODUTO TESTE,41,2011-12-08,2.62,10108,United Kingdom,107.42
539852,14793,PRODUTO TESTE,9,2011-06-25,48.21,10109,United Kingdom,433.89
540628,18441,PRODUTO TESTE,34,2011-01-30,39.14,10140,United Kingdom,1330.76
541437,93472,PRODUTO TESTE,30,2011-04-07,29.65,10116,France,889.5
536682,73360,PRODUTO TESTE,10,2011-02-13,14.86,10149,United Kingdom,148.6
544140,54240,PRODUTO TESTE,38,2011-03-26,47.44,10051,Eire,1802.7199999999998
543994,91419,PRODUTO TESTE,22,2011-07-22,16.85,10061,United Kingdom,370.70000000000005
537660,61284,PRODUTO TESTE,15,2011-04-13,35.35,10125,United Kingdom,530.25
538639,90216,PRODUTO TESTE,10,2011-05-14,19.4,10012,Germany,194.0
544760,42708,PRODUTO TESTE,31,2011-03-22,4.71,10064,United Kingdom,146.01
538889,93795,PRODUTO TESTE,47,2011-01-19,46.84,10143,United Kingdom,2201.48
543309,75274,PRODUTO TESTE,35,2011-05-06,8.61,10195,United Kingdom,301.34999999999997
543071,79089,PRODUTO TESTE,14,2011-05-01,47.26,10103,United Kingdom,661.64
543746,11312,PRODUTO TESTE,18,2011-11-24,5.61,10079,United Kingdom,100.98
540346,24598,PRODUTO TESTE,2,2011-06-07,46.09,10137,United Kingdom,92.18
541089,94257,PRODUTO TESTE,9,2011-04-16,33.1,10108,United Kingdom,297.90000000000003
543534,26993,PRODUTO TESTE,16,2011-06-02,9.88,10004,United Kingdom,158.08
538020,84337,PRODUTO TESTE,49,2011-08-10,29.81,10107,United Kingdom,1460.6899999999998
538760,67179,PRODUTO TESTE,42,2011-05-22,9.43,10080,United Kingdom,396.06
537619,45330,PRODUTO TESTE,1,2011-10-03,43.78,10140,United Kingdom,43.78
542857,90153,PRODUTO TESTE,13,2011-12-18,2.97,10175,United Kingdom,38.61
538098,16806,PRODUTO TESTE,15,2011-02-14,34.9,10072,Germany,523.5
538763,86720,PRODUTO TESTE,47,2011-11-15,46.82,10088,United Kingdom,2200.54
544001,44602,PRODUTO TESTE,5,2011-06-01,41.64,10035,United Kingdom,208.2
540011,83755,PRODUTO TESTE,32,2011-04-30,18.9,10187,United Kingdom,604.8
538537,11804,PRODUTO TESTE,16,2011-08-15,12.23,10169,United Kingdom,195.68
538900,16896,PRODUTO TESTE,24,2011-12-16,6.49,10170,United Kingdom,155.76
541383,98926,PRODUTO TESTE,42,2011-06-04,43.74,10065,United Kingdom,1837.0800000000002
539483,22890,PRODUTO TESTE,40,2011-04-26,4.51,10064,United Kingdom,180.39999999999998
537263,71888,PRODUTO TESTE,40,2011-11-11,31.63,10171,Eire,1265.2
543380,41503,PRODUTO TESTE,17,2011-01-31,18.68,10108,United Kingdom,317.56
538310,20320,PRODUTO TESTE,49,2011-07-09,25.69,10097,United Kingdom,1258.8100000000002
542555,34013,PRODUTO TESTE,49,2011-01-08,27.67,10088,Germany,1355.8300000000002
542707,78244,PRODUTO TESTE,42,2011-03-25,45.94,10126,France,1929.48
537395,58206,PRODUTO TESTE,21,2011-09-05,48.5,10162,United Kingdom,1018.5
536663,55365,PRODUTO TESTE,10,2011-10-02,29.39,10066,United Kingdom,293.9
536408,95036,PRODUTO TESTE,4,2011-03-13,39.91,10161,United Kingdom,159.64
542891,46968,PRODUTO TESTE,15,2011-08-28,31.92,10048,United Kingdom,478.8
541631,82329,PRODUTO TESTE,13,2011-12-28,21.66,10080,United Kingdom,281.58
543128,75244,PRODUTO TESTE,10,2011-09-08,3.34,10182,United Kingdom,33.4
541637,51466,PRODUTO TESTE,47,2011-09-14,36.03,10190,France,1693.41
539615,36360,PRODUTO TESTE,31,2011-03-12,35.16,10184,United Kingdom,1089.9599999999998
541306,41865,PRODUTO TESTE,7,2011-08-21,6.28,10063,United Kingdom,43.96
542502,88436,PRODUTO TESTE,30,2011-09-16,11.89,10168,United Kingdom,356.70000000000005
539589,37526,PRODUTO TESTE,33,2011-02-10,36.74,10187,United Kingdom,1212.42
544236,68856,PRODUTO TESTE,23,2011-04-24,7.91,10195,United Kingdom,181.93
544096,21206,PRODUTO TESTE,47,2011-11-19,34.7,10004,United Kingdom,1630.9
543206,41185,PRODUTO TESTE,48,2011-12-31,36.04,10148,United Kingdom,1729.92
544930,94104,PRODUTO TESTE,18,2011-03-05,17.99,10199,United Kingdom,323.82
539514,58588,PRODUTO TESTE,20,2011-09-25,13.28,10152,United Kingdom,265.59999999999997
537026,84019,PRODUTO TESTE,6,2011-07-03,18.97,10046,United Kingdom,113.82
540357,33350,PRODUTO TESTE,38,2011-08-04,18.28,10152,United Kingdom,694.6400000000001
542713,78508,PRODUTO TESTE,46,2011-07-06,30.55,10021,United Kingdom,1405.3
543014,98647,PRODUTO TESTE,31,2011-11-13,37.32,10096,Eire,1156.92
539496,93259,PRODUTO TESTE,6,2011-06-12,43.16,10125,France,258.96
538633,49203,PRODUTO TESTE,23,2011-08-04,1.98,10091,United Kingdom,45.54
540009,71361,PRODUTO TESTE,38,2011-09-02,36.46,10139,United Kingdom,1385.48
536545,83231,PRODUTO TESTE,27,2011-11-18,42.01,10121,United Kingdom,1134.27
538952,98020,PRODUTO TESTE,31,2011-03-28,4.25,10128,United Kingdom,131.75
538068,12815,PRODUTO TESTE,24,2011-12-13,27.78,10126,United Kingdom,666.72
543253,58220,PRODUTO TESTE,30,2011-09-05,27.66,10057,United Kingdom,829.8
540226,81239,PRODUTO TESTE,44,2011-12-17,16.66,10061,United Kingdom,733.04
536781,75698,PRODUTO TESTE,1,2011-05-17,48.53,10051,United Kingdom,48.53
538356,23821,PRODUTO TESTE,26,2011-06-24,5.79,10092,United Kingdom,150.54
536399,61501,PRODUTO TESTE,38,2011-01-16,7.25,10117,United Kingdom,275.5
540280,24880,PRODUTO TESTE,40,2011-12-04,32.39,10072,United Kingdom,1295.6
544979,18240,PRODUTO TESTE,20,2011-10-25,25.96,10081,United Kingdom,519.2
541105,20038,PRODUTO TESTE,49,2011-04-19,13.59,10057,United Kingdom,665.91
543825,95716,PRODUTO TESTE,12,2011-01-19,15.56,10043,United Kingdom,186.72
542683,34485,PRODUTO TESTE,19,2011-09-12,8.27,10131,United Kingdom,157.13
543945,51096,PRODUTO TESTE,40,2011-09-03,43.45,10163,France,1738.0
538799,33073,PRODUTO TESTE,19,2011-07-12,28.69,10058,United Kingdom,545.11
544561,90464,PRODUTO TESTE,13,2011-02-27,12.62,10172,Germany,164.06
538147,89999,PRODUTO TESTE,25,2011-12-02,19.97,10114,United Kingdom,499.25
539944,69003,PRODUTO TESTE,29,2011-06-07,45.38,10033,United Kingdom,1316.02
542131,84576,PRODUTO TESTE,48,2011-09-22,44.4,10073,United Kingdom,2131.2
538581,19467,PRODUTO TESTE,28,2011-11-10,3.92,10001,United Kingdom,109.75999999999999
538380,99994,PRODUTO TESTE,5,2011-07-20,32.88,10007,United Kingdom,164.4
536037,46044,PRODUTO TESTE,48,2011-11-21,10.94,10090,United Kingdom,525.12
540510,27626,PRODUTO TESTE,18,2011-09-01,43.28,10159,United Kingdom,779.04
544880,88934,PRODUTO TESTE,6,2011-11-23,44.81,10026,United Kingdom,268.86
537980,25287,PRODUTO TESTE,7,2011-08-12,4.59,10167,United Kingdom,32.129999999999995
544419,74357,PRODUTO TESTE,5,2011-11-13,36.56,10027,United Kingdom,182.8
542950,79480,PRODUTO TESTE,37,2011-03-20,38.9,10139,United Kingdom,1439.3
536036,12701,PRODUTO TESTE,31,2011-03-05,39.69,10154,United Kingdom,1230.3899999999999
540505,76462,PRODUTO TESTE,27,2011-02-28,25.61,10120,United Kingdom,691.47
538223,45490,PRODUTO TESTE,31,2011-03-29,10.42,10023,United Kingdom,323.02
538218,50492,PRODUTO TESTE,48,2011-06-14,25.5,10078,United Kingdom,1224.0
541512,20084,PRODUTO TESTE,45,2011-10-15,16.27,10090,United Kingdom,732.15
537790,54077,PRODUTO TESTE,16,2011-06-06,41.21,10199,United Kingdom,659.36
538266,70613,PRODUTO TESTE,28,2011-01-23,4.59,10057,United Kingdom,128.51999999999998
538032,36948,PRODUTO TESTE,11,2011-05-13,21.97,10038,United Kingdom,241.67
539211,76719,PRODUTO TESTE,43,2011-02-04,38.79,10189,United Kingdom,1667.97
541904,17705,PRODUTO TESTE,45,2011-05-21,15.96,10030,United Kingdom,718.2
539599,70669,PRODUTO TESTE,7,2011-09-26,12.4,10005,United Kingdom,86.8
538947,62941,PRODUTO TESTE,21,2011-07-09,13.5,10084,United Kingdom,283.5
540658,30672,PRODUTO TESTE,7,2011-09-04,35.82,10080,United Kingdom,250.74
541535,41027,PRODUTO TESTE,28,2011-02-08,14.7,10123,United Kingdom,411.59999999999997
536138,31593,PRODUTO TESTE,11,2011-10-01,20.43,10175,United Kingdom,224.73
544012,66165,PRODUTO TESTE,33,2011-06-05,27.51,10186,United Kingdom,907.83
544247,67310,PRODUTO TESTE,48,2011-04-15,47.07,10057,United Kingdom,2259.36
541423,60018,PRODUTO TESTE,42,2011-08-26,39.82,10196,Eire,1672.44
541171,27461,PRODUTO TESTE,5,2011-02-19,9.67,10126,United Kingdom,48.35
542250,29521,PRODUTO TESTE,2,2011-07-01,44.21,10013,United Kingdom,88.42
539967,82978,PRODUTO TESTE,39,2011-06-04,42.32,10187,United Kingdom,1650.48
539174,49204,PRODUTO TESTE,17,2011-12-14,26.09,10117,United Kingdom,443.53
537437,37725,PRODUTO TESTE,49,2011-05-13,3.96,10158,United Kingdom,194.04
543570,93701,PRODUTO TESTE,19,2011-01-15,35.72,10049,United Kingdom,678.68
538559,79193,PRODUTO TESTE,48,2011-12-19,15.83,10095,United Kingdom,759.84
544678,79272,PRODUTO TESTE,33,2011-09-02,0.99,10176,United Kingdom,32.67
540560,31907,PRODUTO TESTE,13,2011-08-21,11.94,10044,United Kingdom,155.22
541596,11071,PRODUTO TESTE,28,2011-11-25,30.48,10132,United Kingdom,853.44
538209,32491,PRODUTO TESTE,28,2011-01-31,6.06,10090,United Kingdom,169.67999999999998
538497,34199,PRODUTO TESTE,25,2011-07-20,32.94,10022,United Kingdom,823.5
542555,77048,PRODUTO TESTE,47,2011-04-28,41.07,10142,United Kingdom,1930.29
540058,57797,PRODUTO TESTE,38,2011-09-04,16.25,10166,Eire,617.5
537329,48736,PRODUTO TESTE,9,2011-11-08,4.56,10115,Germany,41.04
543519,52852,PRODUTO TESTE,49,2011-01-29,7.42,10035,United Kingdom,363.58
539624,95739,PRODUTO TESTE,47,2011-02-27,18.22,10031,United Kingdom,856.3399999999999
539071,12303,PRODUTO TESTE,11,2011-06-29,31.9,10101,United Kingdom,350.9
541045,85928,PRODUTO TESTE,28,2011-04-26,43.46,10110,United Kingdom,1216.88
542980,42511,PRODUTO TESTE,43,2011-02-25,49.72,10048,Germany,2137.96
543966,77643,PRODUTO TESTE,34,2011-05-10,10.53,10100,United Kingdom,358.02
537866,98642,PRODUTO TESTE,26,2011-01-02,34.89,10059,United Kingdom,907.14
542051,56266,PRODUTO TESTE,11,2011-03-23,23.59,10137,United Kingdom,259.49
541784,48601,PRODUTO TESTE,44,2011-01-31,16.62,10130,Germany,731.2800000000001
537287,16727,PRODUTO TESTE,24,2011-12-20,17.45,10000,United Kingdom,418.79999999999995
537707,13291,PRODUTO TESTE,20,2011-10-16,33.98,10198,United Kingdom,679.5999999999999
537825,42425,PRODUTO TESTE,48,2011-12-10,31.23,10004,Germany,1499.04
536957,83949,PRODUTO TESTE,4,2011-03-29,16.27,10199,United Kingdom,65.08
542783,40730,PRODUTO TESTE,8,2011-04-16,6.37,10006,United Kingdom,50.96
544686,48763,PRODUTO TESTE,41,2011-04-14,29.12,10103,United Kingdom,1193.92
540651,57810,PRODUTO TESTE,10,2011-07-23,37.1,10021,United Kingdom,371.0
541389,38886,PRODUTO TESTE,46,2011-03-08,28.15,10019,United Kingdom,1294.8999999999999
542963,54093,PRODUTO TESTE,42,2011-03-27,0.68,10136,United Kingdom,28.560000000000002
540252,86604,PRODUTO TESTE,20,2011-05-09,39.04,10023,France,780.8
541301,77871,PRODUTO TESTE,36,2011-10-13,37.26,10195,United Kingdom,1341.36
538741,83593,PRODUTO TESTE,21,2011-03-25,1.02,10064,Germany,21.42
536556,57074,PRODUTO TESTE,6,2011-12-06,23.78,10063,France,142.68
536659,23292,PRODUTO TESTE,4,2011-07-08,6.69,10035,United Kingdom,26.76
537949,92947,PRODUTO TESTE,9,2011-11-27,31.26,10084,United Kingdom,281.34000000000003
538366,64366,PRODUTO TESTE,11,2011-05-13,47.37,10041,United Kingdom,521.0699999999999
543240,20156,PRODUTO TESTE,42,2011-06-24,18.9,10010,United Kingdom,793.8
540541,46708,PRODUTO TESTE,22,2011-01-23,17.2,10073,United Kingdom,378.4
540809,97260,PRODUTO TESTE,2,2011-03-04,1.9,10134,United Kingdom,3.8
538489,49822,PRODUTO TESTE,2,2011-04-30,46.61,10070,United Kingdom,93.22
542421,85320,PRODUTO TESTE,12,2011-02-07,48.79,10064,United Kingdom,585.48
536271,95195,PRODUTO TESTE,35,2011-04-17,0.78,10157,United Kingdom,27.3
543342,92317,PRODUTO TESTE,17,2011-09-19,9.11,10166,France,154.87
541923,74442,PRODUTO TESTE,19,2011-02-03,28.29,10181,United Kingdom,537.51
537588,46563,PRODUTO TESTE,3,2011-01-10,34.07,10164,United Kingdom,102.21000000000001
536466,82001,PRODUTO TESTE,7,2011-02-21,26.68,10083,United Kingdom,186.76
542046,34756,PRODUTO TESTE,3,2011-06-03,31.56,10078,United Kingdom,94.67999999999999
542802,18079,PRODUTO TESTE,38,2011-09-07,10.1,10064,United Kingdom,383.8
538505,80274,PRODUTO TESTE,45,2011-07-07,49.72,10047,United Kingdom,2237.4
539150,17446,PRODUTO TESTE,29,2011-02-15,10.59,10149,United Kingdom,307.11
538131,80060,PRODUTO TESTE,36,2011-09-21,1.01,10142,United Kingdom,36.36
539504,42035,PRODUTO TESTE,36,2011-01-18,47.24,10160,Eire,1700.64
538450,73268,PRODUTO TESTE,43,2011-03-26,21.74,10033,United Kingdom,934.8199999999999
539871,13457,PRODUTO TESTE,49,2011-07-07,14.15,10044,Germany,693.35
543732,10838,PRODUTO TESTE,20,2011-09-10,1.78,10178,United Kingdom,35.6
542864,66662,PRODUTO TESTE,24,2011-08-26,13.6,10053,United Kingdom,326.4
538675,56365,PRODUTO TESTE,38,2011-02-20,19.97,10028,United Kingdom,758.8599999999999
544485,13927,PRODUTO TESTE,22,2011-05-06,26.26,10113,Germany,577.72
537891,97807,PRODUTO TESTE,9,2011-02-23,23.15,10175,United Kingdom,208.35
538783,87259,PRODUTO TESTE,4,2011-03-26,45.61,10019,United Kingdom,182.44
537828,30922,PRODUTO TESTE,15,2011-10-02,48.0,10030,United Kingdom,720.0
542858,57598,PRODUTO TESTE,37,2011-10-26,43.31,10061,United Kingdom,1602.47
538858,57525,PRODUTO TESTE,13,2011-03-15,46.42,10106,United Kingdom,603.46
543853,64336,PRODUTO TESTE,27,2011-01-05,35.46,10056,United Kingdom,957.4200000000001
536746,25426,PRODUTO TESTE,5,2011-01-13,10.31,10013,United Kingdom,51.550000000000004
540518,33779,PRODUTO TESTE,27,2011-11-04,10.16,10102,United Kingdom,274.32
537426,33693,PRODUTO TESTE,47,2011-11-27,45.48,10010,United Kingdom,2137.56
544000,49642,PRODUTO TESTE,12,2011-03-19,25.6,10045,United Kingdom,307.20000000000005
539753,93069,PRODUTO TESTE,21,2011-11-16,44.58,10000,United Kingdom,936.18
542070,51618,PRODUTO TESTE,47,2011-07-13,36.17,10017,Germany,1699.99
543915,99799,PRODUTO TESTE,28,2011-03-09,11.02,10087,Eire,308.56
540820,32643,PRODUTO TESTE,16,2011-04-25,19.55,10170,United Kingdom,312.8
536515,31830,PRODUTO TESTE,1,2011-04-07,48.41,10154,United Kingdom,48.41
537986,19096,PRODUTO TESTE,46,2011-10-06,1.47,10019,United Kingdom,67.62
537914,29085,PRODUTO TESTE,28,2011-03-10,35.87,10006,United Kingdom,1004.3599999999999
544175,44546,PRODUTO TESTE,25,2011-09-20,5.66,10130,France,141.5
540292,74223,PRODUTO TESTE,48,2011-04-21,13.96,10149,United Kingdom,670.08
544010,50126,PRODUTO TESTE,46,2011-04-02,27.58,10164,United Kingdom,1268.6799999999998
538214,71760,PRODUTO TESTE,5,2011-10-22,42.27,10068,Eire,211.35000000000002
542115,18032,PRODUTO TESTE,17,2011-12-06,25.57,10033,United Kingdom,434.69
539527,95225,PRODUTO TESTE,49,2011-07-22,3.45,10005,United Kingdom,169.05
538164,23293,PRODUTO TESTE,38,2011-10-30,6.8,10029,United Kingdom,258.4
538250,13011,PRODUTO TESTE,25,2011-11-04,19.11,10013,United Kingdom,477.75
539778,48234,PRODUTO TESTE,11,2011-08-03,16.47,10172,Germany,181.17
539056,68615,PRODUTO TESTE,36,2011-10-30,11.37,10053,United Kingdom,409.32
537900,31187,PRODUTO TESTE,26,2011-01-04,42.09,10164,United Kingdom,1094.3400000000001
539007,24671,PRODUTO TESTE,23,2011-01-13,1.83,10110,United Kingdom,42.09
537157,86043,PRODUTO TESTE,45,2011-11-19,41.55,10107,Germany,1869.7499999999998
544727,84214,PRODUTO TESTE,15,2011-02-21,46.12,10090,United Kingdom,691.8
539419,77638,PRODUTO TESTE,29,2011-09-23,31.69,10163,United Kingdom,919.01
541182,58269,PRODUTO TESTE,34,2011-10-15,7.88,10018,Germany,267.92
543948,72057,PRODUTO TESTE,25,2011-08-31,28.63,10084,United Kingdom,715.75
539239,48936,PRODUTO TESTE,43,2011-01-27,19.07,10078,United Kingdom,820.01
543607,26107,PRODUTO TESTE,13,2011-05-03,11.84,10109,Germany,153.92
541497,84788,PRODUTO TESTE,45,2011-09-16,29.37,10147,United Kingdom,1321.65
542653,94457,PRODUTO TESTE,26,2011-12-03,0.56,10117,United Kingdom,14.560000000000002
538666,24939,PRODUTO TESTE,6,2011-10-21,14.18,10051,United Kingdom,85.08
536332,73277,PRODUTO TESTE,3,2011-11-22,32.97,10065,United Kingdom,98.91
539112,89864,PRODUTO TESTE,5,2011-12-16,23.02,10150,United Kingdom,115.1
544320,58710,PRODUTO TESTE,11,2011-11-23,7.71,10040,United Kingdom,84.81
543116,14416,PRODUTO TESTE,25,2011-07-31,0.57,10100,United Kingdom,14.249999999999998
543057,72148,PRODUTO TESTE,42,2011-05-03,13.89,10107,United Kingdom,583.38
543904,93104,PRODUTO TESTE,49,2011-07-05,27.68,10150,United Kingdom,1356.32
539359,33536,PRODUTO TESTE,32,2011-10-18,26.96,10142,France,862.72
538898,22492,PRODUTO TESTE,21,2011-06-05,6.99,10092,United Kingdom,146.79
544326,32725,PRODUTO TESTE,28,2011-10-31,30.88,10061,United Kingdom,864.64
541143,83088,PRODUTO TESTE,13,2011-09-13,49.95,10073,United Kingdom,649.35
538681,60146,PRODUTO TESTE,8,2011-03-18,29.45,10082,United Kingdom,235.6
538503,11624,PRODUTO TESTE,24,2011-12-03,26.62,10043,United Kingdom,638.88
543895,62891,PRODUTO TESTE,40,2011-11-05,31.32,10125,United Kingdom,1252.8
536555,26671,PRODUTO TESTE,1,2011-03-12,47.33,10129,United Kingdom,47.33
542640,62565,PRODUTO TESTE,4,2011-03-24,2.53,10150,United Kingdom,10.12
536012,30597,PRODUTO TESTE,6,2011-11-03,10.65,10192,Germany,63.900000000000006
537539,11713,PRODUTO TESTE,3,2011-01-07,6.23,10023,United Kingdom,18.69
544915,46059,PRODUTO TESTE,2,2011-06-26,38.73,10151,United Kingdom,77.46
542548,70207,PRODUTO TESTE,14,2011-03-26,45.18,10067,United Kingdom,632.52
540383,19140,PRODUTO TESTE,34,2011-11-12,1.52,10035,United Kingdom,51.68
536815,26730,PRODUTO TESTE,3,2011-07-10,30.33,10032,France,90.99
537660,58590,PRODUTO TESTE,12,2011-01-25,14.14,10035,France,169.68
542849,38865,PRODUTO TESTE,48,2011-04-27,23.79,10008,United Kingdom,1141.92
536850,39880,PRODUTO TESTE,4,2011-05-26,22.37,10164,United Kingdom,89.48
541351,49243,PRODUTO TESTE,49,2011-03-23,37.57,10012,United Kingdom,1840.93
539132,78324,PRODUTO TESTE,23,2011-12-10,25.08,10079,United Kingdom,576.8399999999999
539332,61817,PRODUTO TESTE,34,2011-05-12,21.35,10139,United Kingdom,725.9000000000001
544570,86789,PRODUTO TESTE,12,2011-07-03,36.65,10198,United Kingdom,439.79999999999995
541453,19195,PRODUTO TESTE,12,2011-07-15,46.33,10170,United Kingdom,555.96
541536,51784,PRODUTO TESTE,16,2011-03-22,39.8,10027,France,636.8
539153,59534,PRODUTO TESTE,2,2011-07-27,36.97,10197,United Kingdom,73.94
539432,78213,PRODUTO TESTE,12,2011-05-10,24.64,10130,United Kingdom,295.68
542171,56379,PRODUTO TESTE,44,2011-01-04,45.06,10035,United Kingdom,1982.64
538135,85401,PRODUTO TESTE,26,2011-08-02,46.55,10183,France,1210.3
541402,72027,PRODUTO TESTE,32,2011-02-12,40.24,10078,United Kingdom,1287.68
541611,45776,PRODUTO TESTE,2,2011-10-12,7.94,10036,United Kingdom,15.88
536830,38978,PRODUTO TESTE,1,2011-08-30,2.83,10175,United Kingdom,2.83
543090,58013,PRODUTO TESTE,25,2011-04-24,37.17,10190,United Kingdom,929.25
540882,51697,PRODUTO TESTE,7,2011-08-05,34.45,10195,United Kingdom,241.15000000000003
538139,12636,PRODUTO TESTE,48,2011-04-21,30.3,10191,United Kingdom,1454.4
542767,30699,PRODUTO TESTE,5,2011-08-25,48.82,10174,United Kingdom,244.1
544917,85168,PRODUTO TESTE,2,2011-02-26,27.5,10090,United Kingdom,55.0
539812,51256,PRODUTO TESTE,13,2011-08-11,17.72,10038,United Kingdom,230.35999999999999
538551,95474,PRODUTO TESTE,13,2011-01-21,28.47,10123,United Kingdom,370.11
538694,32129,PRODUTO TESTE,3,2011-01-07,1.91,10044,United Kingdom,5.7299999999999995
541333,97099,PRODUTO TESTE,31,2011-04-03,29.17,10094,Germany,904.2700000000001
536426,82651,PRODUTO TESTE,14,2011-03-05,45.17,10131,Germany,632.38
540350,42266,PRODUTO TESTE,23,2011-06-29,0.71,10189,United Kingdom,16.33
536223,64891,PRODUTO TESTE,8,2011-03-02,42.34,10057,United Kingdom,338.72
543950,19923,PRODUTO TESTE,42,2011-09-26,38.3,10113,United Kingdom,1608.6
536788,24720,PRODUTO TESTE,9,2011-03-21,24.81,10149,United Kingdom,223.29
538196,10131,PRODUTO TESTE,11,2011-02-13,12.64,10110,United Kingdom,139.04000000000002
539794,39275,PRODUTO TESTE,26,2011-11-07,14.76,10076,United Kingdom,383.76
544883,96752,PRODUTO TESTE,28,2011-11-20,12.69,10074,France,355.32
542158,58807,PRODUTO TESTE,23,2011-03-07,16.61,10142,United Kingdom,382.03
540845,48034,PRODUTO TESTE,38,2011-05-11,46.58,10092,United Kingdom,1770.04
536547,93838,PRODUTO TESTE,1,2011-02-13,36.6,10005,United Kingdom,36.6
537377,58350,PRODUTO TESTE,37,2011-03-01,47.82,10009,United Kingdom,1769.34
541947,17642,PRODUTO TESTE,15,2011-01-02,0.79,10186,United Kingdom,11.850000000000001
538168,72794,PRODUTO TESTE,25,2011-12-24,33.07,10074,United Kingdom,826.75
542030,72862,PRODUTO TESTE,20,2011-08-24,22.19,10097,United Kingdom,443.8
543338,54630,PRODUTO TESTE,47,2011-10-04,6.08,10123,United Kingdom,285.76
539951,73087,PRODUTO TESTE,46,2011-10-24,39.17,10052,Germany,1801.8200000000002
543936,72214,PRODUTO TESTE,24,2011-12-21,2.83,10057,United Kingdom,67.92
542607,15897,PRODUTO TESTE,3,2011-02-16,27.42,10083,United Kingdom,82.26
542446,85144,PRODUTO TESTE,36,2011-04-02,28.34,10051,United Kingdom,1020.24
543808,72427,PRODUTO TESTE,6,2011-08-13,31.98,10151,United Kingdom,191.88
537654,29745,PRODUTO TESTE,41,2011-10-27,16.12,10020,United Kingdom,660.9200000000001
542825,29127,PRODUTO TESTE,28,2011-10-10,1.67,10165,United Kingdom,46.76
544619,96223,PRODUTO TESTE,14,2011-09-23,44.5,10069,United Kingdom,623.0
544930,32906,PRODUTO TESTE,48,2011-04-25,46.5,10112,United Kingdom,2232.0
541202,12911,PRODUTO TESTE,23,2011-05-14,24.36,10031,Eire,560.28
542789,12827,PRODUTO TESTE,16,2011-01-30,1.52,10077,United Kingdom,24.32
543997,30545,PRODUTO TESTE,5,2011-04-25,29.25,10150,United Kingdom,146.25
543669,66462,PRODUTO TESTE,30,2011-02-26,16.14,10054,France,484.20000000000005
544080,51064,PRODUTO TESTE,9,2011-12-09,9.53,10026,United Kingdom,85.77
543491,75854,PRODUTO TESTE,3,2011-02-03,8.86,10104,United Kingdom,26.58
539431,30885,PRODUTO TESTE,1,2011-05-13,9.37,10032,United Kingdom,9.37
542572,30744,PRODUTO TESTE,30,2011-11-20,16.88,10062,United Kingdom,506.4
539693,46379,PRODUTO TESTE,45,2011-12-15,14.39,10090,United Kingdom,647.5500000000001
543216,81327,PRODUTO TESTE,8,2011-05-18,41.9,10112,United Kingdom,335.2
543292,55264,PRODUTO TESTE,6,2011-06-19,25.02,10127,United Kingdom,150.12
544412,78582,PRODUTO TESTE,28,2011-07-11,21.67,10135,United Kingdom,606.76
541294,18434,PRODUTO TESTE,2,2011-10-28,7.72,10168,United Kingdom,15.44
537489,49366,PRODUTO TESTE,30,2011-07-11,3.21,10072,Germany,96.3
541744,16140,PRODUTO TESTE,23,2011-05-16,12.36,10000,United Kingdom,284.28
540634,35216,PRODUTO TESTE,8,2011-08-25,35.26,10042,United Kingdom,282.08
542086,51002,PRODUTO TESTE,5,2011-11-01,40.16,10119,United Kingdom,200.79999999999998
543659,24888,PRODUTO TESTE,32,2011-01-28,20.81,10178,United Kingdom,665.92
537338,34265,PRODUTO TESTE,31,2011-10-08,17.66,10154,United Kingdom,547.46
539882,96292,PRODUTO TESTE,36,2011-06-25,14.78,10129,United Kingdom,532.0799999999999
543377,83596,PRODUTO TESTE,41,2011-02-05,17.76,10034,United Kingdom,728.1600000000001
543005,58857,PRODUTO TESTE,6,2011-05-04,16.74,10167,United Kingdom,100.44
543194,17053,PRODUTO TESTE,49,2011-04-01,1.34,10178,United Kingdom,65.66000000000001
543695,46075,PRODUTO TESTE,42,2011-02-08,47.44,10019,United Kingdom,1992.48
544656,56210,PRODUTO TESTE,20,2011-04-18,3.5,10093,United Kingdom,70.0
541472,34951,PRODUTO TESTE,38,2011-11-01,13.91,10166,France,528.58
538240,34019,PRODUTO TESTE,31,2011-09-19,46.11,10095,United Kingdom,1429.41
541071,74093,PRODUTO TESTE,37,2011-03-18,36.9,10168,United Kingdom,1365.3
542812,39006,PRODUTO TESTE,44,2011-09-30,5.3,10011,United Kingdom,233.2
540897,44348,PRODUTO TESTE,37,2011-04-01,40.53,10068,United Kingdom,1499.6100000000001
544426,21482,PRODUTO TESTE,28,2011-01-23,12.88,10043,United Kingdom,360.64000000000004
537906,89283,PRODUTO TESTE,12,2011-04-25,47.83,10094,United Kingdom,573.96
544162,30045,PRODUTO TESTE,18,2011-12-29,11.95,10117,Germany,215.1
540032,82334,PRODUTO TESTE,16,2011-07-22,31.46,10092,France,503.36
541161,39388,PRODUTO TESTE,18,2011-01-20,27.49,10039,United Kingdom,494.82
541940,12850,PRODUTO TESTE,29,2011-12-23,7.58,10060,United Kingdom,219.82
541212,46799,PRODUTO TESTE,36,2011-10-29,18.46,10135,United Kingdom,664.5600000000001
544134,57095,PRODUTO TESTE,16,2011-07-18,39.17,10005,United Kingdom,626.72
537505,52159,PRODUTO TESTE,40,2011-09-28,11.02,10042,United Kingdom,440.79999999999995
544774,56817,PRODUTO TESTE,39,2011-08-04,15.13,10019,United Kingdom,590.07
537981,80111,PRODUTO TESTE,32,2011-11-30,31.52,10082,United Kingdom,1008.64
538295,43299,PRODUTO TESTE,23,2011-06-10,31.13,10041,United Kingdom,715.99
540275,23037,PRODUTO TESTE,15,2011-01-15,23.8,10020,United Kingdom,357.0
542522,54850,PRODUTO TESTE,15,2011-10-04,32.94,10084,United Kingdom,494.09999999999997
544630,60392,PRODUTO TESTE,14,2011-09-24,37.31,10104,United Kingdom,522.34
543162,47606,PRODUTO TESTE,47,2011-09-28,31.14,10035,United Kingdom,1463.58
539970,96798,PRODUTO TESTE,29,2011-02-20,30.53,10026,Germany,885.37
541808,17271,PRODUTO TESTE,49,2011-02-11,20.4,10130,United Kingdom,999.5999999999999
537900,16087,PRODUTO TESTE,24,2011-10-17,4.01,10172,France,96.24
540168,34649,PRODUTO TESTE,30,2011-11-09,8.41,10036,United Kingdom,252.3
537700,62735,PRODUTO TESTE,27,2011-01-29,30.53,10064,United Kingdom,824.3100000000001
536244,13824,PRODUTO TESTE,22,2011-08-01,46.4,10068,United Kingdom,1020.8
543708,27428,PRODUTO TESTE,29,2011-07-02,1.77,10072,United Kingdom,51.33
543242,46810,PRODUTO TESTE,44,2011-05-08,27.43,10048,United Kingdom,1206.92
540596,43789,PRODUTO TESTE,34,2011-08-24,12.98,10011,United Kingdom,441.32
536130,86179,PRODUTO TESTE,41,2011-11-30,28.31,10105,United Kingdom,1160.71
536811,59181,PRODUTO TESTE,25,2011-10-27,37.61,10071,United Kingdom,940.25
537005,88504,PRODUTO TESTE,37,2011-02-25,36.9,10068,France,1365.3
542453,78382,PRODUTO TESTE,43,2011-06-19,36.38,10052,Eire,1564.3400000000001
537831,47267,PRODUTO TESTE,6,2011-12-08,39.06,10185,United Kingdom,234.36
538251,97994,PRODUTO TESTE,42,2011-03-28,4.09,10122,United Kingdom,171.78
543749,85933,PRODUTO TESTE,32,2011-11-08,25.72,10083,Germany,823.04
543887,54425,PRODUTO TESTE,19,2011-06-29,13.46,10041,United Kingdom,255.74
542867,86549,PRODUTO TESTE,37,2011-07-10,46.1,10160,United Kingdom,1705.7
538786,33127,PRODUTO TESTE,4,2011-04-02,39.25,10177,United Kingdom,157.0
541219,28738,PRODUTO TESTE,33,2011-12-02,5.82,10006,United Kingdom,192.06
537802,81240,PRODUTO TESTE,26,2011-07-12,12.54,10185,United Kingdom,326.03999999999996
543721,81015,PRODUTO TESTE,43,2011-07-29,23.03,10139,United Kingdom,990.2900000000001
536763,29941,PRODUTO TESTE,29,2011-06-18,48.16,10019,United Kingdom,1396.6399999999999
542699,77856,PRODUTO TESTE,23,2011-02-02,5.93,10150,United Kingdom,136.39
540603,55705,PRODUTO TESTE,23,2011-10-12,28.61,10021,United Kingdom,658.03
542817,60272,PRODUTO TESTE,25,2011-04-30,17.39,10010,United Kingdom,434.75
540056,86203,PRODUTO TESTE,43,2011-03-29,32.49,10023,United Kingdom,1397.0700000000002
537423,24405,PRODUTO TESTE,38,2011-10-13,32.61,10091,Eire,1239.18
541679,36090,PRODUTO TESTE,24,2011-09-07,39.4,10081,United Kingdom,945.5999999999999
540181,60127,PRODUTO TESTE,10,2011-06-23,5.02,10024,United Kingdom,50.199999999999996
539354,24211,PRODUTO TESTE,4,2011-10-19,41.0,10039,United Kingdom,164.0
539094,20759,PRODUTO TESTE,42,2011-01-19,10.99,10170,United Kingdom,461.58
540330,72653,PRODUTO TESTE,42,2011-10-10,29.68,10192,United Kingdom,1246.56
538354,15037,PRODUTO TESTE,46,2011-03-25,17.69,10150,United Kingdom,813.74
538541,47552,PRODUTO TESTE,16,2011-11-14,30.68,10020,United Kingdom,490.88
538503,98764,PRODUTO TESTE,18,2011-05-10,13.74,10163,United Kingdom,247.32
536114,99900,PRODUTO TESTE,37,2011-01-03,28.66,10138,Germany,1060.42
544350,26100,PRODUTO TESTE,5,2011-06-27,0.91,10105,United Kingdom,4.55
537485,40199,PRODUTO TESTE,18,2011-04-09,41.41,10199,United Kingdom,745.3799999999999
537360,27870,PRODUTO TESTE,29,2011-09-19,23.42,10088,United Kingdom,679.1800000000001
544893,55421,PRODUTO TESTE,20,2011-07-24,25.21,10008,United Kingdom,504.20000000000005
540290,53955,PRODUTO TESTE,6,2011-09-16,31.27,10041,United Kingdom,187.62
538942,43702,PRODUTO TESTE,23,2011-11-17,21.99,10080,United Kingdom,505.77
539635,48446,PRODUTO TESTE,46,2011-06-20,43.42,10012,United Kingdom,1997.3200000000002
536795,18760,PRODUTO TESTE,10,2011-07-18,20.46,10064,United Kingdom,204.60000000000002
538823,33733,PRODUTO TESTE,17,2011-01-22,47.16,10093,United Kingdom,801.7199999999999
538238,27722,PRODUTO TESTE,12,2011-04-15,43.91,10189,United Kingdom,526.92
543228,93895,PRODUTO TESTE,11,2011-09-22,21.34,10017,United Kingdom,234.74
536525,54409,PRODUTO TESTE,31,2011-01-23,18.61,10115,United Kingdom,576.91
539829,59156,PRODUTO TESTE,15,2011-05-12,33.99,10183,United Kingdom,509.85
543110,49491,PRODUTO TESTE,29,2011-02-19,37.89,10161,United Kingdom,1098.81
540612,81836,PRODUTO TESTE,31,2011-07-24,12.43,10034,United Kingdom,385.33
539032,38060,PRODUTO TESTE,15,2011-09-07,38.15,10195,Eire,572.25
538000,37757,PRODUTO TESTE,42,2011-03-23,35.86,10065,United Kingdom,1506.12
541958,94627,PRODUTO TESTE,13,2011-01-19,9.86,10099,United Kingdom,128.18
538633,93705,PRODUTO TESTE,33,2011-05-26,27.08,10106,United Kingdom,893.64
541675,35452,PRODUTO TESTE,14,2011-03-09,38.33,10098,United Kingdom,536.62
541901,40280,PRODUTO TESTE,44,2011-04-28,47.38,10057,France,2084.7200000000003
544458,39816,PRODUTO TESTE,47,2011-04-27,9.34,10194,United Kingdom,438.98
539333,80577,PRODUTO TESTE,44,2011-10-13,15.56,10191,United Kingdom,684.64
544651,95437,PRODUTO TESTE,16,2011-04-27,17.74,10076,Eire,283.84
539606,89885,PRODUTO TESTE,12,2011-02-25,31.44,10161,United Kingdom,377.28000000000003
542126,85642,PRODUTO TESTE,28,2011-12-16,7.25,10079,United Kingdom,203.0
541954,41357,PRODUTO TESTE,39,2011-01-18,10.07,10158,United Kingdom,392.73
543360,38526,PRODUTO TESTE,23,2011-03-16,39.13,10116,United Kingdom,899.99
540221,90007,PRODUTO TESTE,35,2011-05-07,27.33,10094,United Kingdom,956.55
543131,45575,PRODUTO TESTE,43,2011-01-23,8.44,10025,United Kingdom,362.91999999999996
539198,29380,PRODUTO TESTE,36,2011-11-25,19.73,10130,Germany,710.28
540421,85802,PRODUTO TESTE,15,2011-05-09,7.16,10064,United Kingdom,107.4
540497,53162,PRODUTO TESTE,8,2011-10-13,18.45,10043,United Kingdom,147.6
542340,17747,PRODUTO TESTE,18,2011-02-19,20.31,10038,United Kingdom,365.58
541565,90654,PRODUTO TESTE,26,2011-07-10,6.05,10196,United Kingdom,157.29999999999998
536704,36520,PRODUTO TESTE,41,2011-02-16,3.46,10020,France,141.85999999999999
543281,37808,PRODUTO TESTE,11,2011-03-26,44.14,10159,United Kingdom,485.54
542822,57839,PRODUTO TESTE,3,2011-05-29,44.44,10173,United Kingdom,133.32
536940,34320,PRODUTO TESTE,12,2011-11-11,0.63,10006,Germany,7.5600000000000005
544656,84600,PRODUTO TESTE,27,2011-04-22,32.24,10117,Germany,870.48
541946,72247,PRODUTO TESTE,7,2011-10-03,5.14,10115,France,35.98
536764,60814,PRODUTO TESTE,16,2011-02-03,40.6,10071,United Kingdom,649.6
540422,28007,PRODUTO TESTE,9,2011-04-02,44.04,10133,United Kingdom,396.36
543525,54079,PRODUTO TESTE,49,2011-08-09,31.02,10081,United Kingdom,1519.98
538518,34513,PRODUTO TESTE,23,2011-06-20,30.85,10087,United Kingdom,709.5500000000001
544396,96589,PRODUTO TESTE,34,2011-07-03,18.89,10086,Germany,642.26
539765,81341,PRODUTO TESTE,23,2011-09-05,12.85,10160,United Kingdom,295.55
539208,57522,PRODUTO TESTE,9,2011-09-11,7.12,10075,Germany,64.08
540723,80205,PRODUTO TESTE,41,2011-11-11,33.78,10185,Eire,1384.98
542193,57096,PRODUTO TESTE,23,2011-10-07,23.77,10160,United Kingdom,546.71
544350,21433,PRODUTO TESTE,33,2011-04-14,9.29,10186,France,306.57
537754,22581,PRODUTO TESTE,36,2011-05-09,29.62,10146,United Kingdom,1066.32
544642,75953,PRODUTO TESTE,25,2011-12-17,39.87,10078,United Kingdom,996.7499999999999
540749,57159,PRODUTO TESTE,26,2011-10-16,29.65,10154,United Kingdom,770.9
537150,58877,PRODUTO TESTE,7,2011-12-07,26.72,10065,Eire,187.04
544338,34295,PRODUTO TESTE,8,2011-11-30,42.46,10054,Germany,339.68
539141,33817,PRODUTO TESTE,3,2011-06-08,1.03,10090,United Kingdom,3.09
541585,46651,PRODUTO TESTE,11,2011-02-17,31.03,10193,United Kingdom,341.33000000000004
542283,58899,PRODUTO TESTE,29,2011-03-25,20.78,10113,United Kingdom,602.62
536120,52186,PRODUTO TESTE,46,2011-04-18,10.08,10076,United Kingdom,463.68
537994,89146,PRODUTO TESTE,19,2011-11-01,48.99,10092,United Kingdom,930.8100000000001
542178,27013,PRODUTO TESTE,28,2011-04-11,20.49,10058,United Kingdom,573.7199999999999
538922,52496,PRODUTO TESTE,42,2011-05-12,17.1,10131,United Kingdom,718.2
536083,31173,PRODUTO TESTE,32,2011-11-07,8.87,10070,United Kingdom,283.84
536209,10592,PRODUTO TESTE,9,2011-03-01,49.89,10110,United Kingdom,449.01
543438,47326,PRODUTO TESTE,10,2011-08-31,42.87,10073,United Kingdom,428.7
537381,15094,PRODUTO TESTE,30,2011-07-21,3.96,10064,Eire,118.8
536903,43489,PRODUTO TESTE,10,2011-12-26,28.5,10194,United Kingdom,285.0
541060,66936,PRODUTO TESTE,8,2011-06-28,7.8,10069,United Kingdom,62.4
537070,43824,PRODUTO TESTE,27,2011-07-10,35.93,10014,United Kingdom,970.11
541877,71013,PRODUTO TESTE,29,2011-11-07,24.46,10075,Germany,709.34
540896,36547,PRODUTO TESTE,8,2011-12-28,5.96,10106,United Kingdom,47.68
540424,88763,PRODUTO TESTE,37,2011-09-12,45.58,10061,United Kingdom,1686.46
543005,31849,PRODUTO TESTE,16,2011-11-16,17.39,10033,Germany,278.24
541802,55082,PRODUTO TESTE,29,2011-12-24,3.01,10100,United Kingdom,87.28999999999999
539737,74436,PRODUTO TESTE,4,2011-09-26,47.29,10144,United Kingdom,189.16
536138,42582,PRODUTO TESTE,12,2011-04-17,7.52,10193,United Kingdom,90.24
538461,37374,PRODUTO TESTE,28,2011-08-23,24.02,10077,United Kingdom,672.56
537182,72796,PRODUTO TESTE,1,2011-03-28,27.46,10172,Eire,27.46
536140,16660,PRODUTO TESTE,12,2011-07-02,12.24,10042,Eire,146.88
538458,33897,PRODUTO TESTE,34,2011-06-12,9.28,10156,United Kingdom,315.52
537859,46864,PRODUTO TESTE,37,2011-12-27,6.1,10112,United Kingdom,225.7
536690,29562,PRODUTO TESTE,14,2011-07-22,3.96,10151,Germany,55.44
538811,58521,PRODUTO TESTE,1,2011-12-17,25.65,10151,Eire,25.65
537603,96905,PRODUTO TESTE,25,2011-11-06,6.77,10051,United Kingdom,169.25
538458,64155,PRODUTO TESTE,33,2011-03-03,35.18,10105,United Kingdom,1160.94
536181,63299,PRODUTO TESTE,27,2011-10-10,20.92,10165,Germany,564.84
536453,75327,PRODUTO TESTE,17,2011-04-02,2.24,10194,United Kingdom,38.080000000000005
540076,52337,PRODUTO TESTE,7,2011-06-27,12.97,10036,United Kingdom,90.79
543095,25802,PRODUTO TESTE,20,2011-12-26,17.79,10020,United Kingdom,355.79999999999995
541666,36233,PRODUTO TESTE,11,2011-11-16,33.49,10133,United Kingdom,368.39000000000004
544421,96334,PRODUTO TESTE,28,2011-01-04,12.6,10010,United Kingdom,352.8
538300,41874,PRODUTO TESTE,15,2011-03-08,47.02,10131,United Kingdom,705.3000000000001
543183,39277,PRODUTO TESTE,47,2011-03-25,10.61,10189,United Kingdom,498.66999999999996
544431,83378,PRODUTO TESTE,17,2011-12-21,4.0,10169,United Kingdom,68.0
543564,10448,PRODUTO TESTE,33,2011-01-18,40.84,10020,United Kingdom,1347.72
537238,89104,PRODUTO TESTE,33,2011-08-02,34.04,10184,United Kingdom,1123.32
543909,73644,PRODUTO TESTE,46,2011-12-13,48.56,10184,United Kingdom,2233.76
541076,87758,PRODUTO TESTE,33,2011-07-24,35.64,10115,United Kingdom,1176.1200000000001
537993,17808,PRODUTO TESTE,14,2011-06-12,20.93,10195,France,293.02
536554,13544,PRODUTO TESTE,31,2011-03-06,44.68,10000,Germany,1385.08
542479,40222,PRODUTO TESTE,38,2011-11-17,47.93,10123,United Kingdom,1821.34
539877,86487,PRODUTO TESTE,23,2011-02-08,39.69,10007,United Kingdom,912.8699999999999
538790,54867,PRODUTO TESTE,38,2011-12-07,28.05,10187,United Kingdom,1065.9
539512,74916,PRODUTO TESTE,48,2011-03-23,41.38,10136,United Kingdom,1986.2400000000002
544919,32057,PRODUTO TESTE,36,2011-02-20,9.36,10182,Germany,336.96
539850,40086,PRODUTO TESTE,22,2011-05-08,45.07,10112,United Kingdom,991.54
536708,89010,PRODUTO TESTE,22,2011-01-02,49.98,10016,United Kingdom,1099.56
538518,54108,PRODUTO TESTE,41,2011-01-06,33.42,10005,United Kingdom,1370.22
537308,80166,PRODUTO TESTE,43,2011-03-10,10.2,10067,United Kingdom,438.59999999999997
542172,67591,PRODUTO TESTE,9,2011-09-10,7.65,10148,France,68.85000000000001
543568,94917,PRODUTO TESTE,39,2011-04-01,43.63,10170,United Kingdom,1701.5700000000002
541695,95156,PRODUTO TESTE,7,2011-08-24,37.56,10047,United Kingdom,262.92
542916,80206,PRODUTO TESTE,49,2011-05-09,47.48,10099,France,2326.52
541649,48564,PRODUTO TESTE,45,2011-05-03,44.44,10093,United Kingdom,1999.8
536962,36794,PRODUTO TESTE,32,2011-11-22,8.56,10090,United Kingdom,273.92
540845,68087,PRODUTO TESTE,11,2011-07-06,9.55,10001,United Kingdom,105.05000000000001
536279,26728,PRODUTO TESTE,41,2011-11-10,16.96,10157,United Kingdom,695.36
540934,15462,PRODUTO TESTE,1,2011-08-28,21.91,10187,United Kingdom,21.91
539308,83381,PRODUTO TESTE,38,2011-03-10,3.14,10176,United Kingdom,119.32000000000001
540904,81216,PRODUTO TESTE,32,2011-05-05,36.18,10175,United Kingdom,1157.76
538574,86445,PRODUTO TESTE,2,2011-02-05,4.87,10197,United Kingdom,9.74
538436,64592,PRODUTO TESTE,13,2011-09-10,42.45,10074,United Kingdom,551.85
537165,88086,PRODUTO TESTE,31,2011-06-30,10.49,10170,United Kingdom,325.19
538950,80491,PRODUTO TESTE,31,2011-01-17,36.88,10113,United Kingdom,1143.28
543228,82600,PRODUTO TESTE,14,2011-05-27,29.8,10011,United Kingdom,417.2
544420,55882,PRODUTO TESTE,17,2011-10-30,19.59,10054,United Kingdom,333.03
541524,86247,PRODUTO TESTE,48,2011-12-03,17.99,10086,United Kingdom,863.52
540283,76827,PRODUTO TESTE,7,2011-08-10,10.43,10154,Eire,73.00999999999999
539807,11128,PRODUTO TESTE,45,2011-12-05,7.23,10029,United Kingdom,325.35
543059,69270,PRODUTO TESTE,49,2011-08-20,11.02,10042,United Kingdom,539.98
539723,98073,PRODUTO TESTE,18,2011-05-31,11.55,10107,United Kingdom,207.9
541093,75827,PRODUTO TESTE,39,2011-12-19,17.35,10048,United Kingdom,676.6500000000001
540231,95352,PRODUTO TESTE,41,2011-06-01,23.4,10193,United Kingdom,959.4
538569,15976,PRODUTO TESTE,14,2011-03-02,25.93,10015,United Kingdom,363.02
538612,89232,PRODUTO TESTE,35,2011-02-08,33.4,10192,United Kingdom,1169.0
536708,21545,PRODUTO TESTE,13,2011-07-27,29.63,10158,Eire,385.19
539958,89584,PRODUTO TESTE,38,2011-01-13,24.34,10171,United Kingdom,924.92
542412,97682,PRODUTO TESTE,47,2011-02-13,20.0,10170,France,940.0
542170,55994,PRODUTO TESTE,39,2011-03-31,13.66,10037,United Kingdom,532.74
544871,57927,PRODUTO TESTE,35,2011-07-13,35.64,10186,United Kingdom,1247.4
536359,54814,PRODUTO TESTE,15,2011-06-24,16.22,10118,United Kingdom,243.29999999999998
543155,83806,PRODUTO TESTE,22,2011-07-05,29.52,10175,Eire,649.4399999999999
539927,35333,PRODUTO TESTE,2,2011-12-29,31.88,10115,France,63.76
538546,35492,PRODUTO TESTE,22,2011-03-21,25.69,10074,Eire,565.1800000000001
539213,97160,PRODUTO TESTE,42,2011-06-23,46.46,10023,Eire,1951.32
542143,86491,PRODUTO TESTE,1,2011-08-12,21.37,10020,United Kingdom,21.37
543759,58626,PRODUTO TESTE,44,2011-04-10,21.63,10077,United Kingdom,951.7199999999999
541784,28079,PRODUTO TESTE,27,2011-03-08,44.7,10162,Germany,1206.9
541873,89118,PRODUTO TESTE,34,2011-04-30,22.73,10096,United Kingdom,772.82
541473,58697,PRODUTO TESTE,28,2011-03-13,12.63,10112,United Kingdom,353.64000000000004
536379,47745,PRODUTO TESTE,22,2011-04-10,40.17,10127,United Kingdom,883.74
544631,85888,PRODUTO TESTE,36,2011-09-12,14.33,10196,United Kingdom,515.88
544002,71849,PRODUTO TESTE,15,2011-10-30,0.78,10145,United Kingdom,11.700000000000001
540575,54382,PRODUTO TESTE,1,2011-07-08,1.46,10121,United Kingdom,1.46
539366,97116,PRODUTO TESTE,16,2011-01-25,48.93,10182,United Kingdom,782.88
542590,64758,PRODUTO TESTE,36,2011-09-26,28.21,10084,United Kingdom,1015.5600000000001
541738,53564,PRODUTO TESTE,47,2011-02-25,24.71,10186,United Kingdom,1161.3700000000001
542349,93409,PRODUTO TESTE,6,2011-01-21,45.93,10073,United Kingdom,275.58
540640,50480,PRODUTO TESTE,14,2011-07-27,17.91,10025,United Kingdom,250.74
538126,47638,PRODUTO TESTE,43,2011-06-05,39.85,10083,United Kingdom,1713.55
536659,44968,PRODUTO TESTE,12,2011-04-24,36.23,10025,United Kingdom,434.76
538549,29825,PRODUTO TESTE,8,2011-12-19,24.12,10023,United Kingdom,192.96
540760,35133,PRODUTO TESTE,40,2011-02-03,38.84,10176,United Kingdom,1553.6000000000001
539816,18188,PRODUTO TESTE,22,2011-01-20,48.31,10158,United Kingdom,1062.8200000000002
540557,75532,PRODUTO TESTE,27,2011-08-03,10.43,10044,United Kingdom,281.61
538499,63097,PRODUTO TESTE,21,2011-06-02,1.37,10167,United Kingdom,28.770000000000003
544440,93930,PRODUTO TESTE,28,2011-10-20,41.16,10013,United Kingdom,1152.48
539300,64997,PRODUTO TESTE,9,2011-01-15,20.48,10056,United Kingdom,184.32
543615,17235,PRODUTO TESTE,35,2011-06-03,27.45,10141,United Kingdom,960.75
539518,65862,PRODUTO TESTE,14,2011-02-23,11.51,10060,United Kingdom,161.14
539992,25772,PRODUTO TESTE,23,2011-01-16,42.17,10146,United Kingdom,969.9100000000001
541434,13344,PRODUTO TESTE,5,2011-06-18,36.2,10174,United Kingdom,181.0
537979,12467,PRODUTO TESTE,26,2011-02-27,24.02,10004,United Kingdom,624.52
539412,46818,PRODUTO TESTE,2,2011-11-04,48.84,10188,United Kingdom,97.68
543238,90586,PRODUTO TESTE,45,2011-07-09,25.79,10104,United Kingdom,1160.55
537301,33047,PRODUTO TESTE,47,2011-06-25,31.26,10101,United Kingdom,1469.22
539937,72594,PRODUTO TESTE,12,2011-12-03,33.87,10092,United Kingdom,406.43999999999994
542049,43897,PRODUTO TESTE,10,2011-05-01,24.74,10086,United Kingdom,247.39999999999998
542356,20198,PRODUTO TESTE,22,2011-03-15,28.36,10138,United Kingdom,623.92
539909,27731,PRODUTO TESTE,6,2011-10-14,11.55,10115,United Kingdom,69.30000000000001
536732,16717,PRODUTO TESTE,42,2011-02-09,18.44,10032,United Kingdom,774.48
540229,24566,PRODUTO TESTE,19,2011-10-29,2.43,10133,Germany,46.17
543290,89493,PRODUTO TESTE,5,2011-12-23,35.17,10022,United Kingdom,175.85000000000002
536253,82621,PRODUTO TESTE,40,2011-06-17,15.54,10075,United Kingdom,621.5999999999999
543987,41801,PRODUTO TESTE,2,2011-08-16,13.96,10158,Germany,27.92
542083,75077,PRODUTO TESTE,19,2011-11-19,34.83,10123,United Kingdom,661.77
536072,28389,PRODUTO TESTE,40,2011-02-18,11.14,10027,United Kingdom,445.6
539093,67478,PRODUTO TESTE,19,2011-04-22,48.1,10008,United Kingdom,913.9
537984,28216,PRODUTO TESTE,5,2011-06-22,49.54,10116,United Kingdom,247.7
544543,67670,PRODUTO TESTE,3,2011-08-18,23.18,10092,United Kingdom,69.53999999999999
540993,42188,PRODUTO TESTE,28,2011-09-05,20.37,10192,United Kingdom,570.36
538917,87297,PRODUTO TESTE,1,2011-12-04,4.41,10104,United Kingdom,4.41
538502,85154,PRODUTO TESTE,14,2011-06-28,39.02,10186,United Kingdom,546.2800000000001
541074,40010,PRODUTO TESTE,28,2011-03-04,8.55,10042,United Kingdom,239.40000000000003
536045,13703,PRODUTO TESTE,15,2011-03-11,46.69,10089,United Kingdom,700.3499999999999
538316,39000,PRODUTO TESTE,40,2011-10-20,49.53,10027,United Kingdom,1981.2
537488,35376,PRODUTO TESTE,32,2011-06-18,6.56,10114,United Kingdom,209.92
541581,48287,PRODUTO TESTE,2,2011-08-19,34.31,10037,United Kingdom,68.62
542023,61689,PRODUTO TESTE,39,2011-07-25,23.57,10098,United Kingdom,919.23
540203,99069,PRODUTO TESTE,45,2011-10-24,27.29,10068,United Kingdom,1228.05
537260,15645,PRODUTO TESTE,6,2011-03-21,9.39,10037,United Kingdom,56.34
539335,59940,PRODUTO TESTE,14,2011-03-04,36.31,10019,United Kingdom,508.34000000000003
543586,25446,PRODUTO TESTE,16,2011-09-25,8.75,10102,United Kingdom,140.0
537833,59220,PRODUTO TESTE,18,2011-06-08,44.32,10189,France,797.76
537470,67314,PRODUTO TESTE,20,2011-10-25,22.97,10039,United Kingdom,459.4
537003,82862,PRODUTO TESTE,44,2011-02-17,31.93,10080,United Kingdom,1404.92
543350,60399,PRODUTO TESTE,30,2011-04-10,46.13,10044,United Kingdom,1383.9
537078,26025,PRODUTO TESTE,44,2011-12-17,37.03,10161,United Kingdom,1629.3200000000002
541234,92228,PRODUTO TESTE,14,2011-11-04,27.27,10082,United Kingdom,381.78
544991,46485,PRODUTO TESTE,23,2011-01-23,20.43,10194,United Kingdom,469.89
539710,67721,PRODUTO TESTE,10,2011-01-24,17.41,10016,United Kingdom,174.1
537861,33847,PRODUTO TESTE,27,2011-02-13,47.34,10116,Germany,1278.18
536017,98920,PRODUTO TESTE,4,2011-11-24,13.02,10130,United Kingdom,52.08
537400,14010,PRODUTO TESTE,47,2011-02-15,20.76,10198,United Kingdom,975.72
544576,23902,PRODUTO TESTE,9,2011-04-20,39.02,10174,Germany,351.18
537292,99110,PRODUTO TESTE,3,2011-02-19,18.53,10176,United Kingdom,55.59
536179,50681,PRODUTO TESTE,37,2011-08-06,44.39,10126,United Kingdom,1642.43
539767,91501,PRODUTO TESTE,12,2011-04-15,2.05,10085,United Kingdom,24.599999999999998
539212,99133,PRODUTO TESTE,5,2011-04-30,31.62,10026,United Kingdom,158.1
542457,75297,PRODUTO TESTE,33,2011-08-25,25.66,10086,France,846.78
540707,71493,PRODUTO TESTE,41,2011-07-01,46.69,10072,United Kingdom,1914.29
544231,65239,PRODUTO TESTE,5,2011-03-12,21.45,10007,United Kingdom,107.25
540208,71497,PRODUTO TESTE,17,2011-06-19,7.21,10040,United Kingdom,122.57
542415,33139,PRODUTO TESTE,21,2011-06-17,16.82,10106,United Kingdom,353.22
543909,83366,PRODUTO TESTE,33,2011-05-10,19.96,10073,United Kingdom,658.6800000000001
540172,26848,PRODUTO TESTE,14,2011-07-14,29.37,10198,United Kingdom,411.18
538558,53156,PRODUTO TESTE,23,2011-04-30,14.09,10095,Eire,324.07
544769,43678,PRODUTO TESTE,22,2011-05-02,27.74,10191,United Kingdom,610.28
536353,32959,PRODUTO TESTE,26,2011-04-02,21.47,10008,United Kingdom,558.22
541203,28587,PRODUTO TESTE,26,2011-05-01,32.75,10040,United Kingdom,851.5
544882,82762,PRODUTO TESTE,49,2011-02-21,11.83,10141,France,579.67
536777,53816,PRODUTO TESTE,23,2011-09-12,40.17,10109,United Kingdom,923.9100000000001
543644,74862,PRODUTO TESTE,44,2011-09-15,13.85,10060,United Kingdom,609.4
543473,89098,PRODUTO TESTE,14,2011-09-05,29.2,10104,United Kingdom,408.8
544360,85166,PRODUTO TESTE,33,2011-03-03,15.36,10180,Germany,506.88
539794,45993,PRODUTO TESTE,44,2011-06-14,3.84,10077,United Kingdom,168.95999999999998
538292,25397,PRODUTO TESTE,3,2011-04-17,16.32,10009,United Kingdom,48.96
540609,96400,PRODUTO TESTE,26,2011-10-06,11.0,10062,United Kingdom,286.0
537282,37896,PRODUTO TESTE,45,2011-05-03,44.69,10187,United Kingdom,2011.05
543585,79228,PRODUTO TESTE,25,2011-06-01,13.68,10152,United Kingdom,342.0
541969,79168,PRODUTO TESTE,44,2011-06-15,48.73,10167,United Kingdom,2144.12
540349,49838,PRODUTO TESTE,18,2011-10-05,24.87,10182,United Kingdom,447.66
540642,24719,PRODUTO TESTE,43,2011-09-14,11.44,10023,Eire,491.91999999999996
542409,52491,PRODUTO TESTE,29,2011-10-27,19.87,10056,United Kingdom,576.23
540708,23104,PRODUTO TESTE,21,2011-06-06,9.58,10011,United Kingdom,201.18
543558,41692,PRODUTO TESTE,6,2011-10-27,41.77,10000,United Kingdom,250.62
544321,44474,PRODUTO TESTE,4,2011-11-14,6.44,10166,United Kingdom,25.76
544548,56644,PRODUTO TESTE,10,2011-07-11,43.74,10187,United Kingdom,437.40000000000003
541580,26779,PRODUTO TESTE,36,2011-09-06,2.77,10031,United Kingdom,99.72
542682,86125,PRODUTO TESTE,20,2011-11-28,15.33,10144,United Kingdom,306.6
538799,17101,PRODUTO TESTE,16,2011-11-03,7.42,10106,United Kingdom,118.72
536343,98706,PRODUTO TESTE,20,2011-04-11,34.42,10013,United Kingdom,688.4000000000001
539600,38149,PRODUTO TESTE,13,2011-09-19,25.86,10183,United Kingdom,336.18
543845,54057,PRODUTO TESTE,39,2011-06-12,47.0,10174,United Kingdom,1833.0
537201,88803,PRODUTO TESTE,16,2011-02-24,18.63,10113,Germany,298.08
540911,68880,PRODUTO TESTE,20,2011-05-16,2.52,10141,United Kingdom,50.4
537730,15087,PRODUTO TESTE,25,2011-12-23,38.2,10079,United Kingdom,955.0000000000001
539863,64367,PRODUTO TESTE,30,2011-12-16,29.19,10158,United Kingdom,875.7
537290,60948,PRODUTO TESTE,13,2011-10-15,41.46,10089,United Kingdom,538.98
543292,60669,PRODUTO TESTE,32,2011-07-29,37.04,10012,United Kingdom,1185.28
542825,99289,PRODUTO TESTE,25,2011-10-04,8.97,10034,United Kingdom,224.25000000000003
542343,57775,PRODUTO TESTE,30,2011-03-02,49.98,10193,United Kingdom,1499.3999999999999
538116,27309,PRODUTO TESTE,24,2011-04-20,9.1,10057,United Kingdom,218.39999999999998
540773,55495,PRODUTO TESTE,22,2011-03-05,41.58,10062,United Kingdom,914.76
536943,92564,PRODUTO TESTE,47,2011-12-09,11.02,10158,France,517.9399999999999
542016,14270,PRODUTO TESTE,46,2011-06-01,43.89,10057,United Kingdom,2018.94
536871,85770,PRODUTO TESTE,43,2011-05-28,24.05,10039,United Kingdom,1034.15
543316,56008,PRODUTO TESTE,17,2011-09-04,21.73,10192,United Kingdom,369.41
540130,74451,PRODUTO TESTE,24,2011-07-27,41.77,10039,United Kingdom,1002.48
543931,97146,PRODUTO TESTE,19,2011-05-16,29.18,10018,United Kingdom,554.42
540747,84903,PRODUTO TESTE,49,2011-04-26,31.25,10134,United Kingdom,1531.25
540923,46717,PRODUTO TESTE,20,2011-07-07,12.19,10173,United Kingdom,243.79999999999998
542233,94137,PRODUTO TESTE,36,2011-01-28,22.58,10025,Eire,812.8799999999999
543378,52508,PRODUTO TESTE,15,2011-03-10,18.79,10141,United Kingdom,281.84999999999997
537418,98072,PRODUTO TESTE,15,2011-01-16,33.43,10108,United Kingdom,501.45
540601,98384,PRODUTO TESTE,32,2011-02-26,10.23,10166,United Kingdom,327.36
536269,29946,PRODUTO TESTE,16,2011-03-14,20.58,10025,United Kingdom,329.28
543321,72809,PRODUTO TESTE,4,2011-01-21,27.55,10123,Eire,110.2
543788,79309,PRODUTO TESTE,43,2011-10-27,44.85,10168,United Kingdom,1928.55
538551,25098,PRODUTO TESTE,15,2011-03-08,12.01,10072,United Kingdom,180.15
540964,23631,PRODUTO TESTE,46,2011-02-05,25.27,10125,United Kingdom,1162.42
539563,90811,PRODUTO TESTE,49,2011-12-12,20.33,10025,United Kingdom,996.17
537602,88598,PRODUTO TESTE,22,2011-03-29,34.38,10184,Eire,756.36
538744,62305,PRODUTO TESTE,29,2011-10-01,7.86,10159,United Kingdom,227.94
539636,21687,PRODUTO TESTE,36,2011-08-23,26.21,10060,United Kingdom,943.5600000000001
544286,49535,PRODUTO TESTE,11,2011-08-18,31.65,10077,United Kingdom,348.15
540903,80879,PRODUTO TESTE,25,2011-07-05,41.6,10108,United Kingdom,1040.0
539484,18939,PRODUTO TESTE,25,2011-10-09,1.49,10193,United Kingdom,37.25
541944,46592,PRODUTO TESTE,13,2011-10-25,23.12,10179,United Kingdom,300.56
539874,95793,PRODUTO TESTE,47,2011-12-10,36.15,10194,United Kingdom,1699.05
540403,36842,PRODUTO TESTE,28,2011-12-27,4.2,10087,Germany,117.60000000000001
537960,98919,PRODUTO TESTE,36,2011-09-21,20.6,10140,United Kingdom,741.6
543783,92980,PRODUTO TESTE,19,2011-12-06,39.38,10152,United Kingdom,748.22
543801,62841,PRODUTO TESTE,22,2011-02-08,26.84,10096,United Kingdom,590.48
537574,25721,PRODUTO TESTE,19,2011-07-17,37.62,10091,United Kingdom,714.78
539114,29984,PRODUTO TESTE,18,2011-08-26,18.52,10091,United Kingdom,333.36
538447,11546,PRODUTO TESTE,31,2011-12-05,46.04,10172,United Kingdom,1427.24
544306,79740,PRODUTO TESTE,49,2011-02-13,4.33,10077,United Kingdom,212.17000000000002
536587,75293,PRODUTO TESTE,37,2011-10-22,5.01,10055,United Kingdom,185.37
537866,38992,PRODUTO TESTE,31,2011-01-29,26.66,10072,United Kingdom,826.46
541040,61938,PRODUTO TESTE,23,2011-09-10,32.1,10078,United Kingdom,738.3000000000001
538240,83488,PRODUTO TESTE,47,2011-04-17,11.84,10022,United Kingdom,556.48
540829,17803,PRODUTO TESTE,16,2011-11-01,11.69,10017,United Kingdom,187.04
542725,27899,PRODUTO TESTE,25,2011-12-06,37.58,10144,United Kingdom,939.5
543457,82664,PRODUTO TESTE,12,2011-02-27,14.94,10015,United Kingdom,179.28
536891,43268,PRODUTO TESTE,5,2011-04-05,36.5,10113,United Kingdom,182.5
537249,96316,PRODUTO TESTE,33,2011-01-28,32.21,10155,United Kingdom,1062.93
536856,89268,PRODUTO TESTE,12,2011-09-17,4.62,10144,United Kingdom,55.44
544189,18479,PRODUTO TESTE,27,2011-11-20,35.7,10089,United Kingdom,963.9000000000001
541868,46324,PRODUTO TESTE,27,2011-08-08,44.04,10038,United Kingdom,1189.08
540782,75843,PRODUTO TESTE,41,2011-02-18,40.92,10186,United Kingdom,1677.72
543118,22275,PRODUTO TESTE,46,2011-03-05,0.94,10167,United Kingdom,43.239999999999995
541274,87474,PRODUTO TESTE,25,2011-01-13,27.22,10122,United Kingdom,680.5
540591,19855,PRODUTO TESTE,27,2011-09-21,30.14,10007,United Kingdom,813.78
542328,58909,PRODUTO TESTE,43,2011-02-24,14.87,10063,United Kingdom,639.41
536324,32211,PRODUTO TESTE,21,2011-11-06,10.13,10031,United Kingdom,212.73000000000002
541457,67523,PRODUTO TESTE,26,2011-04-03,34.4,10172,United Kingdom,894.4
540473,45268,PRODUTO TESTE,36,2011-07-07,38.68,10041,United Kingdom,1392.48
536625,34368,PRODUTO TESTE,19,2011-09-01,45.67,10056,United Kingdom,867.73
538371,85307,PRODUTO TESTE,17,2011-07-17,45.33,10195,United Kingdom,770.61
540036,24353,PRODUTO TESTE,21,2011-06-24,17.29,10163,United Kingdom,363.09
539084,54408,PRODUTO TESTE,41,2011-05-03,30.39,10043,United Kingdom,1245.99
538610,25163,PRODUTO TESTE,21,2011-06-06,5.53,10076,United Kingdom,116.13000000000001
541841,22326,PRODUTO TESTE,12,2011-03-29,5.18,10103,United Kingdom,62.16
539639,28466,PRODUTO TESTE,27,2011-04-18,4.04,10132,United Kingdom,109.08
540479,33073,PRODUTO TESTE,33,2011-10-03,46.39,10187,United Kingdom,1530.8700000000001
543184,47082,PRODUTO TESTE,45,2011-11-19,8.05,10174,Eire,362.25000000000006
536838,52063,PRODUTO TESTE,44,2011-11-06,24.38,10195,France,1072.72
539239,22488,PRODUTO TESTE,38,2011-05-01,21.94,10008,United Kingdom,833.72
536657,13533,PRODUTO TESTE,37,2011-04-28,16.58,10047,United Kingdom,613.4599999999999
544345,18519,PRODUTO TESTE,19,2011-01-22,27.12,10112,United Kingdom,515.28
537670,66789,PRODUTO TESTE,13,2011-04-10,0.64,10009,United Kingdom,8.32
543378,97654,PRODUTO TESTE,25,2011-08-02,19.32,10071,United Kingdom,483.0
537717,12278,PRODUTO TESTE,33,2011-04-08,24.23,10030,United Kingdom,799.59
538916,13127,PRODUTO TESTE,23,2011-09-25,40.26,10186,United Kingdom,925.9799999999999
541474,80277,PRODUTO TESTE,6,2011-01-19,35.2,10012,United Kingdom,211.20000000000002
537918,25572,PRODUTO TESTE,18,2011-06-30,7.47,10029,United Kingdom,134.46
543935,87888,PRODUTO TESTE,38,2011-01-10,20.35,10113,France,773.3000000000001
538897,66123,PRODUTO TESTE,38,2011-06-02,48.17,10072,United Kingdom,1830.46
537887,24193,PRODUTO TESTE,39,2011-10-15,11.11,10182,United Kingdom,433.28999999999996
542691,20406,PRODUTO TESTE,33,2011-11-09,9.15,10052,United Kingdom,301.95
543802,80111,PRODUTO TESTE,43,2011-06-06,47.52,10132,United Kingdom,2043.3600000000001
543881,80291,PRODUTO TESTE,47,2011-09-09,7.89,10125,United Kingdom,370.83
543708,62877,PRODUTO TESTE,41,2011-06-19,38.59,10159,France,1582.19
538657,56416,PRODUTO TESTE,19,2011-07-18,21.77,10040,United Kingdom,413.63
537027,72586,PRODUTO TESTE,6,2011-05-05,24.86,10101,United Kingdom,149.16
539828,21772,PRODUTO TESTE,44,2011-11-02,25.19,10160,United Kingdom,1108.3600000000001
539011,42840,PRODUTO TESTE,5,2011-08-19,48.43,10172,France,242.15
544631,18903,PRODUTO TESTE,38,2011-12-17,9.64,10123,United Kingdom,366.32000000000005
541685,85496,PRODUTO TESTE,48,2011-10-12,38.77,10130,France,1860.96
544499,64530,PRODUTO TESTE,44,2011-05-15,0.78,10172,United Kingdom,34.32
542757,79949,PRODUTO TESTE,23,2011-04-30,31.62,10124,United Kingdom,727.26
542434,54784,PRODUTO TESTE,40,2011-02-02,32.81,10189,United Kingdom,1312.4
537006,93687,PRODUTO TESTE,40,2011-08-16,37.81,10025,United Kingdom,1512.4
536620,93659,PRODUTO TESTE,48,2011-10-01,46.34,10069,United Kingdom,2224.32
536418,65472,PRODUTO TESTE,14,2011-05-10,37.81,10022,Eire,529.34
541340,85044,PRODUTO TESTE,29,2011-01-08,36.74,10018,United Kingdom,1065.46
537815,69360,PRODUTO TESTE,39,2011-10-29,13.06,10094,United Kingdom,509.34000000000003
544901,75136,PRODUTO TESTE,7,2011-03-23,49.65,10045,Germany,347.55
537193,32245,PRODUTO TESTE,7,2011-08-01,23.69,10081,Germany,165.83
544522,98414,PRODUTO TESTE,16,2011-01-20,21.16,10087,Eire,338.56
542008,26591,PRODUTO TESTE,14,2011-01-23,25.34,10124,Germany,354.76
536954,72514,PRODUTO TESTE,36,2011-11-24,20.01,10189,United Kingdom,720.36
536526,64613,PRODUTO TESTE,46,2011-09-03,29.89,10169,France,1374.94
539563,18312,PRODUTO TESTE,3,2011-01-02,17.81,10075,United Kingdom,53.42999999999999
539050,79716,PRODUTO TESTE,12,2011-02-06,12.38,10065,United Kingdom,148.56
538839,16980,PRODUTO TESTE,46,2011-06-29,46.44,10154,United Kingdom,2136.24
540757,55861,PRODUTO TESTE,27,2011-09-06,46.43,10024,United Kingdom,1253.61
537167,83427,PRODUTO TESTE,6,2011-06-04,25.06,10108,United Kingdom,150.35999999999999
537165,21267,PRODUTO TESTE,28,2011-11-15,48.13,10084,United Kingdom,1347.64
542253,42462,PRODUTO TESTE,43,2011-08-27,21.08,10036,United Kingdom,906.4399999999999
544912,55748,PRODUTO TESTE,15,2011-08-13,19.68,10123,United Kingdom,295.2
538464,93184,PRODUTO TESTE,21,2011-04-16,45.89,10064,United Kingdom,963.69
544387,44376,PRODUTO TESTE,28,2011-09-06,31.83,10037,United Kingdom,891.24
539103,20642,PRODUTO TESTE,41,2011-11-15,38.24,10130,United Kingdom,1567.8400000000001
539022,21828,PRODUTO TESTE,26,2011-01-18,20.93,10034,United Kingdom,544.18
536813,27890,PRODUTO TESTE,47,2011-09-26,20.65,10134,United Kingdom,970.55
539809,87996,PRODUTO TESTE,36,2011-11-18,4.62,10032,United Kingdom,166.32
540481,79584,PRODUTO TESTE,18,2011-06-07,48.35,10086,United Kingdom,870.3000000000001
541973,47600,PRODUTO TESTE,21,2011-10-07,11.78,10161,United Kingdom,247.38
537423,86271,PRODUTO TESTE,33,2011-05-11,24.97,10045,United Kingdom,824.01
539888,88046,PRODUTO TESTE,7,2011-10-25,32.52,10144,United Kingdom,227.64000000000001
536626,10408,PRODUTO TESTE,8,2011-04-24,19.85,10180,United Kingdom,158.8
537290,18922,PRODUTO TESTE,39,2011-10-04,38.5,10033,United Kingdom,1501.5
541661,75292,PRODUTO TESTE,40,2011-04-26,26.65,10143,United Kingdom,1066.0
544584,44361,PRODUTO TESTE,40,2011-05-26,6.91,10187,United Kingdom,276.4
537304,68174,PRODUTO TESTE,11,2011-05-05,11.02,10037,United Kingdom,121.22
544918,41991,PRODUTO TESTE,12,2011-10-22,36.36,10164,United Kingdom,436.32
542451,61912,PRODUTO TESTE,9,2011-01-05,17.4,10117,France,156.6
537772,31511,PRODUTO TESTE,18,2011-01-30,27.03,10099,United Kingdom,486.54
541205,94111,PRODUTO TESTE,43,2011-04-04,12.38,10106,United Kingdom,532.34
536687,64030,PRODUTO TESTE,4,2011-01-20,44.08,10103,Germany,176.32
541631,36666,PRODUTO TESTE,42,2011-05-19,48.28,10006,United Kingdom,2027.76
537820,22916,PRODUTO TESTE,40,2011-01-09,37.77,10101,United Kingdom,1510.8000000000002
544185,59950,PRODUTO TESTE,3,2011-10-04,4.9,10187,Germany,14.700000000000001
536492,77254,PRODUTO TESTE,9,2011-02-25,22.14,10087,United Kingdom,199.26
541873,85230,PRODUTO TESTE,20,2011-12-21,49.53,10055,United Kingdom,990.6
537254,21477,PRODUTO TESTE,46,2011-11-09,11.85,10198,United Kingdom,545.1
542184,48889,PRODUTO TESTE,38,2011-09-11,33.69,10019,United Kingdom,1280.2199999999998
540441,99997,PRODUTO TESTE,48,2011-10-19,46.96,10097,United Kingdom,2254.08
544707,69477,PRODUTO TESTE,12,2011-10-10,38.77,10102,United Kingdom,465.24
541866,18303,PRODUTO TESTE,44,2011-11-05,30.64,10095,France,1348.16
539347,92535,PRODUTO TESTE,47,2011-07-22,25.58,10184,United Kingdom,1202.26
536786,71679,PRODUTO TESTE,27,2011-08-16,46.48,10084,United Kingdom,1254.9599999999998
541361,51412,PRODUTO TESTE,3,2011-06-21,20.04,10194,United Kingdom,60.12
539969,79932,PRODUTO TESTE,9,2011-08-16,45.11,10013,United Kingdom,405.99
536472,68355,PRODUTO TESTE,2,2011-05-20,21.84,10146,United Kingdom,43.68
541231,33218,PRODUTO TESTE,39,2011-02-15,37.95,10118,United Kingdom,1480.0500000000002
537889,81679,PRODUTO TESTE,12,2011-12-06,45.83,10048,United Kingdom,549.96
538108,32934,PRODUTO TESTE,33,2011-09-13,27.76,10045,United Kingdom,916.08
536080,30601,PRODUTO TESTE,9,2011-09-15,15.84,10143,United Kingdom,142.56
539348,63652,PRODUTO TESTE,48,2011-04-13,3.02,10127,United Kingdom,144.96
537964,11679,PRODUTO TESTE,37,2011-10-09,40.56,10122,United Kingdom,1500.72
536646,66742,PRODUTO TESTE,15,2011-07-09,31.29,10010,United Kingdom,469.34999999999997
539908,59551,PRODUTO TESTE,21,2011-01-28,13.52,10119,United Kingdom,283.92
537207,24336,PRODUTO TESTE,2,2011-12-29,46.05,10003,United Kingdom,92.1
540200,62225,PRODUTO TESTE,49,2011-11-14,44.41,10093,Germany,2176.0899999999997
536569,49746,PRODUTO TESTE,39,2011-06-23,30.28,10098,United Kingdom,1180.92
544913,25701,PRODUTO TESTE,41,2011-03-27,48.84,10179,France,2002.44
540238,50671,PRODUTO TESTE,30,2011-01-05,43.8,10056,Germany,1314.0
544966,93171,PRODUTO TESTE,7,2011-09-26,5.66,10095,United Kingdom,39.620000000000005
544816,24994,PRODUTO TESTE,34,2011-02-07,27.67,10012,Germany,940.7800000000001
540884,86205,PRODUTO TESTE,13,2011-09-07,46.04,10160,France,598.52
536726,92799,PRODUTO TESTE,25,2011-01-11,16.67,10129,United Kingdom,416.75000000000006
543561,57332,PRODUTO TESTE,41,2011-12-23,1.84,10149,France,75.44
538912,92166,PRODUTO TESTE,14,2011-03-04,14.2,10156,France,198.79999999999998
536066,18854,PRODUTO TESTE,49,2011-05-27,34.45,10180,United Kingdom,1688.0500000000002
538139,25111,PRODUTO TESTE,15,2011-09-11,43.22,10085,Germany,648.3
538180,91169,PRODUTO TESTE,35,2011-11-05,0.62,10091,United Kingdom,21.7
536127,31474,PRODUTO TESTE,8,2011-05-13,10.79,10127,France,86.32
542017,59441,PRODUTO TESTE,28,2011-12-24,33.82,10038,United Kingdom,946.96
536857,64165,PRODUTO TESTE,10,2011-01-06,14.54,10171,Germany,145.39999999999998
543620,95345,PRODUTO TESTE,37,2011-06-22,7.51,10154,United Kingdom,277.87
540078,40344,PRODUTO TESTE,20,2011-12-27,4.56,10126,United Kingdom,91.19999999999999
539056,75778,PRODUTO TESTE,8,2011-07-14,29.95,10069,United Kingdom,239.6
537187,73081,PRODUTO TESTE,14,2011-06-12,43.0,10086,United Kingdom,602.0
537623,57015,PRODUTO TESTE,20,2011-05-24,16.08,10132,France,321.59999999999997
541812,16399,PRODUTO TESTE,9,2011-10-08,7.27,10155,United Kingdom,65.42999999999999
542444,33947,PRODUTO TESTE,26,2011-07-09,40.06,10134,Germany,1041.56
538407,60485,PRODUTO TESTE,47,2011-09-18,49.42,10185,United Kingdom,2322.7400000000002
539214,46993,PRODUTO TESTE,34,2011-07-09,18.34,10192,United Kingdom,623.56
544505,26610,PRODUTO TESTE,12,2011-12-31,43.33,10140,United Kingdom,519.96
543666,72199,PRODUTO TESTE,32,2011-06-21,38.25,10074,United Kingdom,1224.0
539717,51507,PRODUTO TESTE,48,2011-10-18,45.62,10119,United Kingdom,2189.7599999999998
538168,80661,PRODUTO TESTE,8,2011-08-12,21.51,10085,United Kingdom,172.08
538712,59345,PRODUTO TESTE,7,2011-10-20,5.51,10125,United Kingdom,38.57
541101,19794,PRODUTO TESTE,41,2011-03-24,38.28,10073,Eire,1569.48
537657,19448,PRODUTO TESTE,40,2011-04-21,43.23,10101,United Kingdom,1729.1999999999998
536592,55642,PRODUTO TESTE,17,2011-04-21,23.12,10009,United Kingdom,393.04
540457,41794,PRODUTO TESTE,42,2011-06-27,3.45,10147,United Kingdom,144.9
543177,74638,PRODUTO TESTE,30,2011-06-29,3.8,10097,United Kingdom,114.0
537372,66741,PRODUTO TESTE,48,2011-01-02,30.13,10091,United Kingdom,1446.24
539675,35587,PRODUTO TESTE,45,2011-11-23,45.97,10106,United Kingdom,2068.65
537454,78384,PRODUTO TESTE,47,2011-11-10,20.28,10043,United Kingdom,953.1600000000001
538179,60922,PRODUTO TESTE,16,2011-08-08,32.71,10119,United Kingdom,523.36
541510,89168,PRODUTO TESTE,29,2011-04-22,27.33,10149,United Kingdom,792.5699999999999
538575,95779,PRODUTO TESTE,4,2011-10-29,44.54,10069,United Kingdom,178.16
538374,96573,PRODUTO TESTE,44,2011-04-10,41.7,10026,United Kingdom,1834.8000000000002
544960,21420,PRODUTO TESTE,12,2011-04-22,10.37,10077,France,124.44
537551,57642,PRODUTO TESTE,19,2011-12-31,34.04,10039,United Kingdom,646.76
537703,12592,PRODUTO TESTE,27,2011-12-04,42.45,10074,United Kingdom,1146.15
544367,89217,PRODUTO TESTE,38,2011-08-02,46.55,10125,United Kingdom,1768.8999999999999
540951,73233,PRODUTO TESTE,35,2011-03-03,29.7,10022,United Kingdom,1039.5
536387,33586,PRODUTO TESTE,47,2011-02-14,9.21,10149,United Kingdom,432.87000000000006
539824,64654,PRODUTO TESTE,34,2011-12-18,28.13,10044,Eire,956.42
541086,60368,PRODUTO TESTE,38,2011-04-07,33.46,10178,United Kingdom,1271.48
538278,58896,PRODUTO TESTE,26,2011-09-06,13.99,10146,United Kingdom,363.74
540934,58544,PRODUTO TESTE,17,2011-05-09,48.66,10054,United Kingdom,827.2199999999999
541836,98573,PRODUTO TESTE,45,2011-07-01,11.85,10112,United Kingdom,533.25
538255,79181,PRODUTO TESTE,15,2011-12-26,45.61,10022,United Kingdom,684.15
543311,46224,PRODUTO TESTE,29,2011-08-05,21.55,10019,United Kingdom,624.95
540074,79580,PRODUTO TESTE,11,2011-06-07,0.53,10191,Germany,5.83
544671,22689,PRODUTO TESTE,21,2011-06-01,27.39,10160,United Kingdom,575.19
536789,35680,PRODUTO TESTE,15,2011-03-25,31.6,10030,United Kingdom,474.0
538918,20560,PRODUTO TESTE,9,2011-07-23,43.53,10056,United Kingdom,391.77
542491,89726,PRODUTO TESTE,40,2011-07-27,27.26,10039,United Kingdom,1090.4
544054,12145,PRODUTO TESTE,37,2011-02-04,5.16,10079,United Kingdom,190.92000000000002
537995,90233,PRODUTO TESTE,33,2011-05-28,46.38,10058,United Kingdom,1530.5400000000002
537740,95340,PRODUTO TESTE,8,2011-01-21,13.94,10105,United Kingdom,111.52
539745,78930,PRODUTO TESTE,6,2011-12-23,44.99,10037,France,269.94
538833,51187,PRODUTO TESTE,34,2011-11-11,6.49,10176,United Kingdom,220.66
539818,83041,PRODUTO TESTE,44,2011-08-21,5.33,10145,United Kingdom,234.52
544121,98866,PRODUTO TESTE,15,2011-01-06,26.98,10152,Eire,404.7
542592,90324,PRODUTO TESTE,13,2011-07-09,31.43,10033,United Kingdom,408.59
543168,80641,PRODUTO TESTE,25,2011-11-24,25.79,10141,United Kingdom,644.75
538285,79006,PRODUTO TESTE,49,2011-01-09,46.49,10167,United Kingdom,2278.01
544522,68786,PRODUTO TESTE,15,2011-10-17,13.51,10035,United Kingdom,202.65
539919,90260,PRODUTO TESTE,10,2011-11-03,49.52,10150,Germany,495.20000000000005
541867,48902,PRODUTO TESTE,23,2011-01-28,1.46,10071,United Kingdom,33.58
542279,55070,PRODUTO TESTE,45,2011-03-26,6.37,10157,France,286.65
541966,85817,PRODUTO TESTE,35,2011-09-22,9.69,10095,United Kingdom,339.15
541416,33620,PRODUTO TESTE,23,2011-11-29,4.44,10160,United Kingdom,102.12
540320,78771,PRODUTO TESTE,35,2011-10-09,22.19,10029,United Kingdom,776.6500000000001
544146,62699,PRODUTO TESTE,36,2011-08-08,41.13,10054,Germany,1480.68
540597,99742,PRODUTO TESTE,16,2011-07-30,0.87,10061,United Kingdom,13.92
537620,85779,PRODUTO TESTE,14,2011-10-09,43.35,10076,United Kingdom,606.9
539195,32451,PRODUTO TESTE,32,2011-01-19,20.13,10025,United Kingdom,644.16
542948,23518,PRODUTO TESTE,8,2011-03-18,36.72,10141,France,293.76
541763,67757,PRODUTO TESTE,8,2011-01-22,36.48,10110,United Kingdom,291.84
537900,91144,PRODUTO TESTE,43,2011-10-18,9.29,10165,United Kingdom,399.46999999999997
540915,38901,PRODUTO TESTE,21,2011-09-23,26.01,10141,United Kingdom,546.21
543307,96535,PRODUTO TESTE,35,2011-01-20,46.35,10029,United Kingdom,1622.25
537116,51205,PRODUTO TESTE,27,2011-02-08,13.52,10013,Eire,365.03999999999996
536557,49755,PRODUTO TESTE,29,2011-04-07,35.89,10084,United Kingdom,1040.81
539534,40504,PRODUTO TESTE,32,2011-03-30,47.92,10096,United Kingdom,1533.44
541908,34361,PRODUTO TESTE,31,2011-07-09,18.35,10048,United Kingdom,568.85
538819,40109,PRODUTO TESTE,45,2011-07-02,19.69,10156,United Kingdom,886.0500000000001
543389,25565,PRODUTO TESTE,38,2011-05-11,22.9,10116,Eire,870.1999999999999
543621,43913,PRODUTO TESTE,11,2011-03-01,40.55,10149,United Kingdom,446.04999999999995
540792,36079,PRODUTO TESTE,4,2011-08-26,22.24,10021,United Kingdom,88.96
539409,15101,PRODUTO TESTE,41,2011-10-16,24.57,10163,United Kingdom,1007.37
536375,42633,PRODUTO TESTE,15,2011-08-22,11.5,10041,Eire,172.5
543393,13587,PRODUTO TESTE,12,2011-10-22,49.42,10089,Eire,593.04
544057,26287,PRODUTO TESTE,1,2011-11-30,44.67,10087,United Kingdom,44.67
539981,75242,PRODUTO TESTE,25,2011-11-04,30.21,10164,United Kingdom,755.25
540648,12264,PRODUTO TESTE,23,2011-08-26,48.05,10055,United Kingdom,1105.1499999999999
542781,37981,PRODUTO TESTE,40,2011-01-19,34.51,10048,United Kingdom,1380.3999999999999
542258,71576,PRODUTO TESTE,36,2011-05-03,47.98,10067,United Kingdom,1727.28
537217,11909,PRODUTO TESTE,34,2011-06-06,8.5,10072,United Kingdom,289.0
542050,76359,PRODUTO TESTE,24,2011-09-18,11.66,10036,France,279.84000000000003
544321,17333,PRODUTO TESTE,42,2011-11-06,44.32,10035,United Kingdom,1861.44
542756,14968,PRODUTO TESTE,49,2011-08-22,21.28,10046,United Kingdom,1042.72
540325,27626,PRODUTO TESTE,39,2011-05-13,18.87,10093,United Kingdom,735.9300000000001
540708,87430,PRODUTO TESTE,14,2011-10-15,37.84,10068,United Kingdom,529.76
538338,14339,PRODUTO TESTE,10,2011-09-11,31.7,10078,United Kingdom,317.0
538173,95152,PRODUTO TESTE,49,2011-08-04,20.19,10048,Eire,989.3100000000001
539076,64905,PRODUTO TESTE,35,2011-08-25,20.71,10181,United Kingdom,724.85
538385,61151,PRODUTO TESTE,46,2011-05-07,6.75,10150,Germany,310.5
539017,13637,PRODUTO TESTE,38,2011-05-26,11.86,10034,United Kingdom,450.67999999999995
539300,45461,PRODUTO TESTE,18,2011-04-11,27.11,10062,United Kingdom,487.98
536746,61875,PRODUTO TESTE,2,2011-04-04,39.2,10036,United Kingdom,78.4
539968,56918,PRODUTO TESTE,38,2011-05-21,19.48,10073,United Kingdom,740.24
544546,20153,PRODUTO TESTE,11,2011-02-18,32.7,10026,United Kingdom,359.70000000000005
537627,98999,PRODUTO TESTE,15,2011-01-13,8.28,10002,United Kingdom,124.19999999999999
542021,73165,PRODUTO TESTE,40,2011-11-10,19.35,10087,United Kingdom,774.0
537612,31741,PRODUTO TESTE,21,2011-06-08,10.8,10140,United Kingdom,226.8
540924,97262,PRODUTO TESTE,47,2011-07-30,32.76,10060,United Kingdom,1539.7199999999998
540417,37133,PRODUTO TESTE,25,2011-11-27,6.06,10172,United Kingdom,151.5
540037,21759,PRODUTO TESTE,40,2011-02-10,22.67,10073,United Kingdom,906.8000000000001
541892,90371,PRODUTO TESTE,1,2011-12-09,30.01,10180,United Kingdom,30.01
543453,23733,PRODUTO TESTE,16,2011-09-14,41.77,10047,United Kingdom,668.32
538850,15477,PRODUTO TESTE,5,2011-08-22,36.37,10107,United Kingdom,181.85
537663,33761,PRODUTO TESTE,49,2011-09-15,34.15,10011,France,1673.35
538637,23673,PRODUTO TESTE,23,2011-03-16,17.78,10186,United Kingdom,408.94000000000005
538796,19212,PRODUTO TESTE,14,2011-04-21,11.97,10072,United Kingdom,167.58
544580,21344,PRODUTO TESTE,15,2011-12-17,3.3,10099,France,49.5
537067,96487,PRODUTO TESTE,8,2011-04-11,14.24,10125,United Kingdom,113.92
539556,70342,PRODUTO TESTE,1,2011-09-20,7.27,10128,United Kingdom,7.27
539819,85853,PRODUTO TESTE,45,2011-12-06,18.78,10004,United Kingdom,845.1
540373,58900,PRODUTO TESTE,16,2011-04-19,34.76,10124,United Kingdom,556.16
544701,29596,PRODUTO TESTE,3,2011-11-06,16.25,10199,United Kingdom,48.75
542662,97056,PRODUTO TESTE,46,2011-10-29,25.67,10094,United Kingdom,1180.8200000000002
542332,84085,PRODUTO TESTE,6,2011-07-18,11.23,10122,United Kingdom,67.38
542776,57547,PRODUTO TESTE,16,2011-02-11,25.4,10088,France,406.4
537453,19472,PRODUTO TESTE,36,2011-06-11,25.75,10177,United Kingdom,927.0
540041,78412,PRODUTO TESTE,26,2011-06-07,15.41,10166,United Kingdom,400.66
541275,39931,PRODUTO TESTE,15,2011-03-11,13.34,10181,United Kingdom,200.1
537876,28824,PRODUTO TESTE,26,2011-05-27,48.99,10100,United Kingdom,1273.74
537068,76497,PRODUTO TESTE,19,2011-02-25,27.09,10158,United Kingdom,514.71
537221,85341,PRODUTO TESTE,10,2011-09-10,28.32,10071,United Kingdom,283.2
543102,65250,PRODUTO TESTE,27,2011-06-07,0.89,10092,Germany,24.03
541911,16657,PRODUTO TESTE,15,2011-09-24,9.5,10152,United Kingdom,142.5
538531,64005,PRODUTO TESTE,47,2011-06-16,18.15,10016,United Kingdom,853.05
542634,92696,PRODUTO TESTE,20,2011-09-18,48.32,10142,United Kingdom,966.4
542256,71763,PRODUTO TESTE,36,2011-09-25,9.17,10003,United Kingdom,330.12
543348,33892,PRODUTO TESTE,7,2011-02-28,15.51,10116,United Kingdom,108.57
544190,68180,PRODUTO TESTE,30,2011-06-11,49.51,10095,United Kingdom,1485.3
543940,32409,PRODUTO TESTE,25,2011-10-01,24.31,10093,United Kingdom,607.75
537629,88683,PRODUTO TESTE,35,2011-08-05,16.26,10098,United Kingdom,569.1
542923,86120,PRODUTO TESTE,20,2011-03-22,31.9,10098,United Kingdom,638.0
539535,61188,PRODUTO TESTE,34,2011-10-31,25.07,10081,United Kingdom,852.38
541824,46115,PRODUTO TESTE,32,2011-12-29,4.62,10113,United Kingdom,147.84
541419,20872,PRODUTO TESTE,36,2011-09-16,39.63,10152,United Kingdom,1426.68
539776,78947,PRODUTO TESTE,22,2011-04-28,14.31,10110,United Kingdom,314.82
537573,33331,PRODUTO TESTE,26,2011-11-26,42.46,10167,United Kingdom,1103.96
536872,87062,PRODUTO TESTE,37,2011-07-11,42.54,10197,United Kingdom,1573.98
536261,78362,PRODUTO TESTE,20,2011-10-22,43.4,10021,United Kingdom,868.0
539659,35198,PRODUTO TESTE,16,2011-01-25,7.55,10045,United Kingdom,120.8
539936,25723,PRODUTO TESTE,49,2011-09-07,3.07,10039,United Kingdom,150.42999999999998
541842,53233,PRODUTO TESTE,9,2011-05-02,17.37,10158,Germany,156.33
539918,33862,PRODUTO TESTE,24,2011-11-28,25.01,10013,United Kingdom,600.24
541165,76526,PRODUTO TESTE,14,2011-03-21,15.48,10169,Eire,216.72
536526,48292,PRODUTO TESTE,34,2011-01-13,37.24,10154,Germany,1266.16
537406,66488,PRODUTO TESTE,18,2011-08-31,36.26,10198,United Kingdom,652.68
544388,25459,PRODUTO TESTE,16,2011-07-21,48.61,10133,United Kingdom,777.76
540056,17711,PRODUTO TESTE,26,2011-07-22,20.33,10174,United Kingdom,528.5799999999999
537506,94384,PRODUTO TESTE,26,2011-04-07,39.39,10023,United Kingdom,1024.14
539325,50189,PRODUTO TESTE,22,2011-06-30,37.19,10177,United Kingdom,818.18
539013,22542,PRODUTO TESTE,9,2011-12-18,49.44,10032,United Kingdom,444.96
538642,21944,PRODUTO TESTE,32,2011-12-26,14.54,10025,United Kingdom,465.28
542563,99707,PRODUTO TESTE,13,2011-05-02,1.26,10080,United Kingdom,16.38
536960,44744,PRODUTO TESTE,28,2011-11-14,48.42,10149,United Kingdom,1355.76
538786,52011,PRODUTO TESTE,15,2011-05-20,35.95,10053,Eire,539.25
540211,33341,PRODUTO TESTE,41,2011-12-08,40.72,10164,United Kingdom,1669.52
540861,17733,PRODUTO TESTE,33,2011-11-12,39.77,10121,United Kingdom,1312.41
543924,46790,PRODUTO TESTE,17,2011-03-02,36.92,10125,Eire,627.64
544309,42956,PRODUTO TESTE,13,2011-12-21,37.7,10187,United Kingdom,490.1
538676,50323,PRODUTO TESTE,36,2011-08-10,46.51,10086,United Kingdom,1674.36
537376,42631,PRODUTO TESTE,14,2011-12-26,2.41,10122,United Kingdom,33.74
536659,87782,PRODUTO TESTE,22,2011-02-11,22.61,10059,United Kingdom,497.41999999999996
542045,95661,PRODUTO TESTE,11,2011-10-23,41.83,10043,United Kingdom,460.13
537603,58490,PRODUTO TESTE,5,2011-03-18,42.46,10033,United Kingdom,212.3
540296,42955,PRODUTO TESTE,12,2011-10-14,20.52,10044,United Kingdom,246.24
536908,47449,PRODUTO TESTE,22,2011-06-04,15.43,10039,United Kingdom,339.46
542711,80396,PRODUTO TESTE,11,2011-03-28,25.58,10149,United Kingdom,281.38
542883,45746,PRODUTO TESTE,26,2011-03-28,41.71,10011,United Kingdom,1084.46
541173,95041,PRODUTO TESTE,16,2011-04-27,32.01,10125,United Kingdom,512.16
543523,12547,PRODUTO TESTE,46,2011-11-25,7.42,10189,France,341.32
539931,64534,PRODUTO TESTE,49,2011-10-08,18.43,10153,United Kingdom,903.0699999999999
537678,56698,PRODUTO TESTE,31,2011-09-02,27.99,10080,United Kingdom,867.6899999999999
537362,50644,PRODUTO TESTE,25,2011-08-18,27.14,10011,United Kingdom,678.5
537802,24297,PRODUTO TESTE,29,2011-11-26,46.64,10000,United Kingdom,1352.56
538908,41129,PRODUTO TESTE,15,2011-04-10,5.47,10136,Germany,82.05
537929,41806,PRODUTO TESTE,10,2011-12-11,11.61,10134,United Kingdom,116.1
541319,69280,PRODUTO TESTE,38,2011-05-19,19.91,10038,France,756.58
541596,46992,PRODUTO TESTE,9,2011-06-23,20.71,10035,United Kingdom,186.39000000000001
539006,56556,PRODUTO TESTE,37,2011-10-01,2.52,10045,United Kingdom,93.24
542180,61458,PRODUTO TESTE,45,2011-09-18,3.77,10162,United Kingdom,169.65
540616,14246,PRODUTO TESTE,23,2011-10-07,42.0,10195,United Kingdom,966.0
544146,89652,PRODUTO TESTE,24,2011-02-02,5.58,10052,United Kingdom,133.92000000000002
539958,90316,PRODUTO TESTE,48,2011-02-28,41.29,10184,United Kingdom,1981.92
541302,78494,PRODUTO TESTE,21,2011-12-25,15.81,10153,United Kingdom,332.01
541928,45812,PRODUTO TESTE,8,2011-02-16,5.49,10028,United Kingdom,43.92
539953,16085,PRODUTO TESTE,21,2011-11-27,1.16,10059,United Kingdom,24.36
541037,87930,PRODUTO TESTE,44,2011-04-06,18.09,10135,United Kingdom,795.96
540237,34089,PRODUTO TESTE,27,2011-12-24,41.85,10199,United Kingdom,1129.95
538752,42228,PRODUTO TESTE,49,2011-12-29,46.04,10162,United Kingdom,2255.96
538822,61816,PRODUTO TESTE,22,2011-08-21,3.55,10084,United Kingdom,78.1
544166,49542,PRODUTO TESTE,42,2011-03-11,2.03,10047,Eire,85.25999999999999
542078,33922,PRODUTO TESTE,4,2011-10-15,8.36,10192,United Kingdom,33.44
536859,82072,PRODUTO TESTE,12,2011-02-06,38.43,10055,Eire,461.15999999999997
544658,42041,PRODUTO TESTE,10,2011-05-02,10.64,10068,United Kingdom,106.4
542408,63267,PRODUTO TESTE,37,2011-08-22,11.93,10192,United Kingdom,441.40999999999997
536451,69893,PRODUTO TESTE,23,2011-01-25,44.5,10112,United Kingdom,1023.5
542550,94048,PRODUTO TESTE,7,2011-05-24,43.81,10052,United Kingdom,306.67
541306,53103,PRODUTO TESTE,4,2011-10-18,33.68,10001,Germany,134.72
544237,52359,PRODUTO TESTE,16,2011-02-03,8.62,10085,United Kingdom,137.92
540404,92179,PRODUTO TESTE,3,2011-05-14,19.37,10197,United Kingdom,58.11
540667,53111,PRODUTO TESTE,33,2011-01-02,12.19,10086,United Kingdom,402.27
538832,36805,PRODUTO TESTE,41,2011-08-29,33.76,10139,United Kingdom,1384.1599999999999
538894,13863,PRODUTO TESTE,48,2011-01-29,39.11,10050,United Kingdom,1877.28
541561,39235,PRODUTO TESTE,7,2011-04-13,7.54,10155,United Kingdom,52.78
543449,27757,PRODUTO TESTE,19,2011-07-10,44.95,10155,France,854.0500000000001
544016,37432,PRODUTO TESTE,22,2011-03-20,23.41,10121,United Kingdom,515.02
542937,58599,PRODUTO TESTE,22,2011-03-26,39.85,10154,United Kingdom,876.7
541487,57234,PRODUTO TESTE,19,2011-11-01,3.06,10115,United Kingdom,58.14
540502,26839,PRODUTO TESTE,7,2011-10-11,18.35,10075,United Kingdom,128.45000000000002
539056,51768,PRODUTO TESTE,1,2011-01-30,1.23,10147,France,1.23
542910,50822,PRODUTO TESTE,17,2011-11-09,36.06,10167,United Kingdom,613.02
543810,75046,PRODUTO TESTE,23,2011-11-27,39.2,10135,France,901.6
541305,11873,PRODUTO TESTE,42,2011-05-04,37.57,10000,United Kingdom,1577.94
539187,37083,PRODUTO TESTE,24,2011-04-29,32.19,10114,Germany,772.56
544664,24985,PRODUTO TESTE,41,2011-11-20,32.74,10072,France,1342.3400000000001
538861,68163,PRODUTO TESTE,32,2011-04-15,32.24,10198,United Kingdom,1031.68
540692,74419,PRODUTO TESTE,11,2011-08-05,17.81,10176,United Kingdom,195.91
540351,40440,PRODUTO TESTE,10,2011-03-29,1.89,10007,United Kingdom,18.9
542314,30719,PRODUTO TESTE,44,2011-11-23,22.37,10041,United Kingdom,984.2800000000001
544559,79886,PRODUTO TESTE,21,2011-10-15,2.75,10041,France,57.75
540936,29354,PRODUTO TESTE,2,2011-07-03,23.71,10179,Eire,47.42
543183,23144,PRODUTO TESTE,10,2011-05-07,23.47,10103,United Kingdom,234.7
541360,12971,PRODUTO TESTE,9,2011-08-28,9.35,10145,France,84.14999999999999
543983,18216,PRODUTO TESTE,17,2011-06-30,39.32,10161,United Kingdom,668.44
539641,88444,PRODUTO TESTE,14,2011-12-10,35.36,10153,United Kingdom,495.03999999999996
539467,94134,PRODUTO TESTE,25,2011-09-03,28.2,10017,United Kingdom,705.0
539801,59128,PRODUTO TESTE,12,2011-01-10,46.33,10028,United Kingdom,555.96
544968,92948,PRODUTO TESTE,30,2011-10-28,14.72,10079,United Kingdom,441.6
541502,73620,PRODUTO TESTE,22,2011-03-12,13.47,10067,United Kingdom,296.34000000000003
537373,46588,PRODUTO TESTE,46,2011-04-20,9.58,10149,United Kingdom,440.68
536368,74194,PRODUTO TESTE,40,2011-06-09,27.45,10031,United Kingdom,1098.0
540668,47793,PRODUTO TESTE,13,2011-03-18,10.67,10074,United Kingdom,138.71
540313,86592,PRODUTO TESTE,27,2011-12-24,15.56,10037,United Kingdom,420.12
541041,86026,PRODUTO TESTE,13,2011-02-26,24.8,10034,United Kingdom,322.40000000000003
543185,57746,PRODUTO TESTE,44,2011-04-27,26.71,10039,United Kingdom,1175.24
540647,56645,PRODUTO TESTE,17,2011-05-16,15.73,10112,United Kingdom,267.41
544177,20540,PRODUTO TESTE,10,2011-09-02,37.05,10082,United Kingdom,370.5
541741,68746,PRODUTO TESTE,13,2011-08-07,34.76,10087,United Kingdom,451.88
542580,20338,PRODUTO TESTE,42,2011-09-05,38.16,10095,United Kingdom,1602.7199999999998
543033,58642,PRODUTO TESTE,1,2011-01-12,30.49,10148,United Kingdom,30.49
541641,21801,PRODUTO TESTE,47,2011-07-07,23.28,10172,France,1094.16
536450,52837,PRODUTO TESTE,7,2011-03-18,22.72,10105,United Kingdom,159.04
539846,80268,PRODUTO TESTE,41,2011-03-25,35.97,10128,Eire,1474.77
537273,37752,PRODUTO TESTE,24,2011-10-10,19.16,10147,France,459.84000000000003
540592,64170,PRODUTO TESTE,26,2011-02-21,22.14,10138,United Kingdom,575.64
537288,33395,PRODUTO TESTE,6,2011-01-12,8.6,10026,United Kingdom,51.599999999999994
540583,36978,PRODUTO TESTE,34,2011-06-27,34.14,10196,United Kingdom,1160.76
539094,26453,PRODUTO TESTE,30,2011-09-26,4.31,10032,United Kingdom,129.29999999999998
536183,24586,PRODUTO TESTE,21,2011-07-06,49.53,10082,United Kingdom,1040.13
537123,43483,PRODUTO TESTE,20,2011-02-28,7.62,10130,Eire,152.4
540527,21111,PRODUTO TESTE,27,2011-10-10,19.46,10080,United Kingdom,525.4200000000001
536709,90236,PRODUTO TESTE,20,2011-05-20,12.27,10048,United Kingdom,245.39999999999998
543703,76724,PRODUTO TESTE,48,2011-09-17,14.89,10184,United Kingdom,714.72
542383,89726,PRODUTO TESTE,8,2011-11-29,36.06,10049,United Kingdom,288.48
537549,42879,PRODUTO TESTE,41,2011-04-14,9.25,10198,France,379.25
543161,57796,PRODUTO TESTE,38,2011-12-21,13.56,10145,United Kingdom,515.28
541712,72907,PRODUTO TESTE,14,2011-05-18,5.51,10017,United Kingdom,77.14
539514,79543,PRODUTO TESTE,22,2011-09-23,16.91,10150,United Kingdom,372.02
540760,35481,PRODUTO TESTE,4,2011-01-28,19.32,10019,United Kingdom,77.28
543163,40293,PRODUTO TESTE,46,2011-02-05,38.98,10082,United Kingdom,1793.08
536301,62709,PRODUTO TESTE,30,2011-05-28,23.35,10093,United Kingdom,700.5
539446,49423,PRODUTO TESTE,38,2011-08-11,41.29,10040,France,1569.02
540604,51714,PRODUTO TESTE,17,2011-02-20,1.83,10034,United Kingdom,31.11
540269,17892,PRODUTO TESTE,26,2011-08-04,43.31,10037,United Kingdom,1126.06
539835,57347,PRODUTO TESTE,42,2011-03-16,24.52,10080,United Kingdom,1029.84
538296,53862,PRODUTO TESTE,41,2011-03-08,17.88,10092,France,733.0799999999999
536538,67300,PRODUTO TESTE,2,2011-05-14,45.39,10047,United Kingdom,90.78
536281,86209,PRODUTO TESTE,15,2011-08-01,17.32,10057,United Kingdom,259.8
536889,61046,PRODUTO TESTE,9,2011-05-26,48.9,10038,United Kingdom,440.09999999999997
542213,14660,PRODUTO TESTE,45,2011-05-08,46.85,10159,United Kingdom,2108.25
543073,83551,PRODUTO TESTE,37,2011-05-05,13.76,10042,United Kingdom,509.12
539915,52939,PRODUTO TESTE,30,2011-05-04,17.36,10181,United Kingdom,520.8
539741,88592,PRODUTO TESTE,39,2011-11-01,10.18,10160,United Kingdom,397.02
544870,63081,PRODUTO TESTE,25,2011-07-30,36.73,10127,United Kingdom,918.2499999999999
538249,81105,PRODUTO TESTE,10,2011-06-04,6.89,10053,United Kingdom,68.89999999999999
540420,89210,PRODUTO TESTE,19,2011-10-01,10.68,10120,United Kingdom,202.92
540840,54410,PRODUTO TESTE,19,2011-07-12,25.28,10054,United Kingdom,480.32000000000005
538969,98419,PRODUTO TESTE,11,2011-12-13,37.42,10023,United Kingdom,411.62
539942,25420,PRODUTO TESTE,45,2011-07-25,37.1,10050,United Kingdom,1669.5
540245,88413,PRODUTO TESTE,45,2011-03-20,30.64,10055,United Kingdom,1378.8
542459,18974,PRODUTO TESTE,46,2011-10-10,21.06,10004,United Kingdom,968.76
541227,23781,PRODUTO TESTE,17,2011-03-19,12.69,10188,Eire,215.73
536480,13325,PRODUTO TESTE,38,2011-03-15,14.21,10102,Germany,539.98
536056,34913,PRODUTO TESTE,37,2011-08-07,16.5,10080,United Kingdom,610.5
539696,99232,PRODUTO TESTE,27,2011-11-19,30.14,10185,United Kingdom,813.78
544169,21184,PRODUTO TESTE,35,2011-05-03,10.78,10044,United Kingdom,377.29999999999995
536332,13037,PRODUTO TESTE,32,2011-07-04,2.61,10080,United Kingdom,83.52
536639,51310,PRODUTO TESTE,41,2011-08-28,34.78,10169,United Kingdom,1425.98
542113,41814,PRODUTO TESTE,18,2011-08-31,1.58,10126,France,28.44
540058,66627,PRODUTO TESTE,35,2011-02-23,48.55,10079,Germany,1699.25
538075,64586,PRODUTO TESTE,48,2011-05-25,17.84,10051,United Kingdom,856.3199999999999
537866,84439,PRODUTO TESTE,47,2011-12-29,0.83,10007,United Kingdom,39.01
541985,47343,PRODUTO TESTE,3,2011-11-21,44.29,10017,United Kingdom,132.87
540714,51519,PRODUTO TESTE,22,2011-10-09,30.19,10032,United Kingdom,664.1800000000001
541744,12036,PRODUTO TESTE,23,2011-01-09,40.96,10157,United Kingdom,942.08
538522,97363,PRODUTO TESTE,29,2011-06-02,22.03,10127,France,638.87
540737,29191,PRODUTO TESTE,30,2011-01-19,18.03,10086,Germany,540.9000000000001
543740,63626,PRODUTO TESTE,41,2011-04-20,32.93,10156,United Kingdom,1350.1299999999999
538849,89258,PRODUTO TESTE,24,2011-11-12,20.6,10032,United Kingdom,494.40000000000003
539567,64396,PRODUTO TESTE,33,2011-05-22,28.03,10042,United Kingdom,924.99
537473,66284,PRODUTO TESTE,44,2011-03-03,14.25,10078,United Kingdom,627.0
536292,73811,PRODUTO TESTE,30,2011-10-05,4.57,10122,United Kingdom,137.10000000000002
538239,27110,PRODUTO TESTE,15,2011-08-28,39.18,10170,United Kingdom,587.7
542417,72260,PRODUTO TESTE,44,2011-10-23,17.77,10049,United Kingdom,781.88
536174,61895,PRODUTO TESTE,25,2011-09-14,48.76,10169,United Kingdom,1219.0
544901,54060,PRODUTO TESTE,28,2011-08-20,13.36,10014,United Kingdom,374.08
539637,74878,PRODUTO TESTE,36,2011-11-21,24.02,10045,United Kingdom,864.72
539588,74779,PRODUTO TESTE,8,2011-04-29,15.62,10104,United Kingdom,124.96
540828,28423,PRODUTO TESTE,24,2011-06-16,34.85,10010,United Kingdom,836.4000000000001
541752,43799,PRODUTO TESTE,37,2011-07-25,40.51,10171,United Kingdom,1498.87
540135,53561,PRODUTO TESTE,37,2011-09-02,24.61,10173,United Kingdom,910.5699999999999
543958,23658,PRODUTO TESTE,7,2011-06-23,18.66,10108,United Kingdom,130.62
544658,42057,PRODUTO TESTE,41,2011-06-11,37.37,10061,United Kingdom,1532.1699999999998
537803,13727,PRODUTO TESTE,3,2011-03-02,9.98,10019,United Kingdom,29.94
542361,49488,PRODUTO TESTE,9,2011-08-21,30.17,10123,United Kingdom,271.53000000000003
538708,28517,PRODUTO TESTE,42,2011-02-15,36.81,10107,United Kingdom,1546.02
544961,29991,PRODUTO TESTE,28,2011-06-23,13.83,10151,United Kingdom,387.24
538279,83654,PRODUTO TESTE,24,2011-05-30,32.96,10120,United Kingdom,791.04
538655,22664,PRODUTO TESTE,25,2011-10-11,36.89,10025,United Kingdom,922.25
542428,20864,PRODUTO TESTE,48,2011-06-23,6.31,10024,United Kingdom,302.88
543101,38844,PRODUTO TESTE,7,2011-01-02,16.53,10156,United Kingdom,115.71000000000001
537157,12114,PRODUTO TESTE,11,2011-07-04,20.61,10031,Germany,226.70999999999998
541000,88201,PRODUTO TESTE,21,2011-03-20,38.91,10187,Germany,817.1099999999999
539111,98821,PRODUTO TESTE,41,2011-05-19,28.59,10021,United Kingdom,1172.19
541505,82469,PRODUTO TESTE,25,2011-04-19,22.75,10145,United Kingdom,568.75
541010,81937,PRODUTO TESTE,34,2011-03-02,16.28,10195,United Kingdom,553.52
544872,19148,PRODUTO TESTE,39,2011-12-12,0.7,10088,United Kingdom,27.299999999999997
544403,59910,PRODUTO TESTE,44,2011-04-03,1.5,10011,United Kingdom,66.0
541885,17902,PRODUTO TESTE,20,2011-07-05,12.4,10175,United Kingdom,248.0
542114,37072,PRODUTO TESTE,20,2011-10-30,6.28,10037,Germany,125.60000000000001
542531,34964,PRODUTO TESTE,21,2011-05-28,30.47,10148,Germany,639.87
542948,33054,PRODUTO TESTE,36,2011-12-12,2.72,10009,United Kingdom,97.92
537146,84107,PRODUTO TESTE,41,2011-06-14,29.9,10164,United Kingdom,1225.8999999999999
543931,30180,PRODUTO TESTE,17,2011-01-06,7.72,10032,United Kingdom,131.24
542294,53755,PRODUTO TESTE,26,2011-11-13,19.17,10149,Eire,498.4200000000001
539124,35813,PRODUTO TESTE,39,2011-11-12,49.49,10124,United Kingdom,1930.1100000000001
540358,86742,PRODUTO TESTE,12,2011-12-18,26.34,10057,United Kingdom,316.08
540406,58135,PRODUTO TESTE,3,2011-02-15,2.19,10084,United Kingdom,6.57
544269,19737,PRODUTO TESTE,45,2011-11-05,17.71,10023,United Kingdom,796.95
544723,23315,PRODUTO TESTE,25,2011-05-05,33.71,10197,United Kingdom,842.75
543261,97305,PRODUTO TESTE,3,2011-11-04,11.62,10047,United Kingdom,34.86
541869,94629,PRODUTO TESTE,8,2011-12-18,48.24,10061,United Kingdom,385.92
536937,79038,PRODUTO TESTE,12,2011-03-14,21.55,10100,United Kingdom,258.6
544233,16975,PRODUTO TESTE,6,2011-05-16,1.54,10134,United Kingdom,9.24
537205,75868,PRODUTO TESTE,19,2011-04-09,27.26,10101,United Kingdom,517.94
537501,69470,PRODUTO TESTE,39,2011-04-22,33.97,10101,United Kingdom,1324.83
536626,94618,PRODUTO TESTE,35,2011-08-06,23.07,10116,United Kingdom,807.45
544529,53766,PRODUTO TESTE,45,2011-05-31,46.44,10171,United Kingdom,2089.7999999999997
540439,52326,PRODUTO TESTE,40,2011-08-28,45.15,10079,United Kingdom,1806.0
538123,66933,PRODUTO TESTE,12,2011-09-04,7.38,10166,United Kingdom,88.56
539707,77087,PRODUTO TESTE,3,2011-01-17,15.96,10192,United Kingdom,47.88
542513,54720,PRODUTO TESTE,38,2011-09-30,30.6,10182,United Kingdom,1162.8
544951,26911,PRODUTO TESTE,13,2011-03-08,30.28,10159,United Kingdom,393.64
540971,83369,PRODUTO TESTE,34,2011-03-14,13.95,10049,United Kingdom,474.29999999999995
541464,33801,PRODUTO TESTE,20,2011-08-08,47.58,10154,Eire,951.5999999999999
543522,87358,PRODUTO TESTE,44,2011-04-06,15.71,10147,United Kingdom,691.24
544116,34550,PRODUTO TESTE,22,2011-03-11,40.31,10057,United Kingdom,886.82
538518,53968,PRODUTO TESTE,44,2011-04-22,41.68,10135,United Kingdom,1833.92
544927,49310,PRODUTO TESTE,8,2011-07-10,5.37,10050,United Kingdom,42.96
540672,75906,PRODUTO TESTE,37,2011-11-05,12.01,10104,United Kingdom,444.37
544371,26758,PRODUTO TESTE,23,2011-12-27,11.15,10159,United Kingdom,256.45
537057,32225,PRODUTO TESTE,5,2011-09-25,46.02,10037,United Kingdom,230.10000000000002
536876,27321,PRODUTO TESTE,7,2011-11-25,17.88,10067,United Kingdom,125.16
543961,30749,PRODUTO TESTE,12,2011-07-13,41.91,10159,United Kingdom,502.91999999999996
542053,50758,PRODUTO TESTE,3,2011-05-30,24.16,10090,United Kingdom,72.48
537575,62762,PRODUTO TESTE,46,2011-10-27,23.13,10192,United Kingdom,1063.98
544054,87729,PRODUTO TESTE,6,2011-04-21,45.22,10001,Eire,271.32
536921,47957,PRODUTO TESTE,27,2011-10-24,22.32,10144,United Kingdom,602.64
542140,46891,PRODUTO TESTE,26,2011-12-31,37.37,10162,United Kingdom,971.6199999999999
537845,24494,PRODUTO TESTE,24,2011-05-23,21.51,10183,United Kingdom,516.24
536635,18903,PRODUTO TESTE,29,2011-08-20,5.54,10031,United Kingdom,160.66
543256,78521,PRODUTO TESTE,45,2011-10-13,3.13,10196,United Kingdom,140.85
543626,66958,PRODUTO TESTE,48,2011-10-13,10.81,10078,France,518.88
536952,57892,PRODUTO TESTE,43,2011-03-17,36.25,10070,United Kingdom,1558.75
536838,49968,PRODUTO TESTE,20,2011-12-18,19.0,10071,United Kingdom,380.0
541529,56834,PRODUTO TESTE,35,2011-07-03,22.98,10127,United Kingdom,804.3000000000001
536258,86111,PRODUTO TESTE,5,2011-01-16,5.54,10131,Germany,27.7
542715,27037,PRODUTO TESTE,43,2011-02-13,31.34,10094,United Kingdom,1347.62
544240,54890,PRODUTO TESTE,5,2011-09-23,40.27,10014,United Kingdom,201.35000000000002
542759,31702,PRODUTO TESTE,1,2011-06-05,31.42,10197,United Kingdom,31.42
538076,19441,PRODUTO TESTE,40,2011-02-09,49.24,10044,United Kingdom,1969.6000000000001
537710,72343,PRODUTO TESTE,36,2011-07-09,1.31,10018,United Kingdom,47.160000000000004
542125,73438,PRODUTO TESTE,2,2011-08-07,1.28,10119,United Kingdom,2.56
536554,86670,PRODUTO TESTE,48,2011-01-30,25.25,10082,United Kingdom,1212.0
540839,11928,PRODUTO TESTE,1,2011-05-08,13.69,10123,France,13.69
542701,61708,PRODUTO TESTE,47,2011-10-12,39.76,10019,United Kingdom,1868.7199999999998
537822,83110,PRODUTO TESTE,7,2011-08-26,5.57,10056,United Kingdom,38.99
542860,94601,PRODUTO TESTE,7,2011-02-01,45.91,10103,United Kingdom,321.37
542293,80927,PRODUTO TESTE,38,2011-08-13,1.98,10157,United Kingdom,75.24
538148,91441,PRODUTO TESTE,28,2011-11-26,34.58,10120,United Kingdom,968.24
539210,83341,PRODUTO TESTE,23,2011-01-20,19.53,10076,Eire,449.19000000000005
536594,38414,PRODUTO TESTE,49,2011-12-27,33.54,10122,United Kingdom,1643.46
538345,67185,PRODUTO TESTE,45,2011-08-16,46.89,10096,United Kingdom,2110.05
537021,41665,PRODUTO TESTE,9,2011-05-09,46.9,10176,United Kingdom,422.09999999999997
541039,89700,PRODUTO TESTE,29,2011-09-24,26.21,10155,Eire,760.09
541107,79391,PRODUTO TESTE,12,2011-11-04,25.72,10060,United Kingdom,308.64
536773,56514,PRODUTO TESTE,11,2011-11-07,31.92,10049,United Kingdom,351.12
537669,53194,PRODUTO TESTE,12,2011-11-14,29.21,10154,United Kingdom,350.52
536743,81336,PRODUTO TESTE,25,2011-10-25,27.41,10041,Germany,685.25
542110,29967,PRODUTO TESTE,43,2011-04-24,29.66,10067,United Kingdom,1275.38
539042,29671,PRODUTO TESTE,1,2011-06-19,43.0,10047,United Kingdom,43.0
536640,46214,PRODUTO TESTE,31,2011-09-20,30.75,10121,United Kingdom,953.25
537723,21476,PRODUTO TESTE,42,2011-03-03,10.19,10058,United Kingdom,427.97999999999996
544783,51194,PRODUTO TESTE,35,2011-07-30,45.74,10131,United Kingdom,1600.9
538301,48922,PRODUTO TESTE,48,2011-07-13,11.19,10186,France,537.12
540215,51540,PRODUTO TESTE,14,2011-01-19,49.85,10189,United Kingdom,697.9
537635,90779,PRODUTO TESTE,18,2011-02-04,11.06,10004,United Kingdom,199.08
538766,34704,PRODUTO TESTE,24,2011-01-11,5.45,10091,United Kingdom,130.8
536126,47004,PRODUTO TESTE,12,2011-07-19,28.32,10044,United Kingdom,339.84000000000003
542722,76438,PRODUTO TESTE,8,2011-07-21,41.45,10183,Germany,331.6
539010,35632,PRODUTO TESTE,41,2011-08-05,3.51,10142,United Kingdom,143.91
540493,69087,PRODUTO TESTE,7,2011-03-30,24.76,10064,United Kingdom,173.32000000000002
537375,96610,PRODUTO TESTE,47,2011-04-23,3.89,10112,United Kingdom,182.83
537965,31775,PRODUTO TESTE,18,2011-01-18,17.53,10099,United Kingdom,315.54
541096,27110,PRODUTO TESTE,28,2011-10-02,7.29,10094,France,204.12
543854,11000,PRODUTO TESTE,48,2011-01-20,46.59,10011,United Kingdom,2236.32
542418,35567,PRODUTO TESTE,37,2011-09-01,31.93,10090,United Kingdom,1181.41
543992,32927,PRODUTO TESTE,36,2011-12-31,45.34,10163,United Kingdom,1632.2400000000002
537588,95899,PRODUTO TESTE,12,2011-09-10,46.54,10173,United Kingdom,558.48
544671,95766,PRODUTO TESTE,42,2011-06-23,37.53,10150,France,1576.26
541009,71391,PRODUTO TESTE,37,2011-09-13,15.69,10006,Germany,580.53
539688,98277,PRODUTO TESTE,5,2011-02-12,41.53,10168,United Kingdom,207.65
538302,46688,PRODUTO TESTE,14,2011-03-08,26.25,10079,United Kingdom,367.5
542704,96066,PRODUTO TESTE,40,2011-07-02,13.95,10083,France,558.0
544785,58937,PRODUTO TESTE,45,2011-11-10,19.6,10189,United Kingdom,882.0000000000001
542211,17268,PRODUTO TESTE,28,2011-10-27,15.41,10173,United Kingdom,431.48
536294,84879,PRODUTO TESTE,7,2011-05-18,23.58,10010,United Kingdom,165.06
540221,95541,PRODUTO TESTE,16,2011-04-14,39.18,10071,United Kingdom,626.88
542590,89679,PRODUTO TESTE,38,2011-12-18,24.5,10149,United Kingdom,931.0
539576,47511,PRODUTO TESTE,27,2011-07-26,13.76,10107,United Kingdom,371.52
542956,19227,PRODUTO TESTE,6,2011-02-13,4.83,10051,United Kingdom,28.98
542365,62691,PRODUTO TESTE,10,2011-03-24,42.86,10104,United Kingdom,428.6
536604,88118,PRODUTO TESTE,5,2011-11-02,21.16,10173,United Kingdom,105.8
541021,85661,PRODUTO TESTE,20,2011-11-24,22.38,10044,United Kingdom,447.59999999999997
537546,65560,PRODUTO TESTE,19,2011-11-28,38.3,10149,United Kingdom,727.6999999999999
540378,80769,PRODUTO TESTE,24,2011-01-03,42.56,10146,United Kingdom,1021.44
539458,12905,PRODUTO TESTE,46,2011-10-28,25.8,10177,United Kingdom,1186.8
543262,66108,PRODUTO TESTE,30,2011-02-10,31.8,10059,United Kingdom,954.0
543813,19763,PRODUTO TESTE,27,2011-10-23,12.34,10043,United Kingdom,333.18
540153,77442,PRODUTO TESTE,15,2011-11-18,46.79,10109,United Kingdom,701.85
540832,14098,PRODUTO TESTE,29,2011-05-12,28.61,10106,United Kingdom,829.6899999999999
541634,63541,PRODUTO TESTE,47,2011-03-12,36.12,10081,United Kingdom,1697.6399999999999
541718,20072,PRODUTO TESTE,14,2011-01-25,32.03,10159,United Kingdom,448.42
544837,13678,PRODUTO TESTE,6,2011-05-02,22.78,10159,United Kingdom,136.68
537212,93280,PRODUTO TESTE,27,2011-10-29,39.92,10081,United Kingdom,1077.8400000000001
540286,10154,PRODUTO TESTE,40,2011-12-29,17.79,10005,United Kingdom,711.5999999999999
540151,59135,PRODUTO TESTE,46,2011-05-27,43.73,10068,France,2011.58
540579,81384,PRODUTO TESTE,8,2011-04-17,11.34,10191,United Kingdom,90.72
540756,12284,PRODUTO TESTE,33,2011-11-01,28.36,10088,United Kingdom,935.88
542462,53382,PRODUTO TESTE,13,2011-05-31,7.99,10142,United Kingdom,103.87
539789,21609,PRODUTO TESTE,12,2011-03-14,14.82,10021,United Kingdom,177.84
538370,93123,PRODUTO TESTE,28,2011-11-26,44.82,10127,France,1254.96
540118,55853,PRODUTO TESTE,32,2011-12-28,1.07,10074,United Kingdom,34.24
543690,56880,PRODUTO TESTE,27,2011-04-16,45.82,10148,Germany,1237.14
536187,80991,PRODUTO TESTE,17,2011-02-25,34.94,10106,United Kingdom,593.98
544786,38249,PRODUTO TESTE,10,2011-08-07,5.04,10020,United Kingdom,50.4
543201,56847,PRODUTO TESTE,19,2011-10-05,27.98,10089,United Kingdom,531.62
539062,95341,PRODUTO TESTE,35,2011-11-10,39.78,10128,United Kingdom,1392.3
537348,54603,PRODUTO TESTE,7,2011-02-11,6.33,10040,United Kingdom,44.31
537376,90549,PRODUTO TESTE,49,2011-09-22,33.45,10003,United Kingdom,1639.0500000000002
537680,90314,PRODUTO TESTE,33,2011-08-15,33.4,10177,United Kingdom,1102.2
540122,59179,PRODUTO TESTE,25,2011-12-24,37.72,10167,United Kingdom,943.0
543615,69167,PRODUTO TESTE,44,2011-09-02,48.02,10069,Germany,2112.88
542083,84732,PRODUTO TESTE,38,2011-10-06,28.89,10194,United Kingdom,1097.82
536635,92048,PRODUTO TESTE,47,2011-09-02,25.67,10115,United Kingdom,1206.49
543584,31885,PRODUTO TESTE,39,2011-05-16,49.35,10025,United Kingdom,1924.65
541044,84388,PRODUTO TESTE,39,2011-04-21,20.2,10052,United Kingdom,787.8
540186,53654,PRODUTO TESTE,20,2011-05-07,38.11,10194,United Kingdom,762.2
540519,43665,PRODUTO TESTE,33,2011-04-12,35.8,10033,France,1181.3999999999999
544605,52488,PRODUTO TESTE,17,2011-04-20,48.35,10180,United Kingdom,821.95
544343,70789,PRODUTO TESTE,34,2011-03-19,32.89,10135,United Kingdom,1118.26
538511,82945,PRODUTO TESTE,41,2011-08-01,16.0,10184,United Kingdom,656.0
541216,25447,PRODUTO TESTE,48,2011-09-23,20.18,10165,United Kingdom,968.64
544632,40151,PRODUTO TESTE,24,2011-06-06,4.94,10066,United Kingdom,118.56
542559,20809,PRODUTO TESTE,10,2011-12-03,46.22,10165,Eire,462.2
543989,94343,PRODUTO TESTE,28,2011-06-22,6.87,10033,United Kingdom,192.36
539913,46635,PRODUTO TESTE,22,2011-06-20,27.51,10058,United Kingdom,605.22
538548,32561,PRODUTO TESTE,6,2011-01-26,20.37,10042,United Kingdom,122.22
540595,28297,PRODUTO TESTE,34,2011-11-26,7.14,10026,United Kingdom,242.76
544359,52414,PRODUTO TESTE,17,2011-03-02,31.86,10037,United Kingdom,541.62
542172,79472,PRODUTO TESTE,33,2011-12-08,2.05,10024,United Kingdom,67.64999999999999
542358,39075,PRODUTO TESTE,45,2011-07-09,48.32,10076,United Kingdom,2174.4
540606,46424,PRODUTO TESTE,29,2011-01-25,45.5,10014,United Kingdom,1319.5
538876,67282,PRODUTO TESTE,48,2011-06-11,4.69,10012,United Kingdom,225.12
539806,42019,PRODUTO TESTE,40,2011-08-04,43.48,10197,France,1739.1999999999998
540479,76523,PRODUTO TESTE,7,2011-01-04,16.76,10017,United Kingdom,117.32000000000001
543339,38881,PRODUTO TESTE,41,2011-10-03,3.84,10014,United Kingdom,157.44
540998,50158,PRODUTO TESTE,13,2011-09-02,15.65,10006,United Kingdom,203.45000000000002
543137,98238,PRODUTO TESTE,29,2011-01-05,40.54,10026,France,1175.66
536246,85257,PRODUTO TESTE,6,2011-08-14,33.46,10105,United Kingdom,200.76
542812,61450,PRODUTO TESTE,24,2011-03-23,12.31,10165,United Kingdom,295.44
540563,45268,PRODUTO TESTE,32,2011-09-26,36.1,10146,United Kingdom,1155.2
544984,99271,PRODUTO TESTE,45,2011-05-18,35.54,10116,United Kingdom,1599.3
540245,51629,PRODUTO TESTE,46,2011-03-15,37.27,10017,United Kingdom,1714.42
540306,40921,PRODUTO TESTE,39,2011-07-04,27.26,10154,Eire,1063.14
537147,63644,PRODUTO TESTE,25,2011-06-11,41.04,10007,United Kingdom,1026.0
543262,47256,PRODUTO TESTE,43,2011-05-05,32.25,10126,United Kingdom,1386.75
543762,29058,PRODUTO TESTE,49,2011-08-25,40.61,10176,United Kingdom,1989.8899999999999
536834,14509,PRODUTO TESTE,6,2011-06-27,16.53,10061,United Kingdom,99.18
537904,48732,PRODUTO TESTE,17,2011-03-24,35.4,10127,United Kingdom,601.8
543892,95345,PRODUTO TESTE,44,2011-07-27,33.92,10087,United Kingdom,1492.48
536378,15580,PRODUTO TESTE,34,2011-01-10,17.13,10104,United Kingdom,582.42
540573,82736,PRODUTO TESTE,41,2011-11-19,8.5,10187,United Kingdom,348.5
539642,10050,PRODUTO TESTE,32,2011-01-01,34.9,10142,United Kingdom,1116.8
544454,60177,PRODUTO TESTE,28,2011-09-13,42.53,10082,United Kingdom,1190.8400000000001
543710,50776,PRODUTO TESTE,4,2011-05-07,41.99,10089,United Kingdom,167.96
544070,24377,PRODUTO TESTE,49,2011-09-20,31.51,10140,United Kingdom,1543.99
538601,77141,PRODUTO TESTE,30,2011-05-13,11.76,10069,United Kingdom,352.8
541287,25778,PRODUTO TESTE,31,2011-01-10,16.15,10033,United Kingdom,500.65
542300,49335,PRODUTO TESTE,18,2011-12-13,37.85,10093,Germany,681.3000000000001
544707,60247,PRODUTO TESTE,47,2011-10-07,20.84,10013,United Kingdom,979.48
536066,56619,PRODUTO TESTE,19,2011-01-17,36.76,10033,United Kingdom,698.4399999999999
544793,12850,PRODUTO TESTE,5,2011-01-12,15.82,10084,Germany,79.1
539198,50104,PRODUTO TESTE,4,2011-07-13,0.81,10159,United Kingdom,3.24
537154,68929,PRODUTO TESTE,33,2011-12-16,30.37,10156,United Kingdom,1002.21
541539,57411,PRODUTO TESTE,35,2011-07-30,30.25,10052,United Kingdom,1058.75
543033,75706,PRODUTO TESTE,6,2011-01-04,31.56,10084,Germany,189.35999999999999
537167,79803,PRODUTO TESTE,33,2011-09-13,13.78,10030,United Kingdom,454.73999999999995
536366,26143,PRODUTO TESTE,49,2011-06-06,40.65,10151,United Kingdom,1991.85
544069,82339,PRODUTO TESTE,24,2011-08-22,24.63,10049,United Kingdom,591.12
544403,90531,PRODUTO TESTE,48,2011-05-08,38.24,10159,United Kingdom,1835.52
537406,85424,PRODUTO TESTE,3,2011-01-03,30.75,10168,France,92.25
544136,86615,PRODUTO TESTE,17,2011-01-07,21.1,10137,United Kingdom,358.70000000000005
544188,29118,PRODUTO TESTE,25,2011-08-19,34.14,10066,United Kingdom,853.5
544976,68681,PRODUTO TESTE,14,2011-08-20,28.96,10190,France,405.44
541209,98563,PRODUTO TESTE,20,2011-01-31,32.6,10129,United Kingdom,652.0
544948,84789,PRODUTO TESTE,13,2011-10-10,4.75,10171,United Kingdom,61.75
544123,24536,PRODUTO TESTE,6,2011-02-25,45.56,10176,United Kingdom,273.36
541442,94768,PRODUTO TESTE,15,2011-03-10,17.09,10015,United Kingdom,256.35
537774,72741,PRODUTO TESTE,17,2011-06-15,11.62,10176,United Kingdom,197.54
536759,58867,PRODUTO TESTE,43,2011-09-19,38.7,10153,United Kingdom,1664.1000000000001
538332,50144,PRODUTO TESTE,22,2011-12-30,11.95,10041,United Kingdom,262.9
536587,54369,PRODUTO TESTE,17,2011-08-17,49.79,10061,United Kingdom,846.43
537757,79384,PRODUTO TESTE,16,2011-12-17,21.31,10150,United Kingdom,340.96
536674,78812,PRODUTO TESTE,27,2011-08-27,15.18,10043,United Kingdom,409.86
542860,59686,PRODUTO TESTE,10,2011-11-06,3.57,10090,United Kingdom,35.699999999999996
541309,99251,PRODUTO TESTE,43,2011-03-06,2.57,10137,United Kingdom,110.50999999999999
540660,30908,PRODUTO TESTE,18,2011-01-21,5.21,10130,United Kingdom,93.78
543286,48333,PRODUTO TESTE,18,2011-09-02,0.75,10181,United Kingdom,13.5
539626,24858,PRODUTO TESTE,43,2011-09-26,15.87,10059,United Kingdom,682.41
537862,54892,PRODUTO TESTE,20,2011-05-06,21.79,10196,Germany,435.79999999999995
540003,85086,PRODUTO TESTE,2,2011-06-28,12.03,10113,United Kingdom,24.06
537570,70794,PRODUTO TESTE,4,2011-02-10,3.61,10049,United Kingdom,14.44
541303,73937,PRODUTO TESTE,15,2011-05-05,4.02,10057,United Kingdom,60.3
544977,24551,PRODUTO TESTE,37,2011-09-07,9.52,10067,United Kingdom,352.24
538691,49769,PRODUTO TESTE,1,2011-06-25,7.83,10056,United Kingdom,7.83
542192,39115,PRODUTO TESTE,25,2011-04-16,18.57,10124,United Kingdom,464.25
543380,10907,PRODUTO TESTE,22,2011-06-29,46.15,10089,United Kingdom,1015.3
540246,59789,PRODUTO TESTE,47,2011-10-06,13.45,10122,United Kingdom,632.15
538252,77881,PRODUTO TESTE,36,2011-11-19,8.84,10031,United Kingdom,318.24
542424,75831,PRODUTO TESTE,31,2011-05-30,33.41,10124,Eire,1035.7099999999998
537685,19281,PRODUTO TESTE,13,2011-10-29,24.8,10184,United Kingdom,322.40000000000003
544975,80257,PRODUTO TESTE,29,2011-09-14,2.84,10027,United Kingdom,82.36
538860,44268,PRODUTO TESTE,27,2011-12-03,39.5,10065,United Kingdom,1066.5
539152,24015,PRODUTO TESTE,10,2011-09-28,35.91,10138,United Kingdom,359.09999999999997
542542,52476,PRODUTO TESTE,15,2011-07-21,48.88,10123,United Kingdom,733.2
536109,29507,PRODUTO TESTE,46,2011-09-04,46.95,10134,United Kingdom,2159.7000000000003
537825,70556,PRODUTO TESTE,24,2011-04-26,29.42,10111,United Kingdom,706.08
537130,76970,PRODUTO TESTE,20,2011-09-03,34.46,10136,United Kingdom,689.2
539519,75308,PRODUTO TESTE,38,2011-09-16,20.77,10121,United Kingdom,789.26
540981,20449,PRODUTO TESTE,9,2011-08-11,44.48,10014,United Kingdom,400.32
537616,41368,PRODUTO TESTE,7,2011-02-07,27.86,10150,United Kingdom,195.01999999999998
539098,54833,PRODUTO TESTE,49,2011-07-09,16.61,10089,United Kingdom,813.89
542949,98631,PRODUTO TESTE,39,2011-09-17,0.97,10010,United Kingdom,37.83
544459,59138,PRODUTO TESTE,18,2011-03-14,29.53,10081,United Kingdom,531.54
536128,68806,PRODUTO TESTE,47,2011-10-15,26.51,10087,United Kingdom,1245.97
541647,40541,PRODUTO TESTE,15,2011-11-04,40.69,10017,United Kingdom,610.3499999999999
536231,36586,PRODUTO TESTE,32,2011-07-16,9.76,10199,France,312.32
543915,85103,PRODUTO TESTE,33,2011-11-10,1.26,10066,United Kingdom,41.58
543182,14987,PRODUTO TESTE,4,2011-06-20,29.57,10088,United Kingdom,118.28
538094,58488,PRODUTO TESTE,8,2011-11-19,20.14,10166,United Kingdom,161.12
538327,79969,PRODUTO TESTE,39,2011-12-07,16.91,10148,United Kingdom,659.49
543051,24208,PRODUTO TESTE,6,2011-02-09,21.95,10154,United Kingdom,131.7
543377,68142,PRODUTO TESTE,21,2011-12-31,11.57,10047,Germany,242.97
538528,52627,PRODUTO TESTE,45,2011-01-02,9.58,10169,United Kingdom,431.1
536027,55649,PRODUTO TESTE,47,2011-06-27,40.35,10165,Germany,1896.45
540000,63450,PRODUTO TESTE,19,2011-12-09,11.77,10092,United Kingdom,223.63
539993,17817,PRODUTO TESTE,10,2011-04-08,35.71,10007,United Kingdom,357.1
544412,28201,PRODUTO TESTE,28,2011-08-23,2.15,10152,United Kingdom,60.199999999999996
543322,41052,PRODUTO TESTE,13,2011-03-20,44.11,10192,United Kingdom,573.43
543090,82068,PRODUTO TESTE,34,2011-03-28,39.57,10094,United Kingdom,1345.38
536182,63302,PRODUTO TESTE,49,2011-11-29,39.91,10108,United Kingdom,1955.59
543682,26899,PRODUTO TESTE,29,2011-01-18,40.55,10099,United Kingdom,1175.9499999999998
542797,12126,PRODUTO TESTE,29,2011-12-18,29.34,10016,United Kingdom,850.86
539572,99139,PRODUTO TESTE,24,2011-06-15,49.67,10123,United Kingdom,1192.08
541305,22393,PRODUTO TESTE,5,2011-01-24,9.37,10144,United Kingdom,46.849999999999994
543418,12948,PRODUTO TESTE,26,2011-10-15,4.08,10185,Eire,106.08
544155,46590,PRODUTO TESTE,46,2011-01-18,35.36,10185,United Kingdom,1626.56
540957,59787,PRODUTO TESTE,32,2011-04-29,15.05,10098,United Kingdom,481.6
536372,33276,PRODUTO TESTE,36,2011-03-29,30.61,10191,United Kingdom,1101.96
541566,25121,PRODUTO TESTE,42,2011-10-14,19.89,10105,United Kingdom,835.38
542120,17790,PRODUTO TESTE,16,2011-05-25,17.01,10128,United Kingdom,272.16
536530,46717,PRODUTO TESTE,13,2011-08-28,44.72,10120,United Kingdom,581.36
543355,95664,PRODUTO TESTE,48,2011-01-27,7.53,10199,United Kingdom,361.44
537813,23315,PRODUTO TESTE,20,2011-09-11,9.85,10147,United Kingdom,197.0
544014,61550,PRODUTO TESTE,35,2011-09-17,33.56,10024,United Kingdom,1174.6000000000001
540958,27444,PRODUTO TESTE,29,2011-04-15,39.24,10014,France,1137.96
538899,70633,PRODUTO TESTE,1,2011-11-18,41.69,10081,Eire,41.69
536529,15488,PRODUTO TESTE,12,2011-06-21,11.94,10103,United Kingdom,143.28
536160,28291,PRODUTO TESTE,12,2011-09-01,44.16,10133,United Kingdom,529.92
542673,10720,PRODUTO TESTE,4,2011-03-08,30.67,10096,United Kingdom,122.68
539394,68358,PRODUTO TESTE,37,2011-12-07,41.25,10102,United Kingdom,1526.25
543560,74736,PRODUTO TESTE,48,2011-04-01,3.89,10184,United Kingdom,186.72
538074,25438,PRODUTO TESTE,48,2011-08-17,18.17,10066,United Kingdom,872.1600000000001
544283,50810,PRODUTO TESTE,5,2011-02-02,26.48,10098,United Kingdom,132.4
544474,36388,PRODUTO TESTE,19,2011-01-17,29.06,10111,United Kingdom,552.14
536915,14103,PRODUTO TESTE,7,2011-02-16,5.4,10093,United Kingdom,37.800000000000004
544457,94506,PRODUTO TESTE,29,2011-03-18,33.44,10192,France,969.76
538907,68263,PRODUTO TESTE,42,2011-11-18,18.4,10102,United Kingdom,772.8
543879,36580,PRODUTO TESTE,30,2011-02-02,14.98,10117,United Kingdom,449.40000000000003
536243,81525,PRODUTO TESTE,41,2011-06-24,30.16,10085,United Kingdom,1236.56
542109,19188,PRODUTO TESTE,18,2011-08-09,47.25,10028,United Kingdom,850.5
536632,54033,PRODUTO TESTE,1,2011-11-11,33.41,10019,United Kingdom,33.41
538328,56944,PRODUTO TESTE,17,2011-11-19,14.35,10117,Eire,243.95
536164,61292,PRODUTO TESTE,18,2011-07-11,32.27,10000,United Kingdom,580.86
544593,58319,PRODUTO TESTE,24,2011-11-23,48.1,10129,United Kingdom,1154.4
536224,87169,PRODUTO TESTE,40,2011-12-03,1.67,10086,United Kingdom,66.8
543162,31990,PRODUTO TESTE,49,2011-02-02,31.52,10073,United Kingdom,1544.48
540601,63090,PRODUTO TESTE,13,2011-08-20,8.26,10153,United Kingdom,107.38
541244,89892,PRODUTO TESTE,45,2011-10-10,40.91,10107,United Kingdom,1840.9499999999998
543304,98084,PRODUTO TESTE,18,2011-01-06,32.21,10146,United Kingdom,579.78
544054,96847,PRODUTO TESTE,1,2011-08-09,46.88,10141,United Kingdom,46.88
537146,75412,PRODUTO TESTE,28,2011-11-30,33.64,10006,United Kingdom,941.9200000000001
536160,19600,PRODUTO TESTE,34,2011-04-08,1.35,10043,United Kingdom,45.900000000000006
537121,98965,PRODUTO TESTE,11,2011-11-09,25.76,10113,Germany,283.36
542142,12901,PRODUTO TESTE,27,2011-12-07,45.23,10195,United Kingdom,1221.2099999999998
541116,59566,PRODUTO TESTE,18,2011-08-20,12.0,10030,United Kingdom,216.0
536754,50203,PRODUTO TESTE,2,2011-08-18,4.6,10021,United Kingdom,9.2
538108,71059,PRODUTO TESTE,16,2011-07-15,36.13,10188,United Kingdom,578.08
540835,80447,PRODUTO TESTE,18,2011-05-30,25.37,10193,United Kingdom,456.66
542571,76410,PRODUTO TESTE,13,2011-06-15,2.86,10033,United Kingdom,37.18
539090,30413,PRODUTO TESTE,45,2011-07-10,14.36,10080,United Kingdom,646.1999999999999
544546,77926,PRODUTO TESTE,16,2011-06-25,16.67,10125,United Kingdom,266.72
544930,78201,PRODUTO TESTE,29,2011-10-29,33.56,10039,United Kingdom,973.24
540088,67358,PRODUTO TESTE,12,2011-05-07,24.62,10079,United Kingdom,295.44
543894,21472,PRODUTO TESTE,43,2011-07-07,40.43,10128,United Kingdom,1738.49
542551,60581,PRODUTO TESTE,44,2011-03-20,14.28,10061,United Kingdom,628.3199999999999
540676,30494,PRODUTO TESTE,48,2011-03-06,33.79,10082,United Kingdom,1621.92
543490,34434,PRODUTO TESTE,42,2011-01-22,21.21,10151,United Kingdom,890.82
541013,87592,PRODUTO TESTE,9,2011-11-08,28.02,10030,United Kingdom,252.18
536615,75033,PRODUTO TESTE,36,2011-04-02,13.82,10181,United Kingdom,497.52
542255,42698,PRODUTO TESTE,27,2011-03-17,5.64,10188,United Kingdom,152.28
541903,22895,PRODUTO TESTE,26,2011-05-15,21.73,10100,United Kingdom,564.98
541275,61140,PRODUTO TESTE,43,2011-09-20,27.56,10031,United Kingdom,1185.08
544032,31880,PRODUTO TESTE,46,2011-03-29,40.04,10169,United Kingdom,1841.84
538155,24483,PRODUTO TESTE,28,2011-06-21,24.94,10071,United Kingdom,698.32
542223,84686,PRODUTO TESTE,37,2011-04-27,22.78,10199,United Kingdom,842.86
543728,38922,PRODUTO TESTE,23,2011-10-19,2.52,10161,United Kingdom,57.96
544569,92600,PRODUTO TESTE,2,2011-03-23,27.08,10044,United Kingdom,54.16
540645,70275,PRODUTO TESTE,23,2011-05-27,29.99,10145,United Kingdom,689.77
538824,24785,PRODUTO TESTE,48,2011-07-19,44.64,10057,United Kingdom,2142.7200000000003
542296,15629,PRODUTO TESTE,1,2011-05-20,25.3,10069,United Kingdom,25.3
540375,47490,PRODUTO TESTE,1,2011-08-14,8.29,10050,United Kingdom,8.29
541643,17341,PRODUTO TESTE,14,2011-10-19,9.41,10136,United Kingdom,131.74
542675,95754,PRODUTO TESTE,20,2011-07-14,8.41,10052,United Kingdom,168.2
542392,91650,PRODUTO TESTE,29,2011-06-16,46.96,10127,United Kingdom,1361.84
538185,69137,PRODUTO TESTE,3,2011-12-14,39.77,10116,United Kingdom,119.31
542802,36362,PRODUTO TESTE,46,2011-12-25,41.33,10150,United Kingdom,1901.1799999999998
540876,88127,PRODUTO TESTE,3,2011-12-30,42.1,10198,United Kingdom,126.30000000000001
544376,68235,PRODUTO TESTE,6,2011-01-07,5.23,10001,United Kingdom,31.380000000000003
541935,42192,PRODUTO TESTE,48,2011-11-02,35.26,10198,France,1692.48
544026,89188,PRODUTO TESTE,15,2011-11-25,35.36,10021,Eire,530.4
544809,28873,PRODUTO TESTE,26,2011-10-21,11.63,10105,United Kingdom,302.38
544950,61101,PRODUTO TESTE,18,2011-10-01,24.79,10068,United Kingdom,446.21999999999997
542702,72216,PRODUTO TESTE,9,2011-05-14,33.29,10127,United Kingdom,299.61
541375,91707,PRODUTO TESTE,22,2011-09-22,44.92,10144,United Kingdom,988.24
537063,22368,PRODUTO TESTE,37,2011-07-31,5.97,10171,United Kingdom,220.89
540278,85590,PRODUTO TESTE,43,2011-05-09,46.16,10186,United Kingdom,1984.8799999999999
543024,54964,PRODUTO TESTE,5,2011-09-29,46.22,10064,United Kingdom,231.1
541298,77934,PRODUTO TESTE,45,2011-10-14,0.74,10040,United Kingdom,33.3
539952,79616,PRODUTO TESTE,47,2011-11-01,11.44,10075,United Kingdom,537.68
537319,37441,PRODUTO TESTE,46,2011-03-04,34.72,10105,United Kingdom,1597.12
542442,39828,PRODUTO TESTE,30,2011-11-12,16.43,10133,United Kingdom,492.9
539887,54883,PRODUTO TESTE,44,2011-03-21,3.52,10166,United Kingdom,154.88
536325,12512,PRODUTO TESTE,42,2011-12-09,38.27,10044,United Kingdom,1607.3400000000001
538556,81926,PRODUTO TESTE,30,2011-01-15,1.92,10060,United Kingdom,57.599999999999994
543915,20392,PRODUTO TESTE,44,2011-03-23,22.58,10187,United Kingdom,993.52
537069,94140,PRODUTO TESTE,13,2011-08-11,47.41,10087,United Kingdom,616.3299999999999
539655,80089,PRODUTO TESTE,40,2011-07-18,22.29,10048,United Kingdom,891.5999999999999
540608,41694,PRODUTO TESTE,45,2011-09-09,45.64,10197,United Kingdom,2053.8
536753,16505,PRODUTO TESTE,29,2011-05-28,20.75,10089,United Kingdom,601.75
537490,81098,PRODUTO TESTE,1,2011-01-02,17.66,10197,Germany,17.66
544462,50366,PRODUTO TESTE,6,2011-08-14,5.82,10183,United Kingdom,34.92
541314,27501,PRODUTO TESTE,4,2011-07-06,18.23,10181,United Kingdom,72.92
537893,48661,PRODUTO TESTE,24,2011-07-05,17.18,10116,United Kingdom,412.32
537527,91317,PRODUTO TESTE,18,2011-05-18,42.4,10159,United Kingdom,763.1999999999999
539831,71962,PRODUTO TESTE,40,2011-11-22,46.04,10192,United Kingdom,1841.6
542512,71761,PRODUTO TESTE,10,2011-10-17,1.59,10053,United Kingdom,15.9
542573,56310,PRODUTO TESTE,4,2011-03-08,5.36,10007,United Kingdom,21.44
537757,23746,PRODUTO TESTE,28,2011-01-15,32.34,10064,United Kingdom,905.5200000000001
542530,95463,PRODUTO TESTE,2,2011-03-08,24.49,10127,United Kingdom,48.98
544066,76583,PRODUTO TESTE,44,2011-01-18,15.2,10109,United Kingdom,668.8
536235,75164,PRODUTO TESTE,22,2011-08-15,11.62,10112,United Kingdom,255.64
544630,42657,PRODUTO TESTE,47,2011-06-18,26.51,10034,United Kingdom,1245.97
540697,76806,PRODUTO TESTE,25,2011-08-04,1.37,10101,United Kingdom,34.25
542988,97114,PRODUTO TESTE,39,2011-10-23,37.07,10115,United Kingdom,1445.73
538880,41038,PRODUTO TESTE,18,2011-10-31,15.37,10127,United Kingdom,276.65999999999997
538692,10754,PRODUTO TESTE,36,2011-06-08,21.63,10082,United Kingdom,778.68
538025,76581,PRODUTO TESTE,33,2011-08-05,26.59,10081,United Kingdom,877.47
537953,86684,PRODUTO TESTE,23,2011-07-30,10.96,10135,United Kingdom,252.08
536952,97757,PRODUTO TESTE,48,2011-10-05,34.26,10161,United Kingdom,1644.48
540601,92624,PRODUTO TESTE,14,2011-11-20,24.03,10084,United Kingdom,336.42
544237,28715,PRODUTO TESTE,30,2011-05-26,21.91,10066,Eire,657.3
540519,62841,PRODUTO TESTE,37,2011-10-04,12.24,10105,United Kingdom,452.88
538729,89908,PRODUTO TESTE,24,2011-12-23,27.47,10025,United Kingdom,659.28
540634,92386,PRODUTO TESTE,17,2011-10-23,29.86,10086,United Kingdom,507.62
537388,65861,PRODUTO TESTE,17,2011-02-09,21.29,10037,United Kingdom,361.93
543416,59146,PRODUTO TESTE,48,2011-03-17,7.7,10106,United Kingdom,369.6
542481,51434,PRODUTO TESTE,13,2011-10-18,14.02,10170,United Kingdom,182.26
537324,88078,PRODUTO TESTE,42,2011-02-15,1.21,10197,Germany,50.82
540841,31561,PRODUTO TESTE,31,2011-04-05,29.25,10011,United Kingdom,906.75
537809,22240,PRODUTO TESTE,32,2011-06-27,47.81,10045,United Kingdom,1529.92
537098,83253,PRODUTO TESTE,32,2011-02-16,9.31,10020,France,297.92
542842,82951,PRODUTO TESTE,18,2011-02-25,3.25,10151,United Kingdom,58.5
538376,18980,PRODUTO TESTE,32,2011-05-04,15.17,10196,United Kingdom,485.44
540670,54173,PRODUTO TESTE,19,2011-08-07,8.26,10110,United Kingdom,156.94
538229,55584,PRODUTO TESTE,27,2011-07-18,34.93,10035,United Kingdom,943.11
541880,13827,PRODUTO TESTE,44,2011-10-19,0.78,10004,United Kingdom,34.32
536440,69763,PRODUTO TESTE,31,2011-12-24,49.05,10195,United Kingdom,1520.55
539234,97534,PRODUTO TESTE,35,2011-01-13,42.86,10063,United Kingdom,1500.1
540923,29036,PRODUTO TESTE,48,2011-09-09,24.79,10022,Germany,1189.92
539951,80025,PRODUTO TESTE,7,2011-03-01,46.09,10035,Germany,322.63
541511,17285,PRODUTO TESTE,27,2011-05-12,31.59,10051,United Kingdom,852.93
537623,29327,PRODUTO TESTE,31,2011-05-06,49.69,10131,United Kingdom,1540.3899999999999
539976,60866,PRODUTO TESTE,33,2011-09-13,14.28,10178,United Kingdom,471.23999999999995
542808,93131,PRODUTO TESTE,2,2011-04-04,49.85,10055,United Kingdom,99.7
539002,89687,PRODUTO TESTE,36,2011-11-23,9.42,10137,United Kingdom,339.12
537413,94180,PRODUTO TESTE,5,2011-05-20,17.99,10012,United Kingdom,89.94999999999999
543629,98879,PRODUTO TESTE,17,2011-10-25,46.8,10002,United Kingdom,795.5999999999999
543004,82041,PRODUTO TESTE,34,2011-12-14,18.84,10010,United Kingdom,640.56
542123,42702,PRODUTO TESTE,9,2011-07-06,10.89,10184,United Kingdom,98.01
543182,21445,PRODUTO TESTE,1,2011-02-06,3.44,10116,United Kingdom,3.44
543009,83998,PRODUTO TESTE,32,2011-09-14,7.87,10161,United Kingdom,251.84
542719,26774,PRODUTO TESTE,10,2011-06-04,18.08,10004,United Kingdom,180.79999999999998
540584,56857,PRODUTO TESTE,40,2011-05-04,21.35,10004,United Kingdom,854.0
536174,77862,PRODUTO TESTE,44,2011-06-16,27.35,10169,United Kingdom,1203.4
541373,13116,PRODUTO TESTE,14,2011-04-20,40.77,10020,United Kingdom,570.7800000000001
538458,92241,PRODUTO TESTE,35,2011-04-13,1.16,10031,United Kingdom,40.599999999999994
542959,37301,PRODUTO TESTE,7,2011-12-28,42.14,10103,Germany,294.98
540215,29351,PRODUTO TESTE,46,2011-04-12,29.07,10121,Germany,1337.22
544147,43465,PRODUTO TESTE,8,2011-06-17,37.95,10045,United Kingdom,303.6
541359,51474,PRODUTO TESTE,43,2011-09-18,37.97,10088,Eire,1632.71
540954,50902,PRODUTO TESTE,38,2011-03-22,45.21,10134,United Kingdom,1717.98
544272,23931,PRODUTO TESTE,12,2011-08-14,5.12,10088,Eire,61.44
540275,27040,PRODUTO TESTE,40,2011-11-23,28.79,10076,France,1151.6
539380,53020,PRODUTO TESTE,29,2011-10-24,45.5,10014,United Kingdom,1319.5
539343,30382,PRODUTO TESTE,31,2011-01-11,36.1,10090,Germany,1119.1000000000001
543875,67826,PRODUTO TESTE,15,2011-05-28,5.28,10160,United Kingdom,79.2
542806,90920,PRODUTO TESTE,7,2011-01-01,30.89,10125,United Kingdom,216.23000000000002
537470,11669,PRODUTO TESTE,33,2011-08-10,40.09,10178,Germany,1322.97
539341,67862,PRODUTO TESTE,14,2011-11-23,31.81,10002,United Kingdom,445.34
541820,12573,PRODUTO TESTE,2,2011-03-06,42.1,10109,United Kingdom,84.2
538039,64588,PRODUTO TESTE,46,2011-03-14,29.61,10067,United Kingdom,1362.06
537355,90585,PRODUTO TESTE,37,2011-04-09,20.44,10109,France,756.2800000000001
541647,21473,PRODUTO TESTE,49,2011-05-09,34.14,10136,United Kingdom,1672.8600000000001
544474,72696,PRODUTO TESTE,49,2011-09-25,43.93,10179,United Kingdom,2152.57
542977,14618,PRODUTO TESTE,27,2011-10-25,39.69,10040,United Kingdom,1071.6299999999999
544595,48599,PRODUTO TESTE,38,2011-07-21,40.34,10161,United Kingdom,1532.92
540812,54624,PRODUTO TESTE,42,2011-10-18,26.54,10131,United Kingdom,1114.68
544446,45254,PRODUTO TESTE,9,2011-08-17,10.22,10028,United Kingdom,91.98
536125,57972,PRODUTO TESTE,35,2011-09-01,36.36,10144,United Kingdom,1272.6
538609,20213,PRODUTO TESTE,30,2011-11-02,3.91,10039,United Kingdom,117.30000000000001
536020,34001,PRODUTO TESTE,17,2011-12-25,26.12,10119,United Kingdom,444.04
542098,10455,PRODUTO TESTE,22,2011-07-30,3.12,10191,United Kingdom,68.64
540595,96545,PRODUTO TESTE,6,2011-06-11,26.66,10190,United Kingdom,159.96
538589,84876,PRODUTO TESTE,5,2011-08-27,34.45,10174,United Kingdom,172.25
538744,32835,PRODUTO TESTE,45,2011-09-28,21.25,10098,United Kingdom,956.25
541793,13270,PRODUTO TESTE,35,2011-12-27,21.14,10111,United Kingdom,739.9
537622,34314,PRODUTO TESTE,26,2011-09-13,6.58,10060,United Kingdom,171.08
540631,96044,PRODUTO TESTE,33,2011-12-15,15.44,10184,United Kingdom,509.52
541522,82987,PRODUTO TESTE,17,2011-09-25,22.49,10095,United Kingdom,382.33
538159,69314,PRODUTO TESTE,8,2011-12-14,43.25,10154,United Kingdom,346.0
538055,93053,PRODUTO TESTE,46,2011-10-02,44.95,10071,United Kingdom,2067.7000000000003
539188,25895,PRODUTO TESTE,49,2011-11-20,47.7,10148,United Kingdom,2337.3
541329,58252,PRODUTO TESTE,6,2011-03-11,5.46,10044,Eire,32.76
538289,81450,PRODUTO TESTE,39,2011-12-29,15.16,10146,United Kingdom,591.24
539413,11714,PRODUTO TESTE,19,2011-05-08,23.41,10009,United Kingdom,444.79
540891,49151,PRODUTO TESTE,33,2011-10-19,32.27,10020,United Kingdom,1064.91
541120,25913,PRODUTO TESTE,21,2011-06-17,39.41,10096,United Kingdom,827.6099999999999
537242,30154,PRODUTO TESTE,1,2011-10-01,25.05,10142,United Kingdom,25.05
537282,97130,PRODUTO TESTE,39,2011-07-17,28.05,10071,Germany,1093.95
538131,55991,PRODUTO TESTE,16,2011-09-19,48.05,10003,France,768.8
538578,17345,PRODUTO TESTE,9,2011-01-29,12.38,10065,United Kingdom,111.42
536268,71430,PRODUTO TESTE,33,2011-11-01,40.29,10087,United Kingdom,1329.57
544654,63201,PRODUTO TESTE,47,2011-05-30,35.73,10108,United Kingdom,1679.31
538773,45318,PRODUTO TESTE,13,2011-10-15,7.43,10128,United Kingdom,96.59
543241,45732,PRODUTO TESTE,34,2011-04-15,46.36,10049,Germany,1576.24
544117,58361,PRODUTO TESTE,32,2011-08-06,42.84,10122,United Kingdom,1370.88
543205,93592,PRODUTO TESTE,21,2011-08-03,39.09,10126,United Kingdom,820.8900000000001
543482,78386,PRODUTO TESTE,39,2011-02-21,6.78,10155,United Kingdom,264.42
536900,46043,PRODUTO TESTE,2,2011-06-23,7.41,10104,United Kingdom,14.82
539348,32152,PRODUTO TESTE,43,2011-08-20,34.32,10162,United Kingdom,1475.76
542715,19783,PRODUTO TESTE,17,2011-11-02,5.81,10044,United Kingdom,98.77
536050,22369,PRODUTO TESTE,49,2011-05-21,20.31,10009,United Kingdom,995.1899999999999
541106,82506,PRODUTO TESTE,37,2011-08-23,0.77,10020,Germany,28.490000000000002
543240,61820,PRODUTO TESTE,39,2011-03-05,36.21,10172,United Kingdom,1412.19
543458,13332,PRODUTO TESTE,3,2011-11-23,27.24,10095,United Kingdom,81.72
539454,93357,PRODUTO TESTE,36,2011-11-13,4.37,10124,United Kingdom,157.32
538126,23553,PRODUTO TESTE,33,2011-12-31,27.41,10120,United Kingdom,904.53
538785,68089,PRODUTO TESTE,44,2011-06-27,3.18,10138,Germany,139.92000000000002
538667,11112,PRODUTO TESTE,15,2011-05-12,4.0,10049,United Kingdom,60.0
539119,62994,PRODUTO TESTE,46,2011-10-04,24.53,10035,United Kingdom,1128.38
538716,59984,PRODUTO TESTE,33,2011-09-22,25.24,10008,United Kingdom,832.92
540114,91797,PRODUTO TESTE,8,2011-03-19,17.28,10172,United Kingdom,138.24
536367,64007,PRODUTO TESTE,6,2011-07-17,31.28,10044,France,187.68
538476,54026,PRODUTO TESTE,44,2011-08-23,19.67,10115,United Kingdom,865.48
538832,57792,PRODUTO TESTE,30,2011-06-16,29.55,10090,United Kingdom,886.5
537380,66998,PRODUTO TESTE,1,2011-05-16,17.81,10032,United Kingdom,17.81
543901,47283,PRODUTO TESTE,1,2011-03-29,35.89,10082,United Kingdom,35.89
542079,74245,PRODUTO TESTE,40,2011-05-31,29.17,10016,United Kingdom,1166.8000000000002
544207,57612,PRODUTO TESTE,4,2011-03-31,8.42,10035,United Kingdom,33.68
541054,97226,PRODUTO TESTE,7,2011-04-20,34.47,10027,United Kingdom,241.29
536986,27454,PRODUTO TESTE,28,2011-03-09,39.3,10164,United Kingdom,1100.3999999999999
544141,75629,PRODUTO TESTE,42,2011-05-18,3.76,10113,United Kingdom,157.92
540122,84361,PRODUTO TESTE,13,2011-08-19,30.69,10185,United Kingdom,398.97
542159,74632,PRODUTO TESTE,31,2011-05-18,39.63,10087,United Kingdom,1228.53
539432,98268,PRODUTO TESTE,33,2011-02-21,6.18,10040,United Kingdom,203.94
540448,49064,PRODUTO TESTE,28,2011-10-20,45.13,10121,United Kingdom,1263.64
540404,58655,PRODUTO TESTE,32,2011-06-07,21.03,10185,United Kingdom,672.96
538562,23856,PRODUTO TESTE,7,2011-08-02,37.02,10106,United Kingdom,259.14000000000004
540992,43691,PRODUTO TESTE,29,2011-07-11,45.0,10003,United Kingdom,1305.0
536182,81259,PRODUTO TESTE,35,2011-06-09,29.4,10184,United Kingdom,1029.0
537178,80395,PRODUTO TESTE,38,2011-10-03,35.36,10103,United Kingdom,1343.68
543580,27376,PRODUTO TESTE,38,2011-11-09,12.96,10190,Germany,492.48
544762,38869,PRODUTO TESTE,45,2011-06-11,42.61,10002,United Kingdom,1917.45
541442,75674,PRODUTO TESTE,18,2011-05-05,20.21,10174,France,363.78000000000003
544091,84646,PRODUTO TESTE,24,2011-06-11,3.0,10143,United Kingdom,72.0
541944,26766,PRODUTO TESTE,26,2011-12-29,11.3,10194,United Kingdom,293.8
538966,26223,PRODUTO TESTE,17,2011-04-05,8.92,10039,United Kingdom,151.64
540751,20090,PRODUTO TESTE,36,2011-11-05,26.59,10181,United Kingdom,957.24
538120,85776,PRODUTO TESTE,24,2011-10-04,4.49,10046,United Kingdom,107.76
539008,59171,PRODUTO TESTE,6,2011-08-29,17.52,10194,United Kingdom,105.12
542122,24027,PRODUTO TESTE,29,2011-07-26,49.32,10038,United Kingdom,1430.28
537340,62866,PRODUTO TESTE,9,2011-10-04,39.81,10110,United Kingdom,358.29
542047,57690,PRODUTO TESTE,1,2011-02-05,38.15,10157,United Kingdom,38.15
541256,63742,PRODUTO TESTE,9,2011-02-16,7.19,10015,United Kingdom,64.71000000000001
538775,67124,PRODUTO TESTE,44,2011-03-13,18.55,10013,United Kingdom,816.2
536404,24802,PRODUTO TESTE,26,2011-10-07,34.19,10169,United Kingdom,888.9399999999999
542341,44850,PRODUTO TESTE,12,2011-06-07,1.57,10012,Germany,18.84
543420,74902,PRODUTO TESTE,15,2011-03-17,21.98,10122,United Kingdom,329.7
542570,91817,PRODUTO TESTE,42,2011-01-17,46.47,10187,United Kingdom,1951.74
539788,31805,PRODUTO TESTE,31,2011-06-28,4.58,10122,United Kingdom,141.98
541881,61398,PRODUTO TESTE,37,2011-05-26,45.36,10096,United Kingdom,1678.32
539732,95328,PRODUTO TESTE,28,2011-03-06,10.13,10083,United Kingdom,283.64000000000004
539224,64106,PRODUTO TESTE,49,2011-01-09,9.86,10127,United Kingdom,483.14
538944,30515,PRODUTO TESTE,31,2011-10-03,10.17,10114,United Kingdom,315.27
537897,62543,PRODUTO TESTE,17,2011-10-12,46.6,10100,United Kingdom,792.2
544724,11558,PRODUTO TESTE,8,2011-03-31,30.39,10030,Eire,243.12
537574,61105,PRODUTO TESTE,37,2011-04-03,18.64,10147,United Kingdom,689.6800000000001
543785,15083,PRODUTO TESTE,46,2011-05-30,43.73,10141,United Kingdom,2011.58
537361,28256,PRODUTO TESTE,31,2011-02-09,29.31,10015,United Kingdom,908.61
541343,98986,PRODUTO TESTE,21,2011-12-12,30.19,10140,United Kingdom,633.99
537489,66571,PRODUTO TESTE,2,2011-09-21,37.74,10145,Eire,75.48
539251,51262,PRODUTO TESTE,30,2011-11-25,38.8,10036,United Kingdom,1164.0
541926,30628,PRODUTO TESTE,6,2011-04-18,34.25,10169,France,205.5
544992,21173,PRODUTO TESTE,29,2011-11-15,6.39,10104,United Kingdom,185.31
544927,48527,PRODUTO TESTE,11,2011-07-09,43.4,10094,United Kingdom,477.4
544060,59099,PRODUTO TESTE,42,2011-03-14,13.41,10144,United Kingdom,563.22
538119,26156,PRODUTO TESTE,46,2011-05-02,49.81,10101,France,2291.26
536841,82077,PRODUTO TESTE,7,2011-10-24,19.58,10108,United Kingdom,137.06
544150,48592,PRODUTO TESTE,12,2011-10-10,6.44,10062,United Kingdom,77.28
544308,15024,PRODUTO TESTE,45,2011-09-20,16.15,10185,United Kingdom,726.7499999999999
536172,87545,PRODUTO TESTE,23,2011-08-25,19.88,10026,United Kingdom,457.23999999999995
541831,40417,PRODUTO TESTE,2,2011-12-10,41.52,10146,United Kingdom,83.04
536684,43557,PRODUTO TESTE,18,2011-01-18,34.27,10004,United Kingdom,616.86
544434,82701,PRODUTO TESTE,2,2011-01-30,27.17,10193,United Kingdom,54.34
540460,83448,PRODUTO TESTE,17,2011-02-07,39.48,10034,United Kingdom,671.16
541891,75641,PRODUTO TESTE,38,2011-03-29,20.05,10043,United Kingdom,761.9
539322,50708,PRODUTO TESTE,26,2011-03-07,46.26,10145,United Kingdom,1202.76
540826,25013,PRODUTO TESTE,19,2011-01-27,2.28,10092,Eire,43.31999999999999
544089,81629,PRODUTO TESTE,20,2011-12-25,34.0,10118,United Kingdom,680.0
538140,17461,PRODUTO TESTE,41,2011-06-21,39.21,10188,United Kingdom,1607.6100000000001
541818,88691,PRODUTO TESTE,41,2011-10-16,21.54,10104,United Kingdom,883.14
539814,39069,PRODUTO TESTE,32,2011-08-22,34.51,10019,United Kingdom,1104.32
544731,30400,PRODUTO TESTE,20,2011-11-20,17.46,10043,United Kingdom,349.20000000000005
540034,31176,PRODUTO TESTE,38,2011-09-02,8.01,10189,United Kingdom,304.38
540132,53215,PRODUTO TESTE,38,2011-07-08,8.28,10171,United Kingdom,314.64
543957,77649,PRODUTO TESTE,33,2011-03-18,38.57,10131,United Kingdom,1272.81
541723,45989,PRODUTO TESTE,32,2011-03-27,9.78,10075,United Kingdom,312.96
543818,56426,PRODUTO TESTE,6,2011-08-06,24.46,10039,United Kingdom,146.76
543113,97433,PRODUTO TESTE,41,2011-06-14,48.53,10170,United Kingdom,1989.73
542411,54806,PRODUTO TESTE,33,2011-01-17,38.06,10157,United Kingdom,1255.98
538173,81301,PRODUTO TESTE,10,2011-03-13,27.59,10048,United Kingdom,275.9
539589,44632,PRODUTO TESTE,7,2011-06-07,26.65,10117,France,186.54999999999998
543780,17036,PRODUTO TESTE,22,2011-03-07,8.78,10123,United Kingdom,193.16
541544,33028,PRODUTO TESTE,13,2011-07-22,22.6,10095,Germany,293.8
538521,24303,PRODUTO TESTE,32,2011-04-20,7.67,10185,United Kingdom,245.44
538946,91639,PRODUTO TESTE,17,2011-04-17,4.64,10024,United Kingdom,78.88
542982,12393,PRODUTO TESTE,4,2011-02-09,5.9,10051,United Kingdom,23.6
537603,84014,PRODUTO TESTE,16,2011-07-03,30.53,10019,United Kingdom,488.48
537008,22440,PRODUTO TESTE,39,2011-03-10,10.08,10138,United Kingdom,393.12
542885,23543,PRODUTO TESTE,40,2011-08-19,7.89,10128,United Kingdom,315.59999999999997
538595,57647,PRODUTO TESTE,12,2011-12-09,43.42,10197,France,521.04
542888,17295,PRODUTO TESTE,38,2011-11-29,6.54,10108,United Kingdom,248.52
544980,79807,PRODUTO TESTE,49,2011-10-22,21.14,10090,United Kingdom,1035.8600000000001
540724,15388,PRODUTO TESTE,37,2011-12-03,29.16,10017,United Kingdom,1078.92
543653,20634,PRODUTO TESTE,33,2011-04-04,0.5,10134,United Kingdom,16.5
537907,17704,PRODUTO TESTE,22,2011-07-02,40.95,10171,United Kingdom,900.9000000000001
544965,70246,PRODUTO TESTE,43,2011-11-09,24.03,10067,United Kingdom,1033.29
542712,45298,PRODUTO TESTE,8,2011-09-01,4.03,10062,United Kingdom,32.24
536964,11742,PRODUTO TESTE,44,2011-05-13,17.5,10014,Eire,770.0
536054,71335,PRODUTO TESTE,42,2011-03-03,25.56,10083,United Kingdom,1073.52
538442,97265,PRODUTO TESTE,10,2011-02-22,7.21,10095,United Kingdom,72.1
536146,60493,PRODUTO TESTE,18,2011-05-18,27.54,10150,Germany,495.71999999999997
539218,44270,PRODUTO TESTE,30,2011-10-21,26.67,10150,United Kingdom,800.1
544967,85943,PRODUTO TESTE,8,2011-07-21,30.34,10028,United Kingdom,242.72
540310,40292,PRODUTO TESTE,49,2011-01-22,40.61,10057,United Kingdom,1989.8899999999999
536215,65173,PRODUTO TESTE,5,2011-12-02,20.93,10102,United Kingdom,104.65
540445,52732,PRODUTO TESTE,8,2011-05-28,44.48,10067,France,355.84
537971,75366,PRODUTO TESTE,22,2011-05-23,24.0,10005,United Kingdom,528.0
543705,56607,PRODUTO TESTE,21,2011-10-27,23.13,10169,United Kingdom,485.72999999999996
542935,47800,PRODUTO TESTE,45,2011-08-14,31.07,10104,United Kingdom,1398.15
540013,36626,PRODUTO TESTE,8,2011-12-03,1.07,10063,Germany,8.56
542058,15462,PRODUTO TESTE,23,2011-08-13,47.16,10007,United Kingdom,1084.6799999999998
540095,40575,PRODUTO TESTE,46,2011-05-10,14.42,10089,United Kingdom,663.32
541562,38980,PRODUTO TESTE,21,2011-01-28,38.64,10190,United Kingdom,811.44
543085,41645,PRODUTO TESTE,45,2011-04-11,46.06,10050,United Kingdom,2072.7000000000003
540143,12458,PRODUTO TESTE,44,2011-12-28,29.5,10130,United Kingdom,1298.0
536071,36662,PRODUTO TESTE,4,2011-06-26,1.44,10037,United Kingdom,5.76
537175,70461,PRODUTO TESTE,29,2011-03-05,34.19,10023,United Kingdom,991.51
540130,97287,PRODUTO TESTE,40,2011-06-01,5.11,10070,United Kingdom,204.4
539577,65553,PRODUTO TESTE,31,2011-04-04,33.72,10177,United Kingdom,1045.32
543149,74077,PRODUTO TESTE,31,2011-07-11,29.58,10137,Germany,916.9799999999999
539704,70193,PRODUTO TESTE,37,2011-03-28,32.21,10097,United Kingdom,1191.77
543741,95010,PRODUTO TESTE,19,2011-05-26,9.87,10056,Eire,187.52999999999997
539463,20275,PRODUTO TESTE,30,2011-01-31,31.09,10054,United Kingdom,932.7
542806,52577,PRODUTO TESTE,29,2011-10-06,15.36,10030,United Kingdom,445.44
537116,91705,PRODUTO TESTE,41,2011-01-29,9.49,10037,United Kingdom,389.09000000000003
538892,89358,PRODUTO TESTE,45,2011-06-16,11.52,10137,United Kingdom,518.4
542766,58105,PRODUTO TESTE,13,2011-09-01,42.97,10026,United Kingdom,558.61
541300,49954,PRODUTO TESTE,47,2011-12-15,23.49,10009,Eire,1104.03
540641,52984,PRODUTO TESTE,48,2011-01-20,25.99,10057,United Kingdom,1247.52
543732,55567,PRODUTO TESTE,2,2011-10-02,41.79,10090,United Kingdom,83.58
543896,66965,PRODUTO TESTE,30,2011-11-23,25.67,10027,United Kingdom,770.1
544771,56967,PRODUTO TESTE,32,2011-07-26,5.12,10041,United Kingdom,163.84
537098,29430,PRODUTO TESTE,29,2011-01-23,10.3,10088,United Kingdom,298.70000000000005
541320,97130,PRODUTO TESTE,49,2011-07-02,1.16,10138,United Kingdom,56.839999999999996
537028,29561,PRODUTO TESTE,25,2011-05-23,41.66,10082,United Kingdom,1041.5
538060,44434,PRODUTO TESTE,2,2011-06-14,33.33,10108,United Kingdom,66.66
538702,55884,PRODUTO TESTE,28,2011-01-20,38.08,10104,France,1066.24
541815,36386,PRODUTO TESTE,10,2011-04-26,35.89,10053,United Kingdom,358.9
539880,16174,PRODUTO TESTE,28,2011-12-31,41.31,10055,Germany,1156.68
543782,65007,PRODUTO TESTE,15,2011-01-17,49.35,10085,United Kingdom,740.25
541555,89115,PRODUTO TESTE,30,2011-07-08,12.99,10137,Germany,389.7
544822,48536,PRODUTO TESTE,13,2011-12-07,29.69,10061,United Kingdom,385.97
538207,51735,PRODUTO TESTE,29,2011-03-21,38.65,10074,United Kingdom,1120.85
542602,95475,PRODUTO TESTE,43,2011-12-26,28.3,10065,United Kingdom,1216.9
536762,12395,PRODUTO TESTE,12,2011-04-12,15.53,10130,United Kingdom,186.35999999999999
540890,44081,PRODUTO TESTE,11,2011-05-08,36.13,10151,United Kingdom,397.43
539724,15466,PRODUTO TESTE,11,2011-06-14,22.67,10021,United Kingdom,249.37
544626,22466,PRODUTO TESTE,26,2011-08-08,14.69,10082,United Kingdom,381.94
542960,92755,PRODUTO TESTE,5,2011-04-28,42.13,10002,United Kingdom,210.65
544345,19127,PRODUTO TESTE,23,2011-10-17,29.04,10090,United Kingdom,667.92
543655,96103,PRODUTO TESTE,39,2011-01-08,14.53,10049,United Kingdom,566.67
542600,67698,PRODUTO TESTE,48,2011-08-28,28.8,10091,United Kingdom,1382.4
536274,76776,PRODUTO TESTE,24,2011-07-15,21.43,10064,United Kingdom,514.3199999999999
541020,26644,PRODUTO TESTE,29,2011-08-12,8.45,10078,United Kingdom,245.04999999999998
536425,20553,PRODUTO TESTE,28,2011-09-30,30.72,10152,France,860.16
542517,43127,PRODUTO TESTE,46,2011-11-27,34.61,10162,United Kingdom,1592.06
544700,78793,PRODUTO TESTE,31,2011-03-21,0.51,10001,United Kingdom,15.81
542132,37491,PRODUTO TESTE,43,2011-06-24,27.08,10075,France,1164.4399999999998
543559,25818,PRODUTO TESTE,10,2011-07-25,29.07,10169,United Kingdom,290.7
538109,80663,PRODUTO TESTE,6,2011-05-06,16.94,10106,Eire,101.64000000000001
544945,67068,PRODUTO TESTE,30,2011-12-22,17.27,10041,United Kingdom,518.1
540956,58337,PRODUTO TESTE,3,2011-07-06,16.22,10118,United Kingdom,48.66
542070,47111,PRODUTO TESTE,1,2011-08-05,22.54,10028,Germany,22.54
542935,80168,PRODUTO TESTE,6,2011-03-13,40.69,10004,France,244.14
541756,76097,PRODUTO TESTE,9,2011-06-01,23.72,10126,United Kingdom,213.48
541502,21659,PRODUTO TESTE,35,2011-06-06,19.12,10151,United Kingdom,669.2
541885,88255,PRODUTO TESTE,27,2011-10-09,35.11,10068,United Kingdom,947.97
543716,22312,PRODUTO TESTE,6,2011-02-19,27.67,10170,United Kingdom,166.02
540333,48624,PRODUTO TESTE,10,2011-02-26,38.23,10084,United Kingdom,382.29999999999995
540516,90631,PRODUTO TESTE,46,2011-05-04,44.47,10147,United Kingdom,2045.62
540528,47563,PRODUTO TESTE,45,2011-04-27,25.83,10020,United Kingdom,1162.35
537029,84813,PRODUTO TESTE,1,2011-10-25,24.98,10019,United Kingdom,24.98
536810,54018,PRODUTO TESTE,28,2011-11-13,47.16,10156,United Kingdom,1320.48
536183,77057,PRODUTO TESTE,12,2011-06-22,46.72,10166,United Kingdom,560.64
541995,63261,PRODUTO TESTE,14,2011-07-04,49.85,10188,United Kingdom,697.9
539769,35210,PRODUTO TESTE,27,2011-04-18,8.25,10064,United Kingdom,222.75
543791,90469,PRODUTO TESTE,49,2011-07-14,0.68,10004,United Kingdom,33.32
542320,52069,PRODUTO TESTE,27,2011-09-15,22.15,10195,United Kingdom,598.05
537272,51197,PRODUTO TESTE,47,2011-09-21,36.8,10120,United Kingdom,1729.6
536900,69268,PRODUTO TESTE,40,2011-12-20,4.11,10049,United Kingdom,164.4
539294,93711,PRODUTO TESTE,37,2011-07-30,18.99,10152,United Kingdom,702.63
544288,88435,PRODUTO TESTE,38,2011-05-05,29.28,10180,United Kingdom,1112.64
536438,45429,PRODUTO TESTE,38,2011-01-26,11.02,10056,United Kingdom,418.76
537686,30813,PRODUTO TESTE,9,2011-09-09,36.69,10153,United Kingdom,330.21
536266,39211,PRODUTO TESTE,48,2011-10-21,11.86,10157,United Kingdom,569.28
539722,33638,PRODUTO TESTE,45,2011-07-21,42.11,10100,United Kingdom,1894.95
544906,36553,PRODUTO TESTE,28,2011-12-03,17.74,10126,United Kingdom,496.71999999999997
542153,48767,PRODUTO TESTE,34,2011-04-26,30.13,10053,United Kingdom,1024.42
540441,11903,PRODUTO TESTE,43,2011-01-20,27.44,10185,United Kingdom,1179.92
537299,57976,PRODUTO TESTE,3,2011-08-20,15.17,10196,United Kingdom,45.51
540720,48731,PRODUTO TESTE,49,2011-01-31,42.38,10147,United Kingdom,2076.6200000000003
538473,17130,PRODUTO TESTE,25,2011-09-14,27.64,10008,United Kingdom,691.0
542345,45078,PRODUTO TESTE,34,2011-06-08,3.25,10073,United Kingdom,110.5
544820,40089,PRODUTO TESTE,22,2011-08-09,35.8,10088,United Kingdom,787.5999999999999
537853,63496,PRODUTO TESTE,23,2011-09-30,9.53,10191,United Kingdom,219.19
537136,37083,PRODUTO TESTE,10,2011-08-12,23.69,10107,United Kingdom,236.9
540155,25796,PRODUTO TESTE,18,2011-07-31,2.04,10158,United Kingdom,36.72
537972,36784,PRODUTO TESTE,39,2011-05-19,3.01,10018,United Kingdom,117.38999999999999
536634,83503,PRODUTO TESTE,11,2011-07-04,21.04,10197,United Kingdom,231.44
540285,17382,PRODUTO TESTE,35,2011-08-04,31.26,10038,United Kingdom,1094.1000000000001
536014,51017,PRODUTO TESTE,18,2011-02-02,6.39,10090,United Kingdom,115.02
540259,18278,PRODUTO TESTE,38,2011-03-14,33.24,10020,United Kingdom,1263.1200000000001
542081,32233,PRODUTO TESTE,39,2011-06-10,26.79,10168,United Kingdom,1044.81
539104,88938,PRODUTO TESTE,24,2011-12-09,41.75,10102,United Kingdom,1002.0
538253,93157,PRODUTO TESTE,28,2011-12-03,10.65,10064,United Kingdom,298.2
537388,49686,PRODUTO TESTE,32,2011-10-06,6.46,10000,Eire,206.72
542714,20686,PRODUTO TESTE,32,2011-07-23,18.42,10095,United Kingdom,589.44
543754,34794,PRODUTO TESTE,35,2011-03-15,32.03,10030,United Kingdom,1121.05
540663,92696,PRODUTO TESTE,18,2011-10-07,5.38,10058,United Kingdom,96.84
542516,83228,PRODUTO TESTE,41,2011-11-28,4.03,10094,United Kingdom,165.23000000000002
539572,87668,PRODUTO TESTE,19,2011-12-18,34.05,10003,United Kingdom,646.9499999999999
536220,74041,PRODUTO TESTE,3,2011-05-22,15.2,10026,United Kingdom,45.599999999999994
539308,66101,PRODUTO TESTE,31,2011-06-27,33.64,10041,United Kingdom,1042.84
542333,79658,PRODUTO TESTE,11,2011-07-05,15.1,10010,Germany,166.1
541826,68168,PRODUTO TESTE,23,2011-01-21,16.08,10145,United Kingdom,369.84
544911,40540,PRODUTO TESTE,23,2011-02-12,10.89,10189,Eire,250.47000000000003
544977,67708,PRODUTO TESTE,33,2011-01-17,49.19,10197,Germany,1623.27
538183,36629,PRODUTO TESTE,46,2011-09-27,1.3,10053,United Kingdom,59.800000000000004
536086,66256,PRODUTO TESTE,33,2011-03-23,6.8,10157,Germany,224.4
538468,44327,PRODUTO TESTE,49,2011-09-13,41.9,10100,France,2053.1
543321,26345,PRODUTO TESTE,38,2011-10-17,14.39,10018,United Kingdom,546.82
536888,96132,PRODUTO TESTE,17,2011-02-12,13.51,10109,United Kingdom,229.67
537443,77171,PRODUTO TESTE,35,2011-04-29,35.0,10084,United Kingdom,1225.0
541945,52753,PRODUTO TESTE,24,2011-06-09,42.11,10186,United Kingdom,1010.64
542795,89722,PRODUTO TESTE,31,2011-03-03,26.79,10100,United Kingdom,830.49
537906,77967,PRODUTO TESTE,6,2011-09-01,12.83,10197,United Kingdom,76.98
536334,89053,PRODUTO TESTE,2,2011-12-19,39.72,10194,United Kingdom,79.44
540983,24026,PRODUTO TESTE,9,2011-02-01,41.9,10051,United Kingdom,377.09999999999997
544295,74912,PRODUTO TESTE,47,2011-12-14,3.06,10176,United Kingdom,143.82
541182,29693,PRODUTO TESTE,49,2011-08-25,35.05,10100,United Kingdom,1717.4499999999998
538730,46957,PRODUTO TESTE,48,2011-09-15,47.18,10171,France,2264.64
536776,41468,PRODUTO TESTE,27,2011-09-19,13.54,10032,United Kingdom,365.58
543887,20693,PRODUTO TESTE,12,2011-02-27,39.42,10089,United Kingdom,473.04
543434,82005,PRODUTO TESTE,46,2011-07-06,34.61,10025,United Kingdom,1592.06
537464,72048,PRODUTO TESTE,8,2011-05-14,44.0,10055,United Kingdom,352.0
542335,40777,PRODUTO TESTE,4,2011-11-01,34.82,10082,United Kingdom,139.28
539277,76382,PRODUTO TESTE,7,2011-01-16,42.7,10171,United Kingdom,298.90000000000003
539933,98774,PRODUTO TESTE,3,2011-01-07,18.3,10172,United Kingdom,54.900000000000006
543638,74920,PRODUTO TESTE,21,2011-07-23,8.3,10077,United Kingdom,174.3
543578,95453,PRODUTO TESTE,2,2011-12-21,18.49,10065,United Kingdom,36.98
537715,52318,PRODUTO TESTE,7,2011-12-30,40.85,10106,United Kingdom,285.95
538768,43919,PRODUTO TESTE,15,2011-08-05,7.02,10182,United Kingdom,105.3
543392,85888,PRODUTO TESTE,30,2011-06-06,32.08,10195,Eire,962.4
544252,69668,PRODUTO TESTE,42,2011-04-10,49.38,10045,United Kingdom,2073.96
543502,67775,PRODUTO TESTE,29,2011-03-08,33.72,10141,United Kingdom,977.88
541312,71868,PRODUTO TESTE,49,2011-07-05,6.27,10039,United Kingdom,307.22999999999996
536677,83388,PRODUTO TESTE,10,2011-05-24,25.19,10006,United Kingdom,251.9
542123,13234,PRODUTO TESTE,42,2011-06-30,26.83,10080,United Kingdom,1126.86
542101,75002,PRODUTO TESTE,37,2011-11-26,39.24,10078,Germany,1451.88
541964,38599,PRODUTO TESTE,12,2011-04-09,14.49,10112,United Kingdom,173.88
543115,21097,PRODUTO TESTE,12,2011-11-16,5.77,10040,United Kingdom,69.24
544514,34879,PRODUTO TESTE,12,2011-03-19,35.06,10142,United Kingdom,420.72
543648,84933,PRODUTO TESTE,20,2011-04-29,24.88,10136,United Kingdom,497.59999999999997
542703,83581,PRODUTO TESTE,19,2011-01-02,42.19,10092,United Kingdom,801.6099999999999
544831,37501,PRODUTO TESTE,31,2011-09-05,24.33,10036,United Kingdom,754.2299999999999
542070,27284,PRODUTO TESTE,20,2011-11-10,42.39,10101,United Kingdom,847.8
542048,47701,PRODUTO TESTE,38,2011-11-20,25.64,10134,United Kingdom,974.32
540878,39859,PRODUTO TESTE,20,2011-03-03,39.24,10074,United Kingdom,784.8000000000001
542921,51647,PRODUTO TESTE,11,2011-10-07,36.18,10052,United Kingdom,397.98
536642,80560,PRODUTO TESTE,12,2011-02-21,13.67,10101,United Kingdom,164.04
540551,39817,PRODUTO TESTE,35,2011-08-18,15.82,10071,United Kingdom,553.7
539827,25614,PRODUTO TESTE,2,2011-09-14,45.01,10080,Germany,90.02
544214,19759,PRODUTO TESTE,10,2011-02-25,11.93,10069,Eire,119.3
536653,71666,PRODUTO TESTE,12,2011-02-10,35.03,10060,United Kingdom,420.36
541793,27942,PRODUTO TESTE,30,2011-01-27,7.68,10143,United Kingdom,230.39999999999998
537658,29767,PRODUTO TESTE,2,2011-09-16,37.88,10092,United Kingdom,75.76
543951,82311,PRODUTO TESTE,19,2011-08-13,11.55,10093,United Kingdom,219.45000000000002
543666,18352,PRODUTO TESTE,32,2011-02-13,29.91,10130,United Kingdom,957.12
538119,68703,PRODUTO TESTE,45,2011-07-02,28.43,10072,United Kingdom,1279.35
543845,11014,PRODUTO TESTE,19,2011-10-18,10.57,10020,United Kingdom,200.83
540470,94854,PRODUTO TESTE,49,2011-03-28,24.82,10170,Eire,1216.18
544739,74223,PRODUTO TESTE,28,2011-08-10,44.02,10011,United Kingdom,1232.5600000000002
542568,83895,PRODUTO TESTE,37,2011-04-17,34.19,10114,Eire,1265.03
536310,69973,PRODUTO TESTE,8,2011-04-06,49.64,10053,United Kingdom,397.12
537824,46199,PRODUTO TESTE,45,2011-05-24,39.34,10042,United Kingdom,1770.3000000000002
539632,99578,PRODUTO TESTE,9,2011-05-09,32.35,10008,United Kingdom,291.15000000000003
537902,80757,PRODUTO TESTE,2,2011-06-30,28.38,10180,United Kingdom,56.76
544802,61878,PRODUTO TESTE,30,2011-05-23,26.59,10068,United Kingdom,797.7
543821,58837,PRODUTO TESTE,29,2011-08-16,20.43,10148,United Kingdom,592.47
539911,35766,PRODUTO TESTE,5,2011-05-22,41.81,10007,United Kingdom,209.05
537935,51048,PRODUTO TESTE,43,2011-08-28,47.04,10112,United Kingdom,2022.72
537636,97757,PRODUTO TESTE,10,2011-02-12,24.21,10098,United Kingdom,242.10000000000002
544241,17787,PRODUTO TESTE,28,2011-02-20,7.29,10110,United Kingdom,204.12
538983,93563,PRODUTO TESTE,23,2011-11-12,30.61,10024,United Kingdom,704.03
536113,73032,PRODUTO TESTE,27,2011-06-18,37.17,10190,United Kingdom,1003.59
539576,20097,PRODUTO TESTE,35,2011-08-11,18.99,10047,United Kingdom,664.65
540089,37471,PRODUTO TESTE,46,2011-09-28,37.52,10135,United Kingdom,1725.92
541607,85547,PRODUTO TESTE,34,2011-02-23,26.79,10149,Eire,910.86
539048,73322,PRODUTO TESTE,44,2011-12-21,15.42,10068,United Kingdom,678.48
544307,16991,PRODUTO TESTE,42,2011-06-04,31.66,10026,United Kingdom,1329.72
541791,23267,PRODUTO TESTE,14,2011-11-21,19.75,10059,United Kingdom,276.5
544879,93592,PRODUTO TESTE,25,2011-06-02,39.45,10161,United Kingdom,986.2500000000001
539303,24182,PRODUTO TESTE,5,2011-05-29,0.65,10181,United Kingdom,3.25
541865,66174,PRODUTO TESTE,45,2011-08-08,41.0,10187,United Kingdom,1845.0
539288,99599,PRODUTO TESTE,48,2011-03-11,15.68,10045,United Kingdom,752.64
542299,24992,PRODUTO TESTE,43,2011-08-11,48.0,10121,United Kingdom,2064.0
542711,13995,PRODUTO TESTE,35,2011-12-25,38.08,10030,France,1332.8
538896,83552,PRODUTO TESTE,41,2011-08-24,12.43,10142,United Kingdom,509.63
544439,95494,PRODUTO TESTE,38,2011-01-26,48.95,10083,United Kingdom,1860.1000000000001
543714,56419,PRODUTO TESTE,7,2011-09-12,25.23,10142,United Kingdom,176.61
544050,30998,PRODUTO TESTE,9,2011-01-13,26.38,10137,United Kingdom,237.42
537960,15359,PRODUTO TESTE,24,2011-02-07,45.52,10198,United Kingdom,1092.48
542460,92016,PRODUTO TESTE,18,2011-04-14,45.96,10097,Eire,827.28
536957,81857,PRODUTO TESTE,35,2011-04-22,35.0,10068,Eire,1225.0
536949,90677,PRODUTO TESTE,35,2011-01-02,48.93,10105,United Kingdom,1712.55
544759,80949,PRODUTO TESTE,48,2011-01-07,16.78,10032,United Kingdom,805.44
537376,48958,PRODUTO TESTE,38,2011-10-16,12.0,10022,Eire,456.0
539877,44408,PRODUTO TESTE,13,2011-03-14,17.64,10165,United Kingdom,229.32
538732,75799,PRODUTO TESTE,12,2011-06-06,30.33,10106,United Kingdom,363.96
536661,19015,PRODUTO TESTE,29,2011-09-10,15.62,10156,United Kingdom,452.97999999999996
542076,13613,PRODUTO TESTE,13,2011-09-26,29.19,10035,United Kingdom,379.47
542491,96514,PRODUTO TESTE,48,2011-04-16,2.9,10089,Eire,139.2
540203,38629,PRODUTO TESTE,10,2011-03-02,18.03,10122,United Kingdom,180.3
543289,13119,PRODUTO TESTE,19,2011-12-17,37.53,10069,United Kingdom,713.07
538908,70589,PRODUTO TESTE,39,2011-08-19,5.66,10002,United Kingdom,220.74
540965,45905,PRODUTO TESTE,15,2011-12-25,35.88,10014,United Kingdom,538.2
541240,49108,PRODUTO TESTE,13,2011-02-10,28.65,10121,United Kingdom,372.45
537224,50536,PRODUTO TESTE,14,2011-05-20,44.36,10052,Germany,621.04
540285,65079,PRODUTO TESTE,28,2011-04-30,47.75,10051,United Kingdom,1337.0
540943,93874,PRODUTO TESTE,34,2011-09-20,2.22,10007,United Kingdom,75.48
541008,89292,PRODUTO TESTE,25,2011-09-19,34.11,10188,United Kingdom,852.75
540019,84406,PRODUTO TESTE,17,2011-01-27,12.24,10021,United Kingdom,208.08
541792,54299,PRODUTO TESTE,22,2011-08-03,20.71,10151,United Kingdom,455.62
540609,60219,PRODUTO TESTE,2,2011-05-06,31.35,10048,Eire,62.7
538549,21895,PRODUTO TESTE,4,2011-08-13,35.76,10067,United Kingdom,143.04
537938,61903,PRODUTO TESTE,28,2011-05-23,42.09,10054,United Kingdom,1178.52
541829,70424,PRODUTO TESTE,42,2011-07-16,35.42,10164,United Kingdom,1487.64
544447,89829,PRODUTO TESTE,23,2011-09-19,38.98,10006,United Kingdom,896.54
541747,87674,PRODUTO TESTE,49,2011-03-14,6.29,10055,United Kingdom,308.21
544293,56659,PRODUTO TESTE,12,2011-09-15,1.56,10054,United Kingdom,18.72
544096,17946,PRODUTO TESTE,36,2011-12-12,26.72,10038,United Kingdom,961.92
540558,99604,PRODUTO TESTE,44,2011-06-12,35.92,10182,United Kingdom,1580.48
536983,51901,PRODUTO TESTE,49,2011-12-31,5.89,10075,United Kingdom,288.60999999999996
541708,47030,PRODUTO TESTE,1,2011-03-09,21.75,10083,United Kingdom,21.75
541605,27176,PRODUTO TESTE,5,2011-10-26,13.18,10077,United Kingdom,65.9
538496,16600,PRODUTO TESTE,30,2011-12-27,28.57,10196,United Kingdom,857.1
543645,17489,PRODUTO TESTE,36,2011-04-20,19.83,10067,United Kingdom,713.8799999999999
543829,34041,PRODUTO TESTE,40,2011-02-23,10.47,10068,United Kingdom,418.8
538978,36315,PRODUTO TESTE,25,2011-08-31,0.72,10065,United Kingdom,18.0
540291,51677,PRODUTO TESTE,3,2011-11-14,16.42,10065,United Kingdom,49.260000000000005
537756,64957,PRODUTO TESTE,34,2011-01-31,26.05,10017,Germany,885.7
537605,99263,PRODUTO TESTE,31,2011-08-22,46.5,10120,United Kingdom,1441.5
538385,81492,PRODUTO TESTE,20,2011-11-15,11.76,10005,United Kingdom,235.2
539292,53726,PRODUTO TESTE,30,2011-01-12,25.86,10045,Eire,775.8
538456,92121,PRODUTO TESTE,6,2011-07-08,28.54,10040,United Kingdom,171.24
537364,60201,PRODUTO TESTE,39,2011-01-29,32.64,10058,United Kingdom,1272.96
541612,29562,PRODUTO TESTE,41,2011-06-27,5.42,10119,United Kingdom,222.22
538933,48008,PRODUTO TESTE,41,2011-04-30,46.11,10198,United Kingdom,1890.51
540801,13690,PRODUTO TESTE,32,2011-02-01,47.66,10070,United Kingdom,1525.12
538441,23792,PRODUTO TESTE,39,2011-10-20,22.19,10185,Germany,865.4100000000001
542334,95047,PRODUTO TESTE,45,2011-03-16,29.24,10008,Germany,1315.8
541836,27535,PRODUTO TESTE,3,2011-11-14,1.94,10100,Germany,5.82
544640,61037,PRODUTO TESTE,24,2011-03-06,2.84,10159,United Kingdom,68.16
536477,19224,PRODUTO TESTE,30,2011-07-09,4.3,10106,United Kingdom,129.0
543678,64108,PRODUTO TESTE,46,2011-09-23,37.07,10186,France,1705.22
539063,97830,PRODUTO TESTE,35,2011-06-25,11.75,10062,United Kingdom,411.25
536594,51195,PRODUTO TESTE,27,2011-06-02,9.63,10006,United Kingdom,260.01000000000005
542207,21483,PRODUTO TESTE,25,2011-10-02,0.91,10154,United Kingdom,22.75
537545,12059,PRODUTO TESTE,2,2011-01-05,1.63,10013,Germany,3.26
537582,78097,PRODUTO TESTE,12,2011-10-29,20.57,10152,United Kingdom,246.84
544816,19268,PRODUTO TESTE,18,2011-09-09,27.31,10146,United Kingdom,491.58
537988,38598,PRODUTO TESTE,43,2011-10-07,29.16,10168,France,1253.88
540924,85901,PRODUTO TESTE,42,2011-06-03,23.17,10095,France,973.1400000000001
537805,58342,PRODUTO TESTE,30,2011-05-21,23.25,10179,Eire,697.5
536008,88543,PRODUTO TESTE,34,2011-08-23,14.83,10086,United Kingdom,504.22
536144,69521,PRODUTO TESTE,20,2011-12-04,12.27,10024,United Kingdom,245.39999999999998
540263,94254,PRODUTO TESTE,30,2011-11-09,42.79,10153,United Kingdom,1283.7
539906,13279,PRODUTO TESTE,18,2011-01-20,34.62,10142,Germany,623.16
536350,31620,PRODUTO TESTE,34,2011-02-25,24.1,10161,United Kingdom,819.4000000000001
539146,34929,PRODUTO TESTE,6,2011-12-12,14.13,10152,United Kingdom,84.78
538456,92013,PRODUTO TESTE,2,2011-05-22,7.26,10061,United Kingdom,14.52
541141,65949,PRODUTO TESTE,7,2011-07-31,2.35,10013,United Kingdom,16.45
544953,32684,PRODUTO TESTE,45,2011-01-21,42.69,10185,Germany,1921.05
544265,82430,PRODUTO TESTE,10,2011-05-30,2.77,10018,United Kingdom,27.7
537730,87298,PRODUTO TESTE,13,2011-09-19,8.35,10185,United Kingdom,108.55
537935,11372,PRODUTO TESTE,41,2011-10-09,14.34,10198,United Kingdom,587.9399999999999
542757,42880,PRODUTO TESTE,14,2011-11-23,13.52,10089,United Kingdom,189.28
538790,58170,PRODUTO TESTE,44,2011-03-13,27.65,10154,France,1216.6
543638,31150,PRODUTO TESTE,49,2011-03-15,20.27,10007,United Kingdom,993.23
540173,75322,PRODUTO TESTE,30,2011-07-17,44.17,10018,United Kingdom,1325.1000000000001
537807,78211,PRODUTO TESTE,13,2011-07-19,36.11,10055,United Kingdom,469.43
543599,85503,PRODUTO TESTE,27,2011-01-14,45.58,10131,United Kingdom,1230.6599999999999
540954,80749,PRODUTO TESTE,31,2011-06-13,43.21,10026,United Kingdom,1339.51
540070,42911,PRODUTO TESTE,40,2011-03-01,49.01,10133,United Kingdom,1960.3999999999999
537136,36897,PRODUTO TESTE,18,2011-10-27,15.93,10154,United Kingdom,286.74
542129,38441,PRODUTO TESTE,41,2011-06-13,10.88,10147,United Kingdom,446.08000000000004
537120,86782,PRODUTO TESTE,28,2011-07-11,8.68,10159,France,243.04
541969,68421,PRODUTO TESTE,42,2011-08-23,31.59,10160,United Kingdom,1326.78
543830,31038,PRODUTO TESTE,1,2011-02-07,41.14,10171,United Kingdom,41.14
539666,33983,PRODUTO TESTE,43,2011-04-18,39.26,10069,United Kingdom,1688.1799999999998
543938,10132,PRODUTO TESTE,49,2011-11-05,31.61,10019,United Kingdom,1548.8899999999999
536998,96963,PRODUTO TESTE,49,2011-01-15,22.06,10150,United Kingdom,1080.9399999999998
536966,31214,PRODUTO TESTE,13,2011-09-19,8.11,10055,France,105.42999999999999
544941,77694,PRODUTO TESTE,9,2011-07-09,25.53,10195,Germany,229.77
541168,20659,PRODUTO TESTE,14,2011-02-13,8.38,10082,United Kingdom,117.32000000000001
540056,13243,PRODUTO TESTE,39,2011-02-14,30.45,10170,United Kingdom,1187.55
537401,70743,PRODUTO TESTE,8,2011-12-24,15.84,10008,United Kingdom,126.72
538600,18858,PRODUTO TESTE,25,2011-01-12,12.74,10131,United Kingdom,318.5
542175,23030,PRODUTO TESTE,30,2011-01-09,22.33,10089,United Kingdom,669.9
543395,39730,PRODUTO TESTE,14,2011-01-07,29.25,10092,United Kingdom,409.5
544247,62683,PRODUTO TESTE,21,2011-08-18,18.69,10053,United Kingdom,392.49
539669,11639,PRODUTO TESTE,31,2011-12-05,48.2,10194,United Kingdom,1494.2
540092,21381,PRODUTO TESTE,38,2011-03-04,0.79,10078,United Kingdom,30.020000000000003
537469,40413,PRODUTO TESTE,5,2011-10-18,45.69,10170,United Kingdom,228.45
536747,73396,PRODUTO TESTE,23,2011-09-20,0.53,10085,United Kingdom,12.190000000000001
539940,18775,PRODUTO TESTE,3,2011-03-25,11.23,10009,United Kingdom,33.69
536938,27356,PRODUTO TESTE,30,2011-06-28,36.54,10037,United Kingdom,1096.2
539676,37782,PRODUTO TESTE,21,2011-01-30,32.4,10054,United Kingdom,680.4
541774,33203,PRODUTO TESTE,9,2011-02-11,36.44,10172,United Kingdom,327.96
544446,16046,PRODUTO TESTE,47,2011-10-25,39.32,10183,United Kingdom,1848.04
539063,94504,PRODUTO TESTE,40,2011-12-29,8.17,10085,United Kingdom,326.8
539525,32001,PRODUTO TESTE,46,2011-08-18,39.8,10151,United Kingdom,1830.8
543874,99243,PRODUTO TESTE,1,2011-04-11,47.01,10065,United Kingdom,47.01
538463,42153,PRODUTO TESTE,6,2011-08-12,37.11,10100,United Kingdom,222.66
537417,95168,PRODUTO TESTE,20,2011-07-09,26.29,10083,United Kingdom,525.8
540041,99676,PRODUTO TESTE,30,2011-10-08,20.06,10093,United Kingdom,601.8
538758,65108,PRODUTO TESTE,5,2011-11-04,43.35,10051,United Kingdom,216.75
544933,14239,PRODUTO TESTE,16,2011-01-22,32.55,10074,United Kingdom,520.8
536314,91581,PRODUTO TESTE,24,2011-04-16,22.03,10100,United Kingdom,528.72
543710,52905,PRODUTO TESTE,12,2011-04-04,39.35,10009,United Kingdom,472.20000000000005
538531,12506,PRODUTO TESTE,20,2011-07-22,3.18,10030,United Kingdom,63.6
536326,82169,PRODUTO TESTE,27,2011-03-09,40.75,10153,United Kingdom,1100.25
541941,12985,PRODUTO TESTE,47,2011-12-13,40.63,10070,United Kingdom,1909.6100000000001
542102,43450,PRODUTO TESTE,12,2011-12-01,11.81,10121,United Kingdom,141.72
536344,49326,PRODUTO TESTE,42,2011-05-29,35.83,10110,United Kingdom,1504.86
537002,82394,PRODUTO TESTE,26,2011-06-10,10.39,10082,United Kingdom,270.14
539679,21616,PRODUTO TESTE,20,2011-01-16,49.8,10096,United Kingdom,996.0
537191,22415,PRODUTO TESTE,34,2011-11-21,0.95,10164,United Kingdom,32.3
542327,96095,PRODUTO TESTE,48,2011-10-12,11.87,10193,Eire,569.76
536697,25892,PRODUTO TESTE,2,2011-05-02,2.58,10051,United Kingdom,5.16
543100,20127,PRODUTO TESTE,42,2011-07-19,39.24,10133,United Kingdom,1648.0800000000002
543871,62685,PRODUTO TESTE,30,2011-05-19,29.15,10193,United Kingdom,874.5
542451,34902,PRODUTO TESTE,27,2011-03-25,42.5,10001,United Kingdom,1147.5
544497,96169,PRODUTO TESTE,42,2011-04-22,48.15,10156,United Kingdom,2022.3
544453,24733,PRODUTO TESTE,11,2011-02-09,30.7,10099,United Kingdom,337.7
536419,61039,PRODUTO TESTE,38,2011-10-23,11.97,10193,United Kingdom,454.86
539077,92878,PRODUTO TESTE,26,2011-08-27,5.09,10115,United Kingdom,132.34
542840,75932,PRODUTO TESTE,46,2011-12-06,43.38,10167,United Kingdom,1995.48
539056,12606,PRODUTO TESTE,20,2011-01-03,12.63,10033,United Kingdom,252.60000000000002
542634,26895,PRODUTO TESTE,34,2011-08-19,44.73,10028,United Kingdom,1520.82
542968,21266,PRODUTO TESTE,22,2011-07-24,43.98,10185,United Kingdom,967.56
544972,92274,PRODUTO TESTE,16,2011-08-16,31.58,10105,United Kingdom,505.28
538968,28171,PRODUTO TESTE,15,2011-12-28,30.4,10111,Germany,456.0
539130,15028,PRODUTO TESTE,45,2011-05-23,47.57,10033,United Kingdom,2140.65
536218,44439,PRODUTO TESTE,41,2011-02-21,37.92,10045,United Kingdom,1554.72
538569,35453,PRODUTO TESTE,7,2011-01-05,34.32,10163,Eire,240.24
538524,24744,PRODUTO TESTE,42,2011-06-29,22.07,10060,United Kingdom,926.94
540077,50834,PRODUTO TESTE,27,2011-03-05,24.46,10116,United Kingdom,660.4200000000001
543709,30355,PRODUTO TESTE,37,2011-02-23,47.34,10052,United Kingdom,1751.5800000000002
542964,98335,PRODUTO TESTE,3,2011-04-12,32.09,10033,United Kingdom,96.27000000000001
542557,69737,PRODUTO TESTE,42,2011-02-12,39.13,10185,United Kingdom,1643.46
536046,44398,PRODUTO TESTE,19,2011-06-27,2.34,10188,United Kingdom,44.459999999999994
540244,71090,PRODUTO TESTE,45,2011-08-27,42.7,10023,United Kingdom,1921.5000000000002
542566,41357,PRODUTO TESTE,21,2011-04-16,21.17,10070,United Kingdom,444.57000000000005
539823,31107,PRODUTO TESTE,37,2011-07-28,2.48,10076,United Kingdom,91.76
542543,10773,PRODUTO TESTE,34,2011-02-01,44.75,10144,United Kingdom,1521.5
543150,68370,PRODUTO TESTE,11,2011-09-27,33.16,10052,Germany,364.76
543690,16688,PRODUTO TESTE,6,2011-05-20,23.15,10011,United Kingdom,138.89999999999998
539868,27873,PRODUTO TESTE,42,2011-05-30,15.53,10067,United Kingdom,652.26
539599,10038,PRODUTO TESTE,37,2011-04-01,15.9,10119,United Kingdom,588.3000000000001
539444,15856,PRODUTO TESTE,11,2011-04-14,15.52,10036,United Kingdom,170.72
542017,91484,PRODUTO TESTE,33,2011-02-23,6.99,10163,United Kingdom,230.67000000000002
539775,12139,PRODUTO TESTE,8,2011-07-23,23.46,10002,United Kingdom,187.68
539601,65949,PRODUTO TESTE,4,2011-02-23,22.95,10013,United Kingdom,91.8
537514,39496,PRODUTO TESTE,31,2011-09-06,20.89,10101,United Kingdom,647.59
540306,22459,PRODUTO TESTE,40,2011-04-04,35.3,10102,United Kingdom,1412.0
538135,36972,PRODUTO TESTE,45,2011-07-26,21.28,10058,United Kingdom,957.6
540724,18326,PRODUTO TESTE,20,2011-07-15,4.91,10051,Germany,98.2
543997,38163,PRODUTO TESTE,2,2011-08-20,42.68,10013,United Kingdom,85.36
542981,83582,PRODUTO TESTE,24,2011-10-04,21.54,10132,United Kingdom,516.96
540302,65835,PRODUTO TESTE,32,2011-07-24,32.94,10075,United Kingdom,1054.08
544797,82992,PRODUTO TESTE,48,2011-11-08,46.53,10023,United Kingdom,2233.44
544822,72690,PRODUTO TESTE,1,2011-04-05,38.49,10079,United Kingdom,38.49
539999,93463,PRODUTO TESTE,31,2011-10-02,27.17,10187,United Kingdom,842.2700000000001
542871,19722,PRODUTO TESTE,23,2011-05-06,27.48,10052,United Kingdom,632.04
539080,24334,PRODUTO TESTE,27,2011-08-18,42.55,10178,United Kingdom,1148.85
538324,80559,PRODUTO TESTE,28,2011-04-09,31.51,10052,United Kingdom,882.2800000000001
537205,20932,PRODUTO TESTE,5,2011-07-09,43.35,10064,United Kingdom,216.75
543583,19950,PRODUTO TESTE,28,2011-03-02,40.26,10024,United Kingdom,1127.28
543319,59438,PRODUTO TESTE,39,2011-01-14,22.07,10066,United Kingdom,860.73
536778,47123,PRODUTO TESTE,13,2011-05-31,26.15,10143,Eire,339.95
540507,29987,PRODUTO TESTE,19,2011-01-04,13.26,10098,Germany,251.94
539851,72623,PRODUTO TESTE,13,2011-04-30,34.14,10088,United Kingdom,443.82
539949,82202,PRODUTO TESTE,18,2011-06-26,24.07,10094,United Kingdom,433.26
537506,12728,PRODUTO TESTE,24,2011-05-02,15.23,10031,United Kingdom,365.52
536664,14855,PRODUTO TESTE,30,2011-05-21,17.17,10142,United Kingdom,515.1
539117,80013,PRODUTO TESTE,32,2011-02-24,42.91,10020,Eire,1373.12
540232,89542,PRODUTO TESTE,49,2011-09-18,43.38,10144,United Kingdom,2125.6200000000003
543142,30653,PRODUTO TESTE,4,2011-10-18,40.71,10199,United Kingdom,162.84
540162,73530,PRODUTO TESTE,42,2011-06-15,45.74,10152,United Kingdom,1921.0800000000002
538213,85851,PRODUTO TESTE,28,2011-01-21,47.64,10091,United Kingdom,1333.92
538362,20186,PRODUTO TESTE,12,2011-01-23,24.85,10062,United Kingdom,298.20000000000005
541507,26727,PRODUTO TESTE,45,2011-09-04,5.29,10174,United Kingdom,238.05
539920,21736,PRODUTO TESTE,33,2011-12-06,40.1,10051,United Kingdom,1323.3
544110,81107,PRODUTO TESTE,5,2011-11-12,31.85,10096,United Kingdom,159.25
539957,79420,PRODUTO TESTE,4,2011-05-29,19.34,10154,United Kingdom,77.36
541102,22069,PRODUTO TESTE,31,2011-07-01,48.79,10184,United Kingdom,1512.49
536575,25696,PRODUTO TESTE,35,2011-03-01,17.26,10184,United Kingdom,604.1
543651,90762,PRODUTO TESTE,29,2011-10-07,29.83,10179,United Kingdom,865.0699999999999
539102,80132,PRODUTO TESTE,24,2011-06-06,2.31,10022,United Kingdom,55.44
539789,25084,PRODUTO TESTE,48,2011-07-01,43.09,10116,United Kingdom,2068.32
541313,44760,PRODUTO TESTE,35,2011-05-06,38.23,10185,United Kingdom,1338.05
536520,15984,PRODUTO TESTE,45,2011-04-25,32.3,10130,United Kingdom,1453.4999999999998
539115,60699,PRODUTO TESTE,37,2011-10-25,11.33,10068,United Kingdom,419.21
537337,41007,PRODUTO TESTE,13,2011-09-10,11.12,10062,United Kingdom,144.56
539765,64606,PRODUTO TESTE,25,2011-05-23,1.94,10065,United Kingdom,48.5
540021,36692,PRODUTO TESTE,43,2011-09-21,8.13,10071,France,349.59000000000003
537676,60712,PRODUTO TESTE,42,2011-05-04,17.16,10136,United Kingdom,720.72
540887,66975,PRODUTO TESTE,7,2011-07-08,27.27,10090,United Kingdom,190.89
542715,27507,PRODUTO TESTE,8,2011-02-22,6.98,10147,United Kingdom,55.84
538405,14010,PRODUTO TESTE,34,2011-09-16,28.1,10083,United Kingdom,955.4000000000001
544698,40423,PRODUTO TESTE,43,2011-01-23,13.53,10061,United Kingdom,581.79
541512,13729,PRODUTO TESTE,28,2011-09-21,13.07,10038,United Kingdom,365.96000000000004
536631,35899,PRODUTO TESTE,4,2011-01-25,49.62,10179,United Kingdom,198.48
542907,40435,PRODUTO TESTE,36,2011-07-04,40.67,10171,France,1464.1200000000001
539029,34927,PRODUTO TESTE,35,2011-03-23,3.19,10050,United Kingdom,111.64999999999999
542391,14813,PRODUTO TESTE,44,2011-06-23,36.57,10095,United Kingdom,1609.08
543238,25936,PRODUTO TESTE,24,2011-01-05,9.33,10141,United Kingdom,223.92000000000002
538253,89426,PRODUTO TESTE,18,2011-09-21,28.68,10122,United Kingdom,516.24
538333,74512,PRODUTO TESTE,1,2011-07-06,44.74,10013,United Kingdom,44.74
536535,49987,PRODUTO TESTE,38,2011-05-13,19.32,10118,United Kingdom,734.16
541446,12138,PRODUTO TESTE,47,2011-11-16,46.48,10007,United Kingdom,2184.56
539690,93180,PRODUTO TESTE,22,2011-08-11,15.4,10130,Eire,338.8
537448,82863,PRODUTO TESTE,14,2011-02-23,5.2,10020,Germany,72.8
538848,78173,PRODUTO TESTE,35,2011-07-02,40.86,10067,United Kingdom,1430.1
539625,32366,PRODUTO TESTE,36,2011-09-13,23.17,10117,United Kingdom,834.1200000000001
544245,46265,PRODUTO TESTE,6,2011-12-04,4.1,10131,United Kingdom,24.599999999999998
537116,12570,PRODUTO TESTE,47,2011-08-09,5.6,10089,Eire,263.2
539089,87303,PRODUTO TESTE,2,2011-03-04,48.36,10018,United Kingdom,96.72
541742,20176,PRODUTO TESTE,37,2011-09-05,12.53,10159,United Kingdom,463.60999999999996
538130,65633,PRODUTO TESTE,35,2011-01-28,48.35,10189,United Kingdom,1692.25
543962,35383,PRODUTO TESTE,3,2011-04-25,34.22,10177,United Kingdom,102.66
544183,61320,PRODUTO TESTE,32,2011-12-01,15.37,10149,United Kingdom,491.84
539420,84450,PRODUTO TESTE,9,2011-10-20,19.49,10080,United Kingdom,175.41
542713,38171,PRODUTO TESTE,10,2011-11-26,38.96,10175,United Kingdom,389.6
542136,69678,PRODUTO TESTE,36,2011-09-07,4.2,10027,United Kingdom,151.20000000000002
537678,57890,PRODUTO TESTE,39,2011-09-13,11.88,10170,United Kingdom,463.32000000000005
536445,22572,PRODUTO TESTE,22,2011-03-31,43.09,10064,Eire,947.98
539125,14359,PRODUTO TESTE,37,2011-12-11,34.96,10187,United Kingdom,1293.52
537180,57240,PRODUTO TESTE,14,2011-12-20,25.3,10073,United Kingdom,354.2
538630,65199,PRODUTO TESTE,26,2011-02-10,12.65,10173,United Kingdom,328.90000000000003
541745,20449,PRODUTO TESTE,38,2011-10-07,23.99,10107,United Kingdom,911.6199999999999
541299,63924,PRODUTO TESTE,18,2011-06-13,39.55,10093,Eire,711.9
537884,50062,PRODUTO TESTE,28,2011-09-03,4.54,10059,United Kingdom,127.12
536159,22349,PRODUTO TESTE,2,2011-07-22,49.74,10167,Eire,99.48
538030,65463,PRODUTO TESTE,22,2011-03-23,43.06,10012,United Kingdom,947.32
540093,68104,PRODUTO TESTE,41,2011-02-05,16.24,10093,United Kingdom,665.8399999999999
543012,23995,PRODUTO TESTE,37,2011-07-07,43.59,10073,United Kingdom,1612.8300000000002
539286,70617,PRODUTO TESTE,11,2011-11-02,34.24,10108,United Kingdom,376.64000000000004
538573,29990,PRODUTO TESTE,24,2011-10-28,33.48,10050,United Kingdom,803.52
540962,63747,PRODUTO TESTE,29,2011-04-11,7.42,10132,France,215.18
536644,83192,PRODUTO TESTE,46,2011-11-10,45.34,10077,Germany,2085.6400000000003
538029,94345,PRODUTO TESTE,40,2011-05-10,22.79,10037,United Kingdom,911.5999999999999
536327,33013,PRODUTO TESTE,39,2011-07-24,40.26,10039,France,1570.1399999999999
540730,40488,PRODUTO TESTE,36,2011-04-29,15.33,10139,Germany,551.88
539988,18599,PRODUTO TESTE,14,2011-07-10,15.75,10052,United Kingdom,220.5
541242,97226,PRODUTO TESTE,15,2011-07-13,48.25,10061,United Kingdom,723.75
541554,39761,PRODUTO TESTE,20,2011-09-12,25.08,10125,United Kingdom,501.59999999999997
539556,82195,PRODUTO TESTE,18,2011-06-22,3.46,10065,United Kingdom,62.28
543819,94161,PRODUTO TESTE,47,2011-07-12,41.87,10077,United Kingdom,1967.8899999999999
544264,52811,PRODUTO TESTE,43,2011-08-26,11.75,10048,Eire,505.25
536997,72439,PRODUTO TESTE,44,2011-06-02,44.0,10069,United Kingdom,1936.0
544281,52500,PRODUTO TESTE,28,2011-07-11,45.86,10138,United Kingdom,1284.08
537770,61788,PRODUTO TESTE,5,2011-02-01,4.1,10106,United Kingdom,20.5
538235,32462,PRODUTO TESTE,2,2011-11-14,29.33,10199,United Kingdom,58.66
540768,85636,PRODUTO TESTE,10,2011-02-16,49.09,10154,United Kingdom,490.90000000000003
536264,21072,PRODUTO TESTE,30,2011-11-15,46.58,10003,United Kingdom,1397.3999999999999
539276,69416,PRODUTO TESTE,15,2011-10-05,26.5,10075,United Kingdom,397.5
537751,92798,PRODUTO TESTE,31,2011-12-12,34.18,10057,United Kingdom,1059.58
540342,83002,PRODUTO TESTE,43,2011-01-10,30.41,10117,United Kingdom,1307.63
543332,78283,PRODUTO TESTE,13,2011-03-21,10.56,10053,United Kingdom,137.28
544317,69143,PRODUTO TESTE,46,2011-01-20,32.82,10193,United Kingdom,1509.72
537909,95114,PRODUTO TESTE,23,2011-06-02,16.99,10059,United Kingdom,390.77
540904,87782,PRODUTO TESTE,39,2011-11-27,17.23,10104,United Kingdom,671.97
539736,66160,PRODUTO TESTE,10,2011-09-14,42.68,10181,United Kingdom,426.8
541694,48580,PRODUTO TESTE,46,2011-11-06,12.3,10182,United Kingdom,565.8000000000001
544904,33838,PRODUTO TESTE,43,2011-01-02,12.91,10158,France,555.13
539647,83633,PRODUTO TESTE,26,2011-10-15,0.86,10070,Germany,22.36
544389,19478,PRODUTO TESTE,18,2011-10-06,21.98,10085,United Kingdom,395.64
538901,28180,PRODUTO TESTE,44,2011-09-08,10.16,10198,France,447.04
540514,56119,PRODUTO TESTE,15,2011-06-02,48.3,10139,United Kingdom,724.5
543763,94807,PRODUTO TESTE,43,2011-08-12,1.84,10107,United Kingdom,79.12
540533,97458,PRODUTO TESTE,24,2011-06-21,24.47,10197,United Kingdom,587.28
540330,91017,PRODUTO TESTE,2,2011-08-18,40.33,10160,United Kingdom,80.66
544297,78350,PRODUTO TESTE,25,2011-06-17,38.75,10091,United Kingdom,968.75
543459,51388,PRODUTO TESTE,15,2011-05-24,9.87,10003,United Kingdom,148.04999999999998
540565,79789,PRODUTO TESTE,7,2011-03-15,35.54,10018,United Kingdom,248.78
537453,34134,PRODUTO TESTE,32,2011-05-22,31.3,10088,United Kingdom,1001.6
539945,69740,PRODUTO TESTE,6,2011-09-21,33.93,10112,United Kingdom,203.57999999999998
542088,10745,PRODUTO TESTE,44,2011-11-14,13.67,10006,United Kingdom,601.48
538452,91313,PRODUTO TESTE,39,2011-02-07,40.63,10025,United Kingdom,1584.5700000000002
540835,97442,PRODUTO TESTE,38,2011-03-08,28.18,10140,Eire,1070.84
536765,25726,PRODUTO TESTE,47,2011-09-14,47.01,10005,France,2209.47
541126,33252,PRODUTO TESTE,22,2011-03-04,42.85,10101,United Kingdom,942.7
542638,76576,PRODUTO TESTE,35,2011-04-29,39.23,10016,Germany,1373.05
537929,54952,PRODUTO TESTE,5,2011-01-17,14.84,10144,United Kingdom,74.2
540935,59283,PRODUTO TESTE,37,2011-01-20,3.18,10166,United Kingdom,117.66000000000001
542384,46390,PRODUTO TESTE,12,2011-02-22,28.94,10173,United Kingdom,347.28000000000003
536398,85216,PRODUTO TESTE,33,2011-09-24,2.21,10119,Eire,72.92999999999999
541796,24885,PRODUTO TESTE,10,2011-11-14,35.85,10125,France,358.5
538337,49758,PRODUTO TESTE,46,2011-07-02,36.97,10185,United Kingdom,1700.62
539576,30013,PRODUTO TESTE,33,2011-03-06,28.36,10122,United Kingdom,935.88
541832,72266,PRODUTO TESTE,19,2011-12-03,8.82,10089,United Kingdom,167.58
536039,35663,PRODUTO TESTE,20,2011-04-12,43.85,10150,United Kingdom,877.0
540019,25627,PRODUTO TESTE,11,2011-02-20,25.99,10168,United Kingdom,285.89
544547,87721,PRODUTO TESTE,38,2011-05-09,28.6,10104,United Kingdom,1086.8
536054,29557,PRODUTO TESTE,40,2011-09-26,4.6,10173,United Kingdom,184.0
543099,88178,PRODUTO TESTE,49,2011-05-25,37.15,10008,France,1820.35
540400,96765,PRODUTO TESTE,8,2011-05-05,29.13,10019,United Kingdom,233.04
539875,40891,PRODUTO TESTE,37,2011-12-11,8.88,10111,United Kingdom,328.56
540212,68939,PRODUTO TESTE,14,2011-09-07,10.78,10141,United Kingdom,150.92
536737,84475,PRODUTO TESTE,8,2011-08-31,12.05,10043,United Kingdom,96.4
542781,17048,PRODUTO TESTE,10,2011-06-09,1.21,10031,United Kingdom,12.1
538480,15795,PRODUTO TESTE,45,2011-07-13,44.65,10172,United Kingdom,2009.25
542939,28623,PRODUTO TESTE,42,2011-11-20,40.31,10150,United Kingdom,1693.02
540961,18090,PRODUTO TESTE,41,2011-10-25,3.32,10097,United Kingdom,136.12
538777,78830,PRODUTO TESTE,25,2011-01-15,39.25,10084,United Kingdom,981.25
541870,85499,PRODUTO TESTE,41,2011-11-10,0.84,10004,United Kingdom,34.44
544978,91603,PRODUTO TESTE,29,2011-12-13,23.72,10037,United Kingdom,687.88
544308,57585,PRODUTO TESTE,32,2011-09-01,5.81,10179,United Kingdom,185.92
544246,57331,PRODUTO TESTE,26,2011-12-16,29.79,10067,United Kingdom,774.54
537977,76812,PRODUTO TESTE,35,2011-07-27,49.92,10140,United Kingdom,1747.2
541267,67107,PRODUTO TESTE,39,2011-04-11,9.02,10140,United Kingdom,351.78
539580,80794,PRODUTO TESTE,22,2011-08-10,47.86,10061,United Kingdom,1052.92
544702,42473,PRODUTO TESTE,1,2011-08-18,43.34,10040,United Kingdom,43.34
543812,48882,PRODUTO TESTE,17,2011-03-15,38.43,10018,United Kingdom,653.31
537464,32333,PRODUTO TESTE,21,2011-04-17,42.92,10098,United Kingdom,901.32
538870,77566,PRODUTO TESTE,42,2011-07-19,29.93,10177,United Kingdom,1257.06
542746,14497,PRODUTO TESTE,43,2011-10-09,6.02,10152,United Kingdom,258.85999999999996
537231,13289,PRODUTO TESTE,22,2011-12-10,31.62,10039,United Kingdom,695.64
537232,61836,PRODUTO TESTE,18,2011-09-04,3.46,10055,United Kingdom,62.28
542160,88742,PRODUTO TESTE,25,2011-05-04,14.93,10058,United Kingdom,373.25
540419,19900,PRODUTO TESTE,37,2011-09-11,20.56,10194,United Kingdom,760.7199999999999
543338,86615,PRODUTO TESTE,2,2011-02-02,10.32,10032,United Kingdom,20.64
536151,74891,PRODUTO TESTE,37,2011-09-19,14.1,10141,United Kingdom,521.6999999999999
542790,59066,PRODUTO TESTE,26,2011-07-21,15.15,10117,United Kingdom,393.90000000000003
538468,27958,PRODUTO TESTE,43,2011-03-22,30.19,10122,Germany,1298.17
544380,70492,PRODUTO TESTE,48,2011-11-24,7.18,10042,United Kingdom,344.64
544598,42958,PRODUTO TESTE,41,2011-08-18,12.43,10061,United Kingdom,509.63
540519,32058,PRODUTO TESTE,19,2011-03-01,16.2,10121,United Kingdom,307.8
538842,36419,PRODUTO TESTE,17,2011-08-28,22.73,10059,United Kingdom,386.41
538098,15532,PRODUTO TESTE,31,2011-05-31,2.39,10138,United Kingdom,74.09
537633,54129,PRODUTO TESTE,30,2011-10-06,49.96,10007,United Kingdom,1498.8
544992,77776,PRODUTO TESTE,38,2011-06-29,15.37,10014,France,584.06
537687,84398,PRODUTO TESTE,21,2011-12-31,14.72,10145,United Kingdom,309.12
540019,75165,PRODUTO TESTE,20,2011-12-05,27.97,10123,United Kingdom,559.4
540312,88797,PRODUTO TESTE,1,2011-01-15,42.77,10008,United Kingdom,42.77
542112,96722,PRODUTO TESTE,4,2011-05-31,23.11,10179,United Kingdom,92.44
543583,29983,PRODUTO TESTE,40,2011-03-15,12.82,10000,United Kingdom,512.8
541021,49013,PRODUTO TESTE,49,2011-06-14,28.51,10191,United Kingdom,1396.99
542822,40388,PRODUTO TESTE,28,2011-02-22,24.41,10145,United Kingdom,683.48
541100,71626,PRODUTO TESTE,13,2011-07-15,21.44,10197,United Kingdom,278.72
537878,18067,PRODUTO TESTE,32,2011-06-15,28.32,10151,United Kingdom,906.24
539891,56336,PRODUTO TESTE,30,2011-12-29,3.87,10042,United Kingdom,116.10000000000001
536414,20520,PRODUTO TESTE,10,2011-11-17,28.56,10094,France,285.59999999999997
538847,39687,PRODUTO TESTE,5,2011-08-08,47.65,10048,United Kingdom,238.25
540253,65791,PRODUTO TESTE,32,2011-09-19,11.17,10174,Eire,357.44
543332,81112,PRODUTO TESTE,28,2011-09-01,9.91,10087,United Kingdom,277.48
544708,99508,PRODUTO TESTE,13,2011-02-20,8.04,10018,France,104.51999999999998
542567,40237,PRODUTO TESTE,35,2011-05-18,41.08,10064,United Kingdom,1437.8
536715,60351,PRODUTO TESTE,41,2011-12-29,24.76,10157,United Kingdom,1015.1600000000001
539677,16248,PRODUTO TESTE,23,2011-04-27,17.23,10104,United Kingdom,396.29
542569,20039,PRODUTO TESTE,9,2011-01-05,16.58,10112,United Kingdom,149.21999999999997
540120,94453,PRODUTO TESTE,38,2011-12-07,44.19,10058,United Kingdom,1679.2199999999998
539926,94501,PRODUTO TESTE,26,2011-08-28,20.78,10119,United Kingdom,540.28
539653,33536,PRODUTO TESTE,14,2011-08-20,12.58,10126,United Kingdom,176.12
537609,30612,PRODUTO TESTE,39,2011-05-12,31.96,10123,United Kingdom,1246.44
540657,71368,PRODUTO TESTE,45,2011-11-30,35.91,10199,United Kingdom,1615.9499999999998
537852,53616,PRODUTO TESTE,21,2011-11-10,41.19,10165,France,864.99
542128,94031,PRODUTO TESTE,9,2011-07-01,5.51,10015,United Kingdom,49.589999999999996
543782,43632,PRODUTO TESTE,29,2011-04-25,0.6,10078,United Kingdom,17.4
540569,67947,PRODUTO TESTE,42,2011-03-10,3.0,10076,United Kingdom,126.0
539488,69330,PRODUTO TESTE,27,2011-01-04,35.49,10000,United Kingdom,958.23
541937,14684,PRODUTO TESTE,5,2011-07-22,16.89,10152,France,84.45
536259,50701,PRODUTO TESTE,17,2011-10-21,36.59,10029,United Kingdom,622.0300000000001
536143,30520,PRODUTO TESTE,19,2011-05-14,48.91,10057,Eire,929.29
537993,82424,PRODUTO TESTE,24,2011-03-02,23.8,10054,United Kingdom,571.2
538127,84927,PRODUTO TESTE,36,2011-11-04,8.72,10034,United Kingdom,313.92
542492,17342,PRODUTO TESTE,1,2011-10-06,38.38,10020,United Kingdom,38.38
540505,71593,PRODUTO TESTE,46,2011-07-14,41.03,10152,United Kingdom,1887.38
544999,87539,PRODUTO TESTE,9,2011-01-15,35.51,10164,United Kingdom,319.59
540865,36060,PRODUTO TESTE,23,2011-06-20,43.23,10099,United Kingdom,994.29
544128,66892,PRODUTO TESTE,6,2011-08-15,18.87,10123,United Kingdom,113.22
540971,66094,PRODUTO TESTE,14,2011-11-10,34.67,10183,United Kingdom,485.38
539223,11671,PRODUTO TESTE,40,2011-07-05,13.56,10168,United Kingdom,542.4
540044,77515,PRODUTO TESTE,21,2011-05-19,12.5,10190,Germany,262.5
538471,34330,PRODUTO TESTE,27,2011-06-01,8.15,10013,United Kingdom,220.05
540259,38262,PRODUTO TESTE,26,2011-01-06,2.28,10005,Germany,59.279999999999994
541984,79132,PRODUTO TESTE,15,2011-02-07,33.74,10080,United Kingdom,506.1
539380,82150,PRODUTO TESTE,15,2011-10-04,43.83,10149,United Kingdom,657.4499999999999
542336,16510,PRODUTO TESTE,45,2011-05-13,16.06,10016,United Kingdom,722.6999999999999
544826,42303,PRODUTO TESTE,8,2011-11-07,21.75,10058,United Kingdom,174.0
539701,66244,PRODUTO TESTE,21,2011-05-25,0.68,10052,United Kingdom,14.280000000000001
538657,21445,PRODUTO TESTE,15,2011-12-30,20.94,10079,United Kingdom,314.1
539619,99903,PRODUTO TESTE,37,2011-03-07,14.43,10197,United Kingdom,533.91
543544,28816,PRODUTO TESTE,39,2011-03-10,28.92,10066,United Kingdom,1127.88
537610,87972,PRODUTO TESTE,41,2011-08-03,45.47,10041,United Kingdom,1864.27
543574,13605,PRODUTO TESTE,15,2011-07-03,35.42,10026,United Kingdom,531.3000000000001
543081,71231,PRODUTO TESTE,19,2011-03-23,8.05,10114,United Kingdom,152.95000000000002
544180,51506,PRODUTO TESTE,44,2011-07-24,6.1,10099,United Kingdom,268.4
537663,19778,PRODUTO TESTE,44,2011-08-27,22.32,10166,United Kingdom,982.08
541342,70948,PRODUTO TESTE,18,2011-04-09,44.42,10116,United Kingdom,799.5600000000001
536891,66015,PRODUTO TESTE,37,2011-04-16,24.31,10031,United Kingdom,899.4699999999999
538694,38906,PRODUTO TESTE,26,2011-08-22,23.08,10075,United Kingdom,600.0799999999999
536365,52493,PRODUTO TESTE,31,2011-05-09,10.86,10062,United Kingdom,336.65999999999997
542140,59748,PRODUTO TESTE,43,2011-09-10,15.86,10165,United Kingdom,681.98
542661,58570,PRODUTO TESTE,7,2011-04-20,15.5,10027,Eire,108.5
537586,15311,PRODUTO TESTE,18,2011-02-07,36.7,10147,France,660.6
538989,58935,PRODUTO TESTE,44,2011-02-01,2.59,10085,Germany,113.96
542087,41373,PRODUTO TESTE,27,2011-04-06,6.85,10019,United Kingdom,184.95
543438,47078,PRODUTO TESTE,16,2011-06-28,15.92,10137,Eire,254.72
536663,41751,PRODUTO TESTE,27,2011-02-03,11.35,10173,United Kingdom,306.45
539622,31259,PRODUTO TESTE,9,2011-11-17,36.47,10166,United Kingdom,328.23
536096,39731,PRODUTO TESTE,13,2011-07-08,8.79,10073,United Kingdom,114.26999999999998
543366,74110,PRODUTO TESTE,49,2011-09-19,30.84,10111,United Kingdom,1511.16
537106,30225,PRODUTO TESTE,23,2011-09-23,29.55,10113,United Kingdom,679.65
543399,78305,PRODUTO TESTE,2,2011-02-07,31.29,10130,United Kingdom,62.58
536138,64946,PRODUTO TESTE,16,2011-11-11,8.52,10064,United Kingdom,136.32
539949,28656,PRODUTO TESTE,18,2011-11-11,28.69,10139,France,516.4200000000001
539824,91140,PRODUTO TESTE,17,2011-12-12,11.0,10013,United Kingdom,187.0
541820,84789,PRODUTO TESTE,43,2011-07-19,20.96,10103,United Kingdom,901.2800000000001
538474,16271,PRODUTO TESTE,13,2011-02-07,3.82,10145,United Kingdom,49.66
542217,91309,PRODUTO TESTE,10,2011-08-14,24.03,10189,Germany,240.3
539861,85366,PRODUTO TESTE,28,2011-11-18,21.48,10057,Germany,601.44
538453,22335,PRODUTO TESTE,30,2011-07-31,7.07,10001,United Kingdom,212.10000000000002
538713,86788,PRODUTO TESTE,4,2011-06-03,46.46,10013,United Kingdom,185.84
541323,86833,PRODUTO TESTE,37,2011-12-12,35.31,10198,United Kingdom,1306.47
537241,74823,PRODUTO TESTE,6,2011-02-25,25.37,10172,United Kingdom,152.22
537066,32516,PRODUTO TESTE,49,2011-06-13,38.62,10141,United Kingdom,1892.3799999999999
541903,92886,PRODUTO TESTE,19,2011-02-26,14.36,10167,United Kingdom,272.84
539854,86265,PRODUTO TESTE,46,2011-08-27,33.6,10015,United Kingdom,1545.6000000000001
537229,88320,PRODUTO TESTE,8,2011-12-03,0.75,10017,United Kingdom,6.0
542730,42394,PRODUTO TESTE,18,2011-12-31,4.09,10060,United Kingdom,73.62
542978,73097,PRODUTO TESTE,2,2011-03-27,31.4,10004,United Kingdom,62.8
536312,70783,PRODUTO TESTE,41,2011-09-23,10.03,10177,United Kingdom,411.22999999999996
537815,23650,PRODUTO TESTE,27,2011-11-16,34.59,10011,United Kingdom,933.9300000000001
542582,59413,PRODUTO TESTE,35,2011-07-03,3.65,10170,United Kingdom,127.75
536666,62617,PRODUTO TESTE,43,2011-03-05,19.93,10146,United Kingdom,856.99
543250,40584,PRODUTO TESTE,32,2011-06-18,30.84,10046,United Kingdom,986.88
538874,70230,PRODUTO TESTE,39,2011-10-11,35.82,10094,United Kingdom,1396.98
537127,89718,PRODUTO TESTE,10,2011-08-15,40.9,10109,France,409.0
543770,64416,PRODUTO TESTE,18,2011-05-22,16.86,10153,United Kingdom,303.48
536780,88499,PRODUTO TESTE,41,2011-03-20,41.92,10085,United Kingdom,1718.72
537166,79445,PRODUTO TESTE,28,2011-08-26,18.04,10057,United Kingdom,505.12
544546,38263,PRODUTO TESTE,28,2011-06-06,0.85,10159,United Kingdom,23.8
540676,76234,PRODUTO TESTE,37,2011-06-22,30.7,10177,Germany,1135.8999999999999
540167,70452,PRODUTO TESTE,28,2011-12-09,12.46,10097,United Kingdom,348.88
542186,94936,PRODUTO TESTE,1,2011-01-04,6.66,10005,United Kingdom,6.66
541672,40445,PRODUTO TESTE,6,2011-03-28,13.29,10100,United Kingdom,79.74
541522,24737,PRODUTO TESTE,37,2011-12-02,41.48,10177,United Kingdom,1534.76
536209,71036,PRODUTO TESTE,8,2011-12-03,45.74,10197,United Kingdom,365.92
540965,66901,PRODUTO TESTE,31,2011-04-21,48.1,10080,United Kingdom,1491.1000000000001
538508,65247,PRODUTO TESTE,21,2011-12-29,15.49,10030,United Kingdom,325.29
543269,76585,PRODUTO TESTE,29,2011-03-19,23.07,10114,United Kingdom,669.03
540548,55984,PRODUTO TESTE,8,2011-01-19,40.23,10166,Eire,321.84
537113,12715,PRODUTO TESTE,12,2011-04-23,16.24,10189,United Kingdom,194.88
543975,89055,PRODUTO TESTE,32,2011-07-13,19.56,10010,United Kingdom,625.92
538558,34962,PRODUTO TESTE,4,2011-01-03,12.25,10058,United Kingdom,49.0
538442,32144,PRODUTO TESTE,11,2011-03-04,28.83,10095,United Kingdom,317.13
544426,83265,PRODUTO TESTE,49,2011-10-16,33.13,10019,United Kingdom,1623.3700000000001
542976,81771,PRODUTO TESTE,3,2011-08-15,16.26,10177,United Kingdom,48.78
543735,55487,PRODUTO TESTE,26,2011-08-09,1.7,10022,United Kingdom,44.199999999999996
541959,72055,PRODUTO TESTE,3,2011-12-28,36.93,10133,France,110.78999999999999
544194,17265,PRODUTO TESTE,33,2011-03-25,31.02,10183,United Kingdom,1023.66
537037,35313,PRODUTO TESTE,1,2011-11-24,11.34,10137,United Kingdom,11.34
541399,31860,PRODUTO TESTE,26,2011-05-10,16.08,10152,Eire,418.0799999999999
538640,47951,PRODUTO TESTE,19,2011-12-04,47.88,10052,United Kingdom,909.72
539585,42147,PRODUTO TESTE,33,2011-10-13,31.7,10165,United Kingdom,1046.1
537845,71973,PRODUTO TESTE,23,2011-03-18,32.16,10012,United Kingdom,739.68
539982,63781,PRODUTO TESTE,24,2011-07-17,47.75,10073,United Kingdom,1146.0
544264,44138,PRODUTO TESTE,8,2011-07-03,17.32,10069,United Kingdom,138.56
541718,89909,PRODUTO TESTE,11,2011-03-27,14.41,10104,United Kingdom,158.51
539144,42470,PRODUTO TESTE,33,2011-04-06,19.15,10052,United Kingdom,631.9499999999999
539900,20603,PRODUTO TESTE,25,2011-11-25,40.15,10092,United Kingdom,1003.75
540768,86324,PRODUTO TESTE,26,2011-10-03,6.49,10085,United Kingdom,168.74
538200,21879,PRODUTO TESTE,46,2011-03-11,10.74,10065,United Kingdom,494.04
540690,16419,PRODUTO TESTE,17,2011-09-22,11.8,10139,United Kingdom,200.60000000000002
542262,52710,PRODUTO TESTE,42,2011-02-26,32.0,10061,United Kingdom,1344.0
538188,62117,PRODUTO TESTE,48,2011-06-12,32.26,10153,United Kingdom,1548.48
541260,35310,PRODUTO TESTE,26,2011-01-05,18.91,10050,Germany,491.66
542375,85522,PRODUTO TESTE,6,2011-08-25,14.17,10172,United Kingdom,85.02
540673,34923,PRODUTO TESTE,17,2011-03-08,37.86,10073,United Kingdom,643.62
540989,67479,PRODUTO TESTE,33,2011-03-11,37.07,10029,Germany,1223.31
543139,26609,PRODUTO TESTE,10,2011-03-08,10.91,10161,United Kingdom,109.1
537997,46922,PRODUTO TESTE,45,2011-01-29,45.19,10174,United Kingdom,2033.55
541172,16831,PRODUTO TESTE,30,2011-07-22,20.98,10042,United Kingdom,629.4
542123,86017,PRODUTO TESTE,21,2011-11-13,32.29,10120,United Kingdom,678.09
538893,68312,PRODUTO TESTE,5,2011-04-21,6.49,10114,United Kingdom,32.45
543999,71113,PRODUTO TESTE,31,2011-07-18,35.18,10090,United Kingdom,1090.58
539271,65374,PRODUTO TESTE,37,2011-04-03,27.74,10138,United Kingdom,1026.3799999999999
541384,63985,PRODUTO TESTE,9,2011-01-23,38.64,10193,Germany,347.76
544333,41636,PRODUTO TESTE,12,2011-01-09,28.68,10019,United Kingdom,344.15999999999997
541371,33041,PRODUTO TESTE,37,2011-06-04,42.98,10047,United Kingdom,1590.26
542843,80788,PRODUTO TESTE,26,2011-01-13,21.52,10087,United Kingdom,559.52
539199,52196,PRODUTO TESTE,1,2011-12-28,18.92,10114,United Kingdom,18.92
542310,57789,PRODUTO TESTE,36,2011-04-25,39.08,10022,United Kingdom,1406.8799999999999
543738,95751,PRODUTO TESTE,37,2011-07-26,1.07,10009,United Kingdom,39.59
537148,31659,PRODUTO TESTE,17,2011-07-03,9.02,10059,United Kingdom,153.34
543609,13794,PRODUTO TESTE,32,2011-05-20,4.05,10152,United Kingdom,129.6
536981,57863,PRODUTO TESTE,25,2011-03-10,31.59,10197,United Kingdom,789.75
536973,83908,PRODUTO TESTE,9,2011-04-02,1.01,10053,United Kingdom,9.09
542255,67236,PRODUTO TESTE,40,2011-08-02,8.49,10008,United Kingdom,339.6
543585,94533,PRODUTO TESTE,21,2011-09-26,15.48,10067,United Kingdom,325.08
539544,17714,PRODUTO TESTE,41,2011-10-02,15.06,10149,United Kingdom,617.46
541765,58361,PRODUTO TESTE,25,2011-07-08,5.31,10021,United Kingdom,132.75
544997,84624,PRODUTO TESTE,20,2011-10-02,9.06,10014,United Kingdom,181.20000000000002
538905,55193,PRODUTO TESTE,47,2011-08-05,42.43,10169,United Kingdom,1994.21
538025,34835,PRODUTO TESTE,49,2011-05-11,35.18,10118,United Kingdom,1723.82
544924,79168,PRODUTO TESTE,20,2011-05-09,15.16,10068,United Kingdom,303.2
538524,88741,PRODUTO TESTE,14,2011-07-09,13.54,10151,United Kingdom,189.56
540253,33318,PRODUTO TESTE,30,2011-04-23,4.47,10168,United Kingdom,134.1
539978,59734,PRODUTO TESTE,4,2011-10-06,17.77,10071,United Kingdom,71.08
540709,82425,PRODUTO TESTE,16,2011-03-09,20.2,10112,United Kingdom,323.2
538418,23686,PRODUTO TESTE,41,2011-01-20,45.26,10002,United Kingdom,1855.6599999999999
542111,10989,PRODUTO TESTE,44,2011-06-29,37.28,10061,United Kingdom,1640.3200000000002
542227,76529,PRODUTO TESTE,17,2011-01-27,24.22,10119,Germany,411.74
537805,77695,PRODUTO TESTE,16,2011-03-11,7.18,10039,United Kingdom,114.88
540328,24150,PRODUTO TESTE,43,2011-05-18,32.98,10198,United Kingdom,1418.1399999999999
536516,63727,PRODUTO TESTE,6,2011-01-02,46.83,10194,United Kingdom,280.98
540557,82737,PRODUTO TESTE,1,2011-05-17,9.42,10037,United Kingdom,9.42
541604,29789,PRODUTO TESTE,43,2011-11-24,35.21,10100,United Kingdom,1514.03
542423,75986,PRODUTO TESTE,13,2011-09-20,30.2,10078,United Kingdom,392.59999999999997
543131,34398,PRODUTO TESTE,28,2011-08-05,12.26,10111,United Kingdom,343.28
542408,24653,PRODUTO TESTE,28,2011-08-24,27.31,10122,United Kingdom,764.68
540489,49359,PRODUTO TESTE,40,2011-09-03,30.21,10119,United Kingdom,1208.4
541693,74755,PRODUTO TESTE,48,2011-01-20,31.12,10044,United Kingdom,1493.76
538596,57521,PRODUTO TESTE,17,2011-10-17,34.3,10158,United Kingdom,583.0999999999999
544013,64398,PRODUTO TESTE,7,2011-05-01,3.92,10138,United Kingdom,27.439999999999998
543956,95997,PRODUTO TESTE,44,2011-04-18,8.15,10093,United Kingdom,358.6
543905,67052,PRODUTO TESTE,15,2011-05-25,34.01,10178,United Kingdom,510.15
537280,22144,PRODUTO TESTE,44,2011-09-13,6.64,10077,United Kingdom,292.15999999999997
542391,46037,PRODUTO TESTE,14,2011-12-08,24.23,10161,United Kingdom,339.22
544907,25288,PRODUTO TESTE,36,2011-11-17,19.65,10040,United Kingdom,707.4
541149,78234,PRODUTO TESTE,30,2011-09-23,48.38,10049,United Kingdom,1451.4
539063,99746,PRODUTO TESTE,34,2011-07-16,31.73,10105,United Kingdom,1078.82
543914,79426,PRODUTO TESTE,30,2011-07-12,4.87,10111,United Kingdom,146.1
540613,32133,PRODUTO TESTE,11,2011-12-19,35.19,10149,Eire,387.09
542142,34493,PRODUTO TESTE,18,2011-08-25,19.23,10065,United Kingdom,346.14
540098,37298,PRODUTO TESTE,44,2011-08-13,38.92,10106,United Kingdom,1712.48
537950,52245,PRODUTO TESTE,30,2011-08-04,47.23,10186,Germany,1416.8999999999999
543191,38842,PRODUTO TESTE,32,2011-10-24,46.25,10107,United Kingdom,1480.0
537085,48947,PRODUTO TESTE,9,2011-09-07,8.95,10136,France,80.55
537971,10892,PRODUTO TESTE,21,2011-02-04,3.49,10181,United Kingdom,73.29
540190,83510,PRODUTO TESTE,17,2011-10-13,41.51,10194,United Kingdom,705.67
536355,45594,PRODUTO TESTE,2,2011-09-23,14.77,10099,United Kingdom,29.54
539486,82735,PRODUTO TESTE,28,2011-11-30,29.35,10083,United Kingdom,821.8000000000001
544189,15203,PRODUTO TESTE,14,2011-12-08,48.94,10039,Germany,685.16
544470,87946,PRODUTO TESTE,17,2011-12-13,9.73,10107,United Kingdom,165.41
543847,66374,PRODUTO TESTE,27,2011-01-16,19.06,10183,United Kingdom,514.62
536583,77737,PRODUTO TESTE,46,2011-12-08,32.67,10069,United Kingdom,1502.8200000000002
543334,77360,PRODUTO TESTE,7,2011-12-19,46.91,10021,United Kingdom,328.37
539359,75377,PRODUTO TESTE,32,2011-07-20,31.77,10077,United Kingdom,1016.64
542739,88335,PRODUTO TESTE,37,2011-11-29,15.53,10047,United Kingdom,574.61
537072,95854,PRODUTO TESTE,3,2011-11-18,40.35,10195,United Kingdom,121.05000000000001
542011,24984,PRODUTO TESTE,8,2011-01-01,38.08,10105,United Kingdom,304.64
541277,35408,PRODUTO TESTE,17,2011-11-20,46.71,10027,United Kingdom,794.07
544283,13594,PRODUTO TESTE,39,2011-08-21,24.07,10013,United Kingdom,938.73
536917,15995,PRODUTO TESTE,29,2011-07-29,25.39,10170,Germany,736.3100000000001
539671,19495,PRODUTO TESTE,20,2011-03-07,16.53,10186,Eire,330.6
544909,72278,PRODUTO TESTE,41,2011-12-02,13.8,10152,United Kingdom,565.8000000000001
539507,64557,PRODUTO TESTE,21,2011-04-18,49.83,10024,United Kingdom,1046.43
541922,13130,PRODUTO TESTE,43,2011-06-02,48.87,10019,United Kingdom,2101.41
537448,47947,PRODUTO TESTE,37,2011-04-19,26.72,10039,United Kingdom,988.64
542555,19943,PRODUTO TESTE,4,2011-12-20,47.78,10150,United Kingdom,191.12
538481,27554,PRODUTO TESTE,16,2011-06-26,18.13,10153,United Kingdom,290.08
543917,57546,PRODUTO TESTE,8,2011-01-04,31.93,10019,United Kingdom,255.44
539072,87022,PRODUTO TESTE,31,2011-01-11,42.69,10145,United Kingdom,1323.3899999999999
543643,84126,PRODUTO TESTE,17,2011-11-24,19.9,10021,United Kingdom,338.29999999999995
537945,77654,PRODUTO TESTE,20,2011-08-26,42.53,10013,United Kingdom,850.6
541906,91964,PRODUTO TESTE,37,2011-03-24,9.58,10011,United Kingdom,354.46
540364,89695,PRODUTO TESTE,39,2011-11-21,10.4,10138,United Kingdom,405.6
538887,29459,PRODUTO TESTE,24,2011-04-19,36.01,10169,United Kingdom,864.24
542449,64376,PRODUTO TESTE,20,2011-12-31,37.63,10126,United Kingdom,752.6
539259,37542,PRODUTO TESTE,30,2011-08-07,45.16,10052,United Kingdom,1354.8
538580,85335,PRODUTO TESTE,17,2011-06-13,14.1,10151,United Kingdom,239.7
540763,10940,PRODUTO TESTE,19,2011-01-22,3.28,10011,United Kingdom,62.31999999999999
542819,47546,PRODUTO TESTE,11,2011-04-05,25.62,10165,United Kingdom,281.82
543777,44114,PRODUTO TESTE,5,2011-01-22,43.83,10178,United Kingdom,219.14999999999998
541668,86722,PRODUTO TESTE,5,2011-11-08,48.59,10143,France,242.95000000000002
541957,36510,PRODUTO TESTE,31,2011-02-06,42.96,10175,United Kingdom,1331.76
543088,90622,PRODUTO TESTE,40,2011-02-11,24.75,10117,United Kingdom,990.0
538423,54671,PRODUTO TESTE,18,2011-02-15,43.24,10093,United Kingdom,778.32
540355,57762,PRODUTO TESTE,28,2011-12-21,46.1,10184,United Kingdom,1290.8
541679,48793,PRODUTO TESTE,44,2011-09-18,28.56,10139,France,1256.6399999999999
541813,37374,PRODUTO TESTE,24,2011-01-27,19.77,10038,United Kingdom,474.48
539274,39265,PRODUTO TESTE,23,2011-02-05,12.39,10117,United Kingdom,284.97
543895,87775,PRODUTO TESTE,42,2011-10-17,5.54,10038,United Kingdom,232.68
544846,29387,PRODUTO TESTE,36,2011-10-21,47.65,10082,United Kingdom,1715.3999999999999
541685,14244,PRODUTO TESTE,37,2011-07-18,32.03,10087,Germany,1185.1100000000001
537690,47297,PRODUTO TESTE,6,2011-06-01,32.35,10151,United Kingdom,194.10000000000002
543725,13840,PRODUTO TESTE,26,2011-11-04,15.52,10199,United Kingdom,403.52
539438,92624,PRODUTO TESTE,4,2011-04-29,2.06,10099,United Kingdom,8.24
536480,89252,PRODUTO TESTE,45,2011-08-23,24.63,10032,United Kingdom,1108.35
541356,68495,PRODUTO TESTE,30,2011-06-07,5.33,10040,Germany,159.9
541661,32724,PRODUTO TESTE,38,2011-10-19,15.8,10138,United Kingdom,600.4
544854,85929,PRODUTO TESTE,4,2011-03-24,32.55,10107,United Kingdom,130.2
544404,74384,PRODUTO TESTE,8,2011-02-13,14.81,10067,United Kingdom,118.48
540783,49997,PRODUTO TESTE,38,2011-06-25,7.58,10096,France,288.04
543206,30155,PRODUTO TESTE,19,2011-03-01,37.78,10114,United Kingdom,717.82
536437,99713,PRODUTO TESTE,8,2011-05-05,41.59,10011,United Kingdom,332.72
540266,89983,PRODUTO TESTE,19,2011-06-24,35.7,10096,United Kingdom,678.3000000000001
543047,86925,PRODUTO TESTE,21,2011-08-10,41.75,10080,United Kingdom,876.75
543203,60642,PRODUTO TESTE,14,2011-07-12,33.81,10170,United Kingdom,473.34000000000003
541900,20970,PRODUTO TESTE,39,2011-10-23,26.6,10116,United Kingdom,1037.4
542220,72843,PRODUTO TESTE,18,2011-06-14,14.86,10117,France,267.48
541221,87870,PRODUTO TESTE,4,2011-06-07,16.33,10069,United Kingdom,65.32
538050,30311,PRODUTO TESTE,36,2011-04-12,20.05,10131,United Kingdom,721.8000000000001
538560,31539,PRODUTO TESTE,25,2011-06-11,47.57,10124,United Kingdom,1189.25
542676,41784,PRODUTO TESTE,33,2011-11-02,10.84,10144,United Kingdom,357.71999999999997
538141,10274,PRODUTO TESTE,20,2011-09-10,49.57,10128,United Kingdom,991.4
544825,53117,PRODUTO TESTE,12,2011-09-15,10.84,10158,United Kingdom,130.07999999999998
541634,97029,PRODUTO TESTE,46,2011-09-18,48.03,10159,United Kingdom,2209.38
538050,21551,PRODUTO TESTE,34,2011-07-12,17.15,10124,Germany,583.0999999999999
538130,87367,PRODUTO TESTE,15,2011-11-16,21.85,10107,United Kingdom,327.75
539892,13529,PRODUTO TESTE,42,2011-02-27,12.41,10005,Germany,521.22
543728,18795,PRODUTO TESTE,4,2011-03-25,41.03,10121,United Kingdom,164.12
540686,90087,PRODUTO TESTE,36,2011-12-15,11.39,10155,United Kingdom,410.04
538186,32532,PRODUTO TESTE,12,2011-05-27,41.08,10020,United Kingdom,492.96
536720,37712,PRODUTO TESTE,21,2011-04-24,2.29,10020,United Kingdom,48.09
539248,11331,PRODUTO TESTE,43,2011-10-18,46.49,10054,United Kingdom,1999.0700000000002
542048,46570,PRODUTO TESTE,31,2011-08-08,2.59,10168,United Kingdom,80.28999999999999
542431,99357,PRODUTO TESTE,10,2011-02-18,46.96,10105,Germany,469.6
537428,67728,PRODUTO TESTE,7,2011-10-22,43.69,10174,United Kingdom,305.83
542313,70762,PRODUTO TESTE,17,2011-10-07,41.65,10110,United Kingdom,708.05
537431,67921,PRODUTO TESTE,2,2011-05-09,29.92,10135,United Kingdom,59.84
536578,72544,PRODUTO TESTE,43,2011-11-11,2.28,10066,United Kingdom,98.03999999999999
541138,28517,PRODUTO TESTE,24,2011-11-14,31.08,10079,United Kingdom,745.92
538193,88124,PRODUTO TESTE,48,2011-01-29,28.08,10118,United Kingdom,1347.84
537900,89153,PRODUTO TESTE,13,2011-08-21,31.76,10036,United Kingdom,412.88
538120,22976,PRODUTO TESTE,24,2011-11-04,48.42,10044,United Kingdom,1162.08
536083,81355,PRODUTO TESTE,35,2011-10-12,26.26,10146,United Kingdom,919.1
536105,14282,PRODUTO TESTE,48,2011-05-06,5.04,10179,United Kingdom,241.92000000000002
539334,82640,PRODUTO TESTE,37,2011-04-16,7.13,10165,United Kingdom,263.81
536179,98364,PRODUTO TESTE,3,2011-04-08,36.16,10075,Germany,108.47999999999999
538864,13251,PRODUTO TESTE,14,2011-02-12,49.11,10118,United Kingdom,687.54
541228,81906,PRODUTO TESTE,34,2011-04-12,22.08,10192,United Kingdom,750.7199999999999
536280,21940,PRODUTO TESTE,38,2011-04-01,5.35,10118,United Kingdom,203.29999999999998
541560,36121,PRODUTO TESTE,17,2011-10-04,17.98,10059,United Kingdom,305.66
541591,59242,PRODUTO TESTE,47,2011-03-19,19.56,10067,United Kingdom,919.3199999999999
541160,71209,PRODUTO TESTE,6,2011-03-02,49.83,10145,Germany,298.98
541639,18117,PRODUTO TESTE,35,2011-09-25,34.49,10089,United Kingdom,1207.15
543283,19833,PRODUTO TESTE,22,2011-07-16,6.33,10167,United Kingdom,139.26
536637,35412,PRODUTO TESTE,34,2011-03-20,17.19,10172,United Kingdom,584.46
537519,71355,PRODUTO TESTE,27,2011-09-15,2.9,10007,United Kingdom,78.3
538853,46330,PRODUTO TESTE,18,2011-03-20,32.83,10144,United Kingdom,590.9399999999999
542193,34799,PRODUTO TESTE,39,2011-10-14,33.8,10073,United Kingdom,1318.1999999999998
543855,24149,PRODUTO TESTE,41,2011-01-12,3.35,10103,United Kingdom,137.35
544267,97159,PRODUTO TESTE,39,2011-08-04,17.11,10052,United Kingdom,667.29
539691,98728,PRODUTO TESTE,18,2011-05-17,41.43,10066,United Kingdom,745.74
539707,54555,PRODUTO TESTE,36,2011-09-09,28.92,10010,Eire,1041.1200000000001
536538,83684,PRODUTO TESTE,42,2011-05-19,24.49,10156,United Kingdom,1028.58
540185,67582,PRODUTO TESTE,14,2011-08-27,49.65,10028,United Kingdom,695.1
540615,57259,PRODUTO TESTE,35,2011-03-23,36.25,10075,United Kingdom,1268.75
537874,52686,PRODUTO TESTE,26,2011-07-27,47.66,10038,United Kingdom,1239.1599999999999
542911,55011,PRODUTO TESTE,7,2011-10-04,4.04,10032,United Kingdom,28.28
543306,47123,PRODUTO TESTE,44,2011-12-19,11.0,10074,United Kingdom,484.0
538718,67593,PRODUTO TESTE,19,2011-05-12,2.04,10183,United Kingdom,38.76
544226,54314,PRODUTO TESTE,28,2011-06-22,43.46,10188,United Kingdom,1216.88
536963,97363,PRODUTO TESTE,10,2011-06-23,34.86,10076,United Kingdom,348.6
542912,51789,PRODUTO TESTE,19,2011-12-18,48.72,10197,United Kingdom,925.68
538015,45643,PRODUTO TESTE,34,2011-08-24,47.81,10046,Eire,1625.54
541851,78308,PRODUTO TESTE,12,2011-10-28,11.62,10188,United Kingdom,139.44
538796,67802,PRODUTO TESTE,46,2011-01-31,32.53,10021,United Kingdom,1496.38
543197,30861,PRODUTO TESTE,36,2011-10-05,33.57,10045,United Kingdom,1208.52
537445,85055,PRODUTO TESTE,30,2011-10-23,0.7,10067,United Kingdom,21.0
538204,71402,PRODUTO TESTE,39,2011-09-18,34.59,10007,United Kingdom,1349.0100000000002
538764,65897,PRODUTO TESTE,42,2011-08-02,11.46,10163,United Kingdom,481.32000000000005
537797,80385,PRODUTO TESTE,34,2011-11-25,45.12,10171,United Kingdom,1534.08
538995,30345,PRODUTO TESTE,40,2011-08-27,42.01,10076,United Kingdom,1680.3999999999999
541423,81995,PRODUTO TESTE,34,2011-11-05,45.31,10167,Eire,1540.54
541697,20976,PRODUTO TESTE,42,2011-03-07,38.0,10154,United Kingdom,1596.0
537706,63178,PRODUTO TESTE,13,2011-06-09,18.35,10160,United Kingdom,238.55
537821,62378,PRODUTO TESTE,43,2011-11-13,35.59,10114,United Kingdom,1530.3700000000001
544274,75464,PRODUTO TESTE,21,2011-11-18,16.5,10022,United Kingdom,346.5
536927,79185,PRODUTO TESTE,41,2011-03-20,17.14,10121,United Kingdom,702.74
540085,12303,PRODUTO TESTE,31,2011-06-29,9.3,10180,United Kingdom,288.3
536061,72441,PRODUTO TESTE,45,2011-01-01,26.15,10191,United Kingdom,1176.75
543694,10310,PRODUTO TESTE,3,2011-04-04,26.1,10080,United Kingdom,78.30000000000001
538406,72512,PRODUTO TESTE,23,2011-08-16,32.27,10038,United Kingdom,742.21
542333,79644,PRODUTO TESTE,4,2011-06-27,22.18,10010,France,88.72
540408,56996,PRODUTO TESTE,23,2011-11-27,39.03,10193,United Kingdom,897.69
539198,64415,PRODUTO TESTE,14,2011-10-27,32.67,10184,United Kingdom,457.38
541954,15344,PRODUTO TESTE,6,2011-10-11,28.94,10186,United Kingdom,173.64000000000001
541359,98935,PRODUTO TESTE,37,2011-08-23,22.05,10176,United Kingdom,815.85
538011,78812,PRODUTO TESTE,43,2011-12-02,3.02,10104,United Kingdom,129.86
544251,11363,PRODUTO TESTE,3,2011-01-23,33.5,10198,United Kingdom,100.5
537515,48718,PRODUTO TESTE,26,2011-06-16,10.62,10110,United Kingdom,276.12
544635,83614,PRODUTO TESTE,49,2011-05-19,43.08,10128,United Kingdom,2110.92
540240,70852,PRODUTO TESTE,1,2011-05-23,40.71,10042,United Kingdom,40.71
544970,91417,PRODUTO TESTE,45,2011-12-23,26.63,10149,United Kingdom,1198.35
539178,65433,PRODUTO TESTE,11,2011-03-26,42.43,10163,United Kingdom,466.73
541089,74240,PRODUTO TESTE,35,2011-07-31,33.7,10135,United Kingdom,1179.5
541537,40365,PRODUTO TESTE,42,2011-03-21,7.49,10099,United Kingdom,314.58
