InvoiceNo,StockCode,Description,Quantity,InvoiceDate,UnitPrice,CustomerID,Country
537780,91017,PRODUTO TESTE,45,01/13/2011 00:00,17.7,10017.0,United Kingdom
536304,76668,PRODUTO TESTE,35,09/21/2011 00:00,5.59,10154.0,United Kingdom
541645,28625,PRODUTO TESTE,17,03/20/2011 00:00,15.45,10130.0,United Kingdom
542147,99621,PRODUTO TESTE,-1,09/17/2011 00:00,40.43,10087.0,United Kingdom
542953,99339,PRODUTO TESTE,3,07/26/2011 00:00,24.93,10086.0,United Kingdom
544554,13687,PRODUTO TESTE,8,03/15/2011 00:00,8.99,10171.0,United Kingdom
540476,12310,PRODUTO TESTE,17,06/21/2011 00:00,15.98,10017.0,United Kingdom
543462,32042,PRODUTO TESTE,43,01/14/2011 00:00,47.7,10139.0,United Kingdom
542446,81456,PRODUTO TESTE,1,09/14/2011 00:00,21.88,10040.0,United Kingdom
538494,63796,PRODUTO TESTE,26,04/21/2011 00:00,22.36,10018.0,United Kingdom
543606,56134,PRODUTO TESTE,14,05/20/2011 00:00,8.08,10105.0,United Kingdom
536479,47367,PRODUTO TESTE,-3,02/27/2011 00:00,15.58,10195.0,United Kingdom
541390,53168,PRODUTO TESTE,29,05/14/2011 00:00,40.83,10147.0,United Kingdom
544463,67379,PRODUTO TESTE,33,05/25/2011 00:00,39.42,10152.0,United Kingdom
541930,15739,PRODUTO TESTE,47,03/24/2011 00:00,22.06,10143.0,United Kingdom
544433,62775,PRODUTO TESTE,22,12/24/2011 00:00,44.74,10157.0,United Kingdom
536505,29874,PRODUTO TESTE,12,04/13/2011 00:00,19.32,10102.0,United Kingdom
540791,80918,PRODUTO TESTE,41,03/08/2011 00:00,43.28,10025.0,United Kingdom
543025,27586,PRODUTO TESTE,8,07/20/2011 00:00,2.06,10167.0,United Kingdom
541780,16381,PRODUTO TESTE,32,04/27/2011 00:00,17.69,10090.0,United Kingdom
543924,49125,PRODUTO TESTE,46,06/15/2011 00:00,42.83,10100.0,France
540163,49655,PRODUTO TESTE,-5,09/22/2011 00:00,45.11,10074.0,United Kingdom
542143,56669,PRODUTO TESTE,45,01/29/2011 00:00,37.94,10036.0,Germany
539777,87403,PRODUTO TESTE,6,07/05/2011 00:00,33.66,10185.0,United Kingdom
543849,72985,PRODUTO TESTE,21,01/08/2011 00:00,40.87,10156.0,United Kingdom
537075,42648,PRODUTO TESTE,9,01/17/2011 00:00,35.52,10128.0,United Kingdom
538287,75394,PRODUTO TESTE,2,02/03/2011 00:00,13.08,10080.0,United Kingdom
536870,55340,PRODUTO TESTE,33,03/01/2011 00:00,23.58,10164.0,United Kingdom
542318,30138,PRODUTO TESTE,21,05/08/2011 00:00,33.2,10109.0,United Kingdom
538094,11942,PRODUTO TESTE,23,12/08/2011 00:00,29.6,10088.0,United Kingdom
538854,10359,PRODUTO TESTE,21,11/27/2011 00:00,44.31,10090.0,United Kingdom
543529,30175,PRODUTO TESTE,36,02/07/2011 00:00,23.96,10045.0,Germany
539241,83716,PRODUTO TESTE,48,12/28/2011 00:00,9.31,10018.0,United Kingdom
537312,51728,PRODUTO TESTE,23,08/20/2011 00:00,11.12,10110.0,United Kingdom
536188,50657,PRODUTO TESTE,3,07/22/2011 00:00,42.38,10177.0,United Kingdom
538040,45906,PRODUTO TESTE,13,10/17/2011 00:00,0.93,10012.0,United Kingdom
544232,33037,PRODUTO TESTE,22,06/26/2011 00:00,43.52,10171.0,Germany
540937,74318,PRODUTO TESTE,0,04/07/2011 00:00,3.25,10165.0,United Kingdom
544953,11148,PRODUTO TESTE,7,07/13/2011 00:00,19.89,10055.0,Germany
537936,65068,PRODUTO TESTE,6,09/22/2011 00:00,40.11,10126.0,United Kingdom
539163,94321,PRODUTO TESTE,48,09/07/2011 00:00,20.68,10033.0,United Kingdom
537468,89224,PRODUTO TESTE,17,03/04/2011 00:00,41.21,10151.0,United Kingdom
539585,43237,PRODUTO TESTE,43,12/09/2011 00:00,5.46,10140.0,United Kingdom
541069,86928,PRODUTO TESTE,25,04/14/2011 00:00,25.82,10070.0,United Kingdom
543273,31386,PRODUTO TESTE,22,10/27/2011 00:00,29.33,10013.0,United Kingdom
539312,31709,PRODUTO TESTE,46,04/24/2011 00:00,44.6,10194.0,Eire
542943,40913,PRODUTO TESTE,33,01/24/2011 00:00,5.13,10089.0,United Kingdom
541635,11587,PRODUTO TESTE,8,12/30/2011 00:00,17.26,10178.0,United Kingdom
538626,33904,PRODUTO TESTE,10,08/03/2011 00:00,33.14,10135.0,United Kingdom
544209,86901,PRODUTO TESTE,31,03/20/2011 00:00,49.01,10155.0,Eire
539908,78613,PRODUTO TESTE,-5,01/01/2011 00:00,42.49,10151.0,United Kingdom
537358,39620,PRODUTO TESTE,3,02/17/2011 00:00,42.4,10038.0,United Kingdom
544664,38119,PRODUTO TESTE,-1,03/04/2011 00:00,26.1,10072.0,United Kingdom
544220,41239,PRODUTO TESTE,34,12/04/2011 00:00,28.43,10093.0,United Kingdom
536445,20706,PRODUTO TESTE,19,03/06/2011 00:00,43.0,10099.0,United Kingdom
544122,24255,PRODUTO TESTE,-5,03/01/2011 00:00,43.55,10008.0,United Kingdom
544526,99344,PRODUTO TESTE,35,11/02/2011 00:00,40.21,10109.0,United Kingdom
543461,72369,PRODUTO TESTE,31,11/17/2011 00:00,41.02,10030.0,United Kingdom
538294,70978,PRODUTO TESTE,34,03/18/2011 00:00,44.04,10148.0,United Kingdom
541681,35209,PRODUTO TESTE,3,08/26/2011 00:00,6.13,10136.0,United Kingdom
540844,87035,PRODUTO TESTE,43,07/15/2011 00:00,14.99,10184.0,United Kingdom
541581,25906,PRODUTO TESTE,4,07/30/2011 00:00,48.82,10148.0,United Kingdom
541547,97180,PRODUTO TESTE,26,04/24/2011 00:00,27.47,10073.0,United Kingdom
541752,55304,PRODUTO TESTE,25,10/02/2011 00:00,9.23,10193.0,United Kingdom
540626,39772,PRODUTO TESTE,7,11/18/2011 00:00,25.4,10082.0,France
542214,77536,PRODUTO TESTE,15,09/22/2011 00:00,32.47,10065.0,United Kingdom
540739,47548,PRODUTO TESTE,-3,11/26/2011 00:00,41.5,10181.0,United Kingdom
536148,34263,PRODUTO TESTE,20,02/10/2011 00:00,40.7,10074.0,United Kingdom
536317,71525,PRODUTO TESTE,32,08/28/2011 00:00,2.94,10015.0,United Kingdom
544622,74982,PRODUTO TESTE,11,12/31/2011 00:00,22.95,10093.0,United Kingdom
544183,64293,PRODUTO TESTE,24,07/15/2011 00:00,1.52,10159.0,United Kingdom
541270,51577,PRODUTO TESTE,47,12/10/2011 00:00,44.46,10037.0,United Kingdom
537571,39591,PRODUTO TESTE,7,05/08/2011 00:00,9.11,10092.0,United Kingdom
543033,46339,PRODUTO TESTE,10,11/24/2011 00:00,31.43,10025.0,United Kingdom
537289,88692,PRODUTO TESTE,1,12/09/2011 00:00,28.75,10137.0,Eire
539395,42356,PRODUTO TESTE,24,08/16/2011 00:00,31.46,10095.0,United Kingdom
538968,97046,PRODUTO TESTE,6,09/15/2011 00:00,28.39,10066.0,United Kingdom
536111,23102,PRODUTO TESTE,41,07/10/2011 00:00,35.92,10045.0,United Kingdom
543263,24644,PRODUTO TESTE,11,04/26/2011 00:00,31.49,10112.0,United Kingdom
540587,39936,PRODUTO TESTE,31,07/15/2011 00:00,4.97,10133.0,United Kingdom
538846,10267,PRODUTO TESTE,5,12/18/2011 00:00,18.66,10188.0,United Kingdom
540564,89131,PRODUTO TESTE,12,01/06/2011 00:00,27.56,10087.0,United Kingdom
536000,40635,PRODUTO TESTE,4,03/16/2011 00:00,16.6,10032.0,United Kingdom
539932,19194,PRODUTO TESTE,25,07/02/2011 00:00,38.14,10166.0,United Kingdom
540676,65668,PRODUTO TESTE,-4,05/04/2011 00:00,16.24,10125.0,France
539057,96246,PRODUTO TESTE,-1,08/16/2011 00:00,41.52,10140.0,United Kingdom
543473,99435,PRODUTO TESTE,22,05/12/2011 00:00,7.76,10019.0,United Kingdom
538248,19674,PRODUTO TESTE,25,08/29/2011 00:00,38.58,10062.0,United Kingdom
537240,81359,PRODUTO TESTE,13,02/08/2011 00:00,9.58,10153.0,France
540747,42582,PRODUTO TESTE,18,05/02/2011 00:00,26.64,10166.0,United Kingdom
543985,85259,PRODUTO TESTE,17,09/10/2011 00:00,16.37,10087.0,United Kingdom
539377,64566,PRODUTO TESTE,36,06/22/2011 00:00,32.05,10160.0,United Kingdom
536419,75855,PRODUTO TESTE,19,09/18/2011 00:00,11.03,10168.0,United Kingdom
544729,85404,PRODUTO TESTE,41,08/21/2011 00:00,39.87,10077.0,United Kingdom
539998,90581,PRODUTO TESTE,6,04/30/2011 00:00,28.89,10179.0,Eire
537556,22922,PRODUTO TESTE,5,06/06/2011 00:00,47.89,10057.0,United Kingdom
541540,75143,PRODUTO TESTE,17,12/19/2011 00:00,35.73,10047.0,United Kingdom
538876,22699,PRODUTO TESTE,-1,12/18/2011 00:00,30.57,10136.0,United Kingdom
544440,94952,PRODUTO TESTE,31,01/13/2011 00:00,41.54,10127.0,United Kingdom
538645,66553,PRODUTO TESTE,16,09/15/2011 00:00,11.37,10027.0,Germany
540951,27338,PRODUTO TESTE,15,06/29/2011 00:00,31.82,10166.0,United Kingdom
540889,36346,PRODUTO TESTE,24,01/01/2011 00:00,19.82,10039.0,United Kingdom
538181,90611,PRODUTO TESTE,-1,08/20/2011 00:00,37.32,10160.0,United Kingdom
540493,68004,PRODUTO TESTE,15,01/09/2011 00:00,1.71,10001.0,United Kingdom
536981,30633,PRODUTO TESTE,48,04/27/2011 00:00,21.67,10159.0,United Kingdom
541793,83851,PRODUTO TESTE,29,09/09/2011 00:00,32.76,10157.0,United Kingdom
542824,74647,PRODUTO TESTE,26,10/24/2011 00:00,23.3,10156.0,United Kingdom
544550,16918,PRODUTO TESTE,22,05/31/2011 00:00,12.28,10132.0,United Kingdom
538932,35494,PRODUTO TESTE,20,10/23/2011 00:00,23.49,10094.0,United Kingdom
538566,86003,PRODUTO TESTE,46,11/03/2011 00:00,42.56,10141.0,United Kingdom
540939,41574,PRODUTO TESTE,46,06/13/2011 00:00,10.74,10055.0,United Kingdom
542234,13382,PRODUTO TESTE,17,03/05/2011 00:00,18.68,10156.0,United Kingdom
544932,64349,PRODUTO TESTE,45,08/29/2011 00:00,49.52,10111.0,United Kingdom
536225,90893,PRODUTO TESTE,-1,01/06/2011 00:00,45.68,10091.0,France
538144,60078,PRODUTO TESTE,12,11/23/2011 00:00,2.18,10101.0,United Kingdom
538361,97804,PRODUTO TESTE,11,05/22/2011 00:00,26.75,10113.0,France
538298,20270,PRODUTO TESTE,33,10/05/2011 00:00,3.74,10007.0,United Kingdom
540173,70070,PRODUTO TESTE,28,09/26/2011 00:00,46.23,10027.0,United Kingdom
543856,68475,PRODUTO TESTE,20,06/22/2011 00:00,22.36,10049.0,United Kingdom
536278,98581,PRODUTO TESTE,9,12/21/2011 00:00,21.21,10022.0,United Kingdom
543342,56902,PRODUTO TESTE,22,10/18/2011 00:00,14.01,10087.0,United Kingdom
541559,83978,PRODUTO TESTE,9,11/19/2011 00:00,28.66,10133.0,United Kingdom
541536,23086,PRODUTO TESTE,22,02/04/2011 00:00,7.68,10130.0,United Kingdom
542104,13992,PRODUTO TESTE,13,06/26/2011 00:00,40.05,10094.0,United Kingdom
537038,74482,PRODUTO TESTE,43,12/14/2011 00:00,24.81,10171.0,United Kingdom
542720,10342,PRODUTO TESTE,36,10/24/2011 00:00,28.54,10113.0,United Kingdom
538233,88734,PRODUTO TESTE,4,06/15/2011 00:00,42.12,10015.0,United Kingdom
540649,11871,PRODUTO TESTE,46,01/26/2011 00:00,9.66,10152.0,United Kingdom
542091,71966,PRODUTO TESTE,31,04/14/2011 00:00,9.17,10114.0,France
541435,50671,PRODUTO TESTE,14,07/28/2011 00:00,21.33,10126.0,Eire
538908,68090,PRODUTO TESTE,24,08/23/2011 00:00,39.41,10113.0,United Kingdom
539564,66103,PRODUTO TESTE,5,12/04/2011 00:00,3.4,10110.0,United Kingdom
540288,49985,PRODUTO TESTE,-3,02/03/2011 00:00,39.86,10018.0,United Kingdom
536371,53331,PRODUTO TESTE,18,05/25/2011 00:00,25.29,10111.0,United Kingdom
542534,55302,PRODUTO TESTE,38,04/10/2011 00:00,28.31,10158.0,Germany
536899,70941,PRODUTO TESTE,14,12/17/2011 00:00,28.44,10060.0,United Kingdom
540127,73923,PRODUTO TESTE,16,03/02/2011 00:00,3.28,10120.0,United Kingdom
541894,50463,PRODUTO TESTE,49,03/22/2011 00:00,12.86,10006.0,United Kingdom
536723,41724,PRODUTO TESTE,49,04/19/2011 00:00,37.89,10069.0,United Kingdom
544959,13830,PRODUTO TESTE,20,02/08/2011 00:00,20.91,10087.0,United Kingdom
539395,80128,PRODUTO TESTE,-3,08/23/2011 00:00,28.25,10196.0,United Kingdom
536142,30354,PRODUTO TESTE,32,07/11/2011 00:00,47.27,10042.0,United Kingdom
541927,49077,PRODUTO TESTE,34,07/23/2011 00:00,2.79,10055.0,United Kingdom
541018,99335,PRODUTO TESTE,45,11/28/2011 00:00,22.76,10081.0,France
541762,80632,PRODUTO TESTE,47,06/08/2011 00:00,18.38,10198.0,United Kingdom
542759,41127,PRODUTO TESTE,29,04/24/2011 00:00,5.77,10170.0,United Kingdom
540280,52742,PRODUTO TESTE,0,05/18/2011 00:00,47.56,10006.0,Germany
543440,39228,PRODUTO TESTE,8,10/20/2011 00:00,48.09,10046.0,United Kingdom
539331,66355,PRODUTO TESTE,34,07/12/2011 00:00,15.92,10164.0,Germany
540906,23751,PRODUTO TESTE,28,03/03/2011 00:00,47.36,10011.0,United Kingdom
537426,95736,PRODUTO TESTE,18,09/09/2011 00:00,2.24,10171.0,United Kingdom
541579,98841,PRODUTO TESTE,17,09/30/2011 00:00,49.05,10056.0,United Kingdom
538354,36869,PRODUTO TESTE,34,04/02/2011 00:00,41.88,10183.0,United Kingdom
542270,30741,PRODUTO TESTE,18,07/23/2011 00:00,11.11,10058.0,United Kingdom
543209,58531,PRODUTO TESTE,3,07/25/2011 00:00,30.18,10086.0,United Kingdom
543730,68213,PRODUTO TESTE,48,03/05/2011 00:00,40.02,10132.0,United Kingdom
544361,67924,PRODUTO TESTE,14,01/04/2011 00:00,16.31,10025.0,United Kingdom
537100,13784,PRODUTO TESTE,10,09/20/2011 00:00,18.01,10111.0,United Kingdom
537241,73991,PRODUTO TESTE,-2,08/13/2011 00:00,31.63,10101.0,United Kingdom
544335,15982,PRODUTO TESTE,20,09/18/2011 00:00,7.78,10156.0,United Kingdom
539427,40777,PRODUTO TESTE,49,05/18/2011 00:00,6.35,10199.0,Eire
536234,74506,PRODUTO TESTE,3,07/08/2011 00:00,12.87,10132.0,France
538582,89836,PRODUTO TESTE,8,12/25/2011 00:00,37.19,10081.0,United Kingdom
543525,67164,PRODUTO TESTE,4,03/24/2011 00:00,18.65,10081.0,United Kingdom
539194,24375,PRODUTO TESTE,0,08/27/2011 00:00,25.61,10083.0,United Kingdom
536690,71213,PRODUTO TESTE,28,02/18/2011 00:00,10.17,10162.0,United Kingdom
542498,13333,PRODUTO TESTE,11,01/24/2011 00:00,10.11,10064.0,United Kingdom
537751,30787,PRODUTO TESTE,36,12/16/2011 00:00,32.7,10033.0,United Kingdom
539175,21136,PRODUTO TESTE,17,02/17/2011 00:00,5.86,10066.0,United Kingdom
536035,98639,PRODUTO TESTE,30,08/28/2011 00:00,33.56,10004.0,United Kingdom
541417,43152,PRODUTO TESTE,-1,07/07/2011 00:00,20.33,10021.0,United Kingdom
540007,60253,PRODUTO TESTE,13,10/23/2011 00:00,33.73,10018.0,United Kingdom
543803,81152,PRODUTO TESTE,17,07/19/2011 00:00,19.4,10154.0,United Kingdom
539009,97258,PRODUTO TESTE,-2,09/12/2011 00:00,42.38,10144.0,United Kingdom
537841,99593,PRODUTO TESTE,18,11/23/2011 00:00,3.25,10139.0,United Kingdom
537493,24775,PRODUTO TESTE,20,10/30/2011 00:00,44.72,10092.0,United Kingdom
537801,45453,PRODUTO TESTE,17,09/21/2011 00:00,13.8,10143.0,United Kingdom
540059,46458,PRODUTO TESTE,22,03/01/2011 00:00,2.61,10032.0,United Kingdom
536784,81659,PRODUTO TESTE,38,03/03/2011 00:00,28.34,10180.0,United Kingdom
539621,40211,PRODUTO TESTE,37,07/01/2011 00:00,11.61,10100.0,United Kingdom
543692,30814,PRODUTO TESTE,-5,08/29/2011 00:00,23.23,10187.0,United Kingdom
542908,77955,PRODUTO TESTE,30,09/01/2011 00:00,40.21,10030.0,United Kingdom
541735,54560,PRODUTO TESTE,44,10/15/2011 00:00,39.68,10099.0,United Kingdom
544038,77280,PRODUTO TESTE,42,02/07/2011 00:00,30.22,10139.0,United Kingdom
543021,44191,PRODUTO TESTE,12,03/05/2011 00:00,48.9,10099.0,United Kingdom
541873,53788,PRODUTO TESTE,38,02/24/2011 00:00,23.46,10089.0,Germany
543767,10821,PRODUTO TESTE,39,07/17/2011 00:00,2.45,10033.0,United Kingdom
537119,11453,PRODUTO TESTE,15,08/20/2011 00:00,41.06,10076.0,United Kingdom
543364,10031,PRODUTO TESTE,42,02/12/2011 00:00,11.45,10047.0,Germany
538658,25768,PRODUTO TESTE,29,11/14/2011 00:00,9.22,10060.0,United Kingdom
542597,41286,PRODUTO TESTE,36,04/21/2011 00:00,3.97,10136.0,United Kingdom
544219,14523,PRODUTO TESTE,36,08/30/2011 00:00,16.73,10126.0,United Kingdom
540464,24467,PRODUTO TESTE,37,10/02/2011 00:00,16.64,10121.0,United Kingdom
536798,86230,PRODUTO TESTE,47,01/14/2011 00:00,15.49,10072.0,United Kingdom
539332,86910,PRODUTO TESTE,42,11/12/2011 00:00,29.86,10191.0,Germany
539661,36079,PRODUTO TESTE,18,12/21/2011 00:00,37.7,10017.0,Eire
544430,95181,PRODUTO TESTE,25,12/16/2011 00:00,46.92,10068.0,United Kingdom
544482,20612,PRODUTO TESTE,30,02/20/2011 00:00,5.16,10023.0,United Kingdom
541116,12825,PRODUTO TESTE,42,05/24/2011 00:00,7.94,10067.0,United Kingdom
544555,41875,PRODUTO TESTE,16,03/26/2011 00:00,29.7,10192.0,United Kingdom
539926,33825,PRODUTO TESTE,12,06/14/2011 00:00,5.36,10073.0,United Kingdom
539700,16955,PRODUTO TESTE,35,12/22/2011 00:00,18.85,10181.0,United Kingdom
543528,86269,PRODUTO TESTE,47,10/06/2011 00:00,31.42,10099.0,United Kingdom
542006,98096,PRODUTO TESTE,45,10/09/2011 00:00,39.14,10139.0,United Kingdom
540701,34334,PRODUTO TESTE,3,06/04/2011 00:00,11.27,10091.0,United Kingdom
540110,38350,PRODUTO TESTE,45,12/08/2011 00:00,33.57,10053.0,United Kingdom
542350,74653,PRODUTO TESTE,38,12/02/2011 00:00,32.47,10152.0,United Kingdom
542781,93975,PRODUTO TESTE,3,10/22/2011 00:00,43.05,10193.0,France
540415,35816,PRODUTO TESTE,-5,10/25/2011 00:00,16.03,10052.0,United Kingdom
536284,71444,PRODUTO TESTE,6,08/26/2011 00:00,37.63,10155.0,United Kingdom
536916,12082,PRODUTO TESTE,46,02/04/2011 00:00,37.72,10052.0,United Kingdom
537297,60949,PRODUTO TESTE,36,04/14/2011 00:00,12.34,10143.0,United Kingdom
540158,98843,PRODUTO TESTE,26,10/08/2011 00:00,31.25,10157.0,Eire
541527,52794,PRODUTO TESTE,29,04/30/2011 00:00,33.92,10089.0,France
543233,67737,PRODUTO TESTE,17,03/04/2011 00:00,14.08,10147.0,United Kingdom
538092,71863,PRODUTO TESTE,44,12/12/2011 00:00,22.86,10054.0,United Kingdom
543079,66905,PRODUTO TESTE,3,06/28/2011 00:00,22.07,10015.0,United Kingdom
541994,71764,PRODUTO TESTE,12,11/11/2011 00:00,38.79,10019.0,United Kingdom
536464,89803,PRODUTO TESTE,6,04/14/2011 00:00,0.53,10089.0,United Kingdom
539161,10946,PRODUTO TESTE,41,05/12/2011 00:00,25.3,10180.0,United Kingdom
538723,89613,PRODUTO TESTE,24,05/06/2011 00:00,9.62,10025.0,United Kingdom
543979,91699,PRODUTO TESTE,32,05/17/2011 00:00,32.52,10091.0,United Kingdom
544290,91360,PRODUTO TESTE,45,06/09/2011 00:00,34.18,10140.0,United Kingdom
543373,43116,PRODUTO TESTE,5,04/19/2011 00:00,25.31,10040.0,United Kingdom
540752,62469,PRODUTO TESTE,48,10/25/2011 00:00,27.33,10144.0,United Kingdom
540435,41794,PRODUTO TESTE,1,04/30/2011 00:00,16.1,10061.0,United Kingdom
538803,85627,PRODUTO TESTE,36,06/11/2011 00:00,16.01,10161.0,United Kingdom
542956,46592,PRODUTO TESTE,33,11/11/2011 00:00,37.38,10115.0,United Kingdom
536776,38170,PRODUTO TESTE,40,06/09/2011 00:00,7.02,10109.0,United Kingdom
538440,71674,PRODUTO TESTE,3,01/04/2011 00:00,38.69,10035.0,United Kingdom
537216,14442,PRODUTO TESTE,47,01/01/2011 00:00,32.92,10092.0,United Kingdom
540448,43841,PRODUTO TESTE,38,06/09/2011 00:00,44.28,10171.0,France
538697,28565,PRODUTO TESTE,1,08/25/2011 00:00,13.38,10003.0,United Kingdom
537777,43644,PRODUTO TESTE,25,12/11/2011 00:00,25.56,10151.0,United Kingdom
539387,50386,PRODUTO TESTE,39,02/17/2011 00:00,2.43,10098.0,United Kingdom
543747,15711,PRODUTO TESTE,21,07/18/2011 00:00,45.67,10143.0,United Kingdom
541022,87818,PRODUTO TESTE,15,04/16/2011 00:00,33.93,10132.0,United Kingdom
543407,47497,PRODUTO TESTE,10,06/14/2011 00:00,31.33,10086.0,United Kingdom
544225,42292,PRODUTO TESTE,23,06/11/2011 00:00,36.77,10061.0,United Kingdom
544119,23452,PRODUTO TESTE,49,04/25/2011 00:00,14.57,10125.0,United Kingdom
539159,99620,PRODUTO TESTE,28,01/07/2011 00:00,30.39,10028.0,United Kingdom
543897,87002,PRODUTO TESTE,34,01/27/2011 00:00,40.15,10116.0,United Kingdom
544184,53368,PRODUTO TESTE,37,07/10/2011 00:00,4.97,10018.0,United Kingdom
544636,40105,PRODUTO TESTE,37,03/23/2011 00:00,47.96,10129.0,United Kingdom
539159,52073,PRODUTO TESTE,17,04/30/2011 00:00,44.65,10125.0,United Kingdom
538055,96477,PRODUTO TESTE,37,02/03/2011 00:00,48.17,10016.0,United Kingdom
541258,29925,PRODUTO TESTE,13,01/19/2011 00:00,40.51,10151.0,United Kingdom
544386,71606,PRODUTO TESTE,27,02/16/2011 00:00,15.07,10083.0,United Kingdom
544105,91319,PRODUTO TESTE,11,05/18/2011 00:00,29.29,10157.0,United Kingdom
541140,78052,PRODUTO TESTE,46,03/01/2011 00:00,6.45,10008.0,United Kingdom
537343,88313,PRODUTO TESTE,35,03/26/2011 00:00,37.83,10035.0,United Kingdom
539802,95296,PRODUTO TESTE,27,04/21/2011 00:00,8.11,10098.0,United Kingdom
542427,15399,PRODUTO TESTE,19,04/17/2011 00:00,43.41,10037.0,United Kingdom
541043,31503,PRODUTO TESTE,23,01/05/2011 00:00,12.41,10065.0,United Kingdom
539109,22997,PRODUTO TESTE,37,02/12/2011 00:00,8.44,10132.0,United Kingdom
539083,61055,PRODUTO TESTE,10,12/13/2011 00:00,4.01,10028.0,Germany
536537,46668,PRODUTO TESTE,40,09/01/2011 00:00,35.71,10135.0,United Kingdom
538596,13665,PRODUTO TESTE,10,02/15/2011 00:00,9.72,10020.0,United Kingdom
542024,60181,PRODUTO TESTE,2,04/14/2011 00:00,10.28,10035.0,United Kingdom
538171,19068,PRODUTO TESTE,35,05/20/2011 00:00,8.9,10117.0,United Kingdom
544940,46657,PRODUTO TESTE,33,11/27/2011 00:00,15.64,10158.0,United Kingdom
536741,42992,PRODUTO TESTE,13,11/18/2011 00:00,47.09,10034.0,United Kingdom
541298,90422,PRODUTO TESTE,30,10/09/2011 00:00,24.59,10059.0,United Kingdom
540469,71424,PRODUTO TESTE,35,02/08/2011 00:00,13.41,10185.0,Germany
543499,66177,PRODUTO TESTE,38,06/29/2011 00:00,8.93,10197.0,United Kingdom
543989,84851,PRODUTO TESTE,47,06/26/2011 00:00,1.44,10116.0,United Kingdom
540891,26247,PRODUTO TESTE,41,08/21/2011 00:00,18.57,10089.0,United Kingdom
541671,33076,PRODUTO TESTE,19,11/05/2011 00:00,5.95,10069.0,Germany
542290,77708,PRODUTO TESTE,7,04/28/2011 00:00,1.84,10122.0,France
540688,77416,PRODUTO TESTE,0,07/23/2011 00:00,5.6,10118.0,United Kingdom
537663,11922,PRODUTO TESTE,26,04/07/2011 00:00,16.27,10058.0,France
539857,30185,PRODUTO TESTE,31,03/18/2011 00:00,37.67,10004.0,Germany
538173,30438,PRODUTO TESTE,32,04/25/2011 00:00,3.82,10030.0,United Kingdom
540179,10544,PRODUTO TESTE,-5,09/26/2011 00:00,34.09,10191.0,Germany
541536,69517,PRODUTO TESTE,33,06/09/2011 00:00,31.22,10083.0,United Kingdom
537883,14897,PRODUTO TESTE,38,09/06/2011 00:00,44.16,10096.0,United Kingdom
538244,85722,PRODUTO TESTE,34,09/10/2011 00:00,9.61,10093.0,United Kingdom
543406,62699,PRODUTO TESTE,23,05/13/2011 00:00,39.82,10156.0,United Kingdom
539399,78554,PRODUTO TESTE,-5,12/15/2011 00:00,43.31,10012.0,United Kingdom
537785,54742,PRODUTO TESTE,21,01/17/2011 00:00,48.84,10016.0,United Kingdom
542418,97322,PRODUTO TESTE,30,11/24/2011 00:00,40.52,10055.0,France
542449,34338,PRODUTO TESTE,26,01/03/2011 00:00,6.63,10097.0,United Kingdom
543435,60216,PRODUTO TESTE,26,05/20/2011 00:00,47.38,10134.0,Eire
542839,10589,PRODUTO TESTE,23,10/29/2011 00:00,40.84,10098.0,United Kingdom
544927,84959,PRODUTO TESTE,25,09/07/2011 00:00,11.01,10088.0,United Kingdom
541173,61120,PRODUTO TESTE,12,04/28/2011 00:00,8.68,10187.0,United Kingdom
538581,25831,PRODUTO TESTE,28,11/20/2011 00:00,46.85,10032.0,United Kingdom
543766,83583,PRODUTO TESTE,10,02/20/2011 00:00,8.21,10114.0,United Kingdom
538383,99029,PRODUTO TESTE,22,09/02/2011 00:00,38.97,10108.0,United Kingdom
538619,16168,PRODUTO TESTE,17,07/09/2011 00:00,20.56,10094.0,United Kingdom
543456,86116,PRODUTO TESTE,34,03/17/2011 00:00,36.33,10161.0,United Kingdom
543934,76281,PRODUTO TESTE,44,12/03/2011 00:00,5.05,10053.0,United Kingdom
539054,41897,PRODUTO TESTE,29,10/07/2011 00:00,36.39,10190.0,Germany
542564,67108,PRODUTO TESTE,2,01/04/2011 00:00,25.84,10066.0,United Kingdom
544301,80685,PRODUTO TESTE,31,02/01/2011 00:00,45.07,10109.0,United Kingdom
543188,53141,PRODUTO TESTE,12,01/21/2011 00:00,9.83,10104.0,United Kingdom
536044,69981,PRODUTO TESTE,-3,06/01/2011 00:00,5.91,10169.0,Eire
541981,14350,PRODUTO TESTE,5,06/02/2011 00:00,10.21,10087.0,United Kingdom
537529,93276,PRODUTO TESTE,49,09/22/2011 00:00,4.39,10056.0,United Kingdom
543617,93120,PRODUTO TESTE,18,09/04/2011 00:00,49.02,10004.0,United Kingdom
536603,28923,PRODUTO TESTE,6,01/06/2011 00:00,6.58,10072.0,United Kingdom
544937,52969,PRODUTO TESTE,2,06/23/2011 00:00,10.44,10165.0,United Kingdom
537595,31484,PRODUTO TESTE,30,10/14/2011 00:00,40.58,10001.0,United Kingdom
539781,45964,PRODUTO TESTE,36,11/24/2011 00:00,12.71,10179.0,United Kingdom
538106,34774,PRODUTO TESTE,14,04/17/2011 00:00,11.5,10108.0,United Kingdom
543325,87531,PRODUTO TESTE,0,01/17/2011 00:00,33.78,10028.0,United Kingdom
539541,72527,PRODUTO TESTE,14,02/25/2011 00:00,20.24,10060.0,Eire
542701,86101,PRODUTO TESTE,31,05/05/2011 00:00,41.86,10110.0,United Kingdom
536604,81359,PRODUTO TESTE,1,06/11/2011 00:00,32.09,10063.0,United Kingdom
540075,75452,PRODUTO TESTE,9,05/09/2011 00:00,14.77,10021.0,United Kingdom
544199,24998,PRODUTO TESTE,-5,02/03/2011 00:00,30.1,10133.0,United Kingdom
544342,84641,PRODUTO TESTE,20,05/05/2011 00:00,43.39,10134.0,United Kingdom
537878,80477,PRODUTO TESTE,4,04/16/2011 00:00,18.54,10023.0,United Kingdom
539549,21189,PRODUTO TESTE,5,06/28/2011 00:00,36.96,10056.0,United Kingdom
539682,17897,PRODUTO TESTE,1,01/29/2011 00:00,21.08,10048.0,United Kingdom
541089,78481,PRODUTO TESTE,35,10/16/2011 00:00,27.38,10131.0,United Kingdom
540836,45115,PRODUTO TESTE,21,06/02/2011 00:00,36.82,10146.0,United Kingdom
536953,39522,PRODUTO TESTE,47,04/27/2011 00:00,3.5,10145.0,France
542864,45687,PRODUTO TESTE,16,11/27/2011 00:00,23.02,10187.0,United Kingdom
538031,88073,PRODUTO TESTE,7,09/29/2011 00:00,5.21,10153.0,United Kingdom
538834,42732,PRODUTO TESTE,6,02/19/2011 00:00,36.39,10064.0,United Kingdom
543566,43320,PRODUTO TESTE,47,02/23/2011 00:00,30.59,10021.0,United Kingdom
542206,45934,PRODUTO TESTE,27,01/01/2011 00:00,16.68,10122.0,Germany
539568,14887,PRODUTO TESTE,12,07/24/2011 00:00,4.28,10183.0,United Kingdom
544212,13371,PRODUTO TESTE,30,05/10/2011 00:00,46.33,10195.0,United Kingdom
539546,47293,PRODUTO TESTE,25,05/17/2011 00:00,16.09,10046.0,United Kingdom
541089,11513,PRODUTO TESTE,1,07/05/2011 00:00,14.13,10047.0,United Kingdom
538213,78109,PRODUTO TESTE,33,07/16/2011 00:00,5.5,10007.0,France
537648,48194,PRODUTO TESTE,1,01/01/2011 00:00,29.08,10028.0,United Kingdom
540424,55083,PRODUTO TESTE,5,02/09/2011 00:00,13.65,10110.0,United Kingdom
541067,40245,PRODUTO TESTE,34,10/16/2011 00:00,42.22,10109.0,United Kingdom
543252,78726,PRODUTO TESTE,19,12/15/2011 00:00,34.3,10074.0,United Kingdom
539518,48475,PRODUTO TESTE,7,11/02/2011 00:00,0.69,10061.0,United Kingdom
544056,13174,PRODUTO TESTE,-2,11/27/2011 00:00,28.5,10165.0,United Kingdom
541466,53946,PRODUTO TESTE,27,06/19/2011 00:00,11.98,10092.0,United Kingdom
536631,25944,PRODUTO TESTE,33,10/29/2011 00:00,1.26,10161.0,United Kingdom
542651,63551,PRODUTO TESTE,6,11/19/2011 00:00,31.16,10192.0,United Kingdom
541173,60724,PRODUTO TESTE,17,11/22/2011 00:00,10.64,10063.0,United Kingdom
539504,52711,PRODUTO TESTE,13,02/24/2011 00:00,45.03,10040.0,United Kingdom
540205,44677,PRODUTO TESTE,44,02/23/2011 00:00,28.88,10190.0,United Kingdom
538716,63638,PRODUTO TESTE,38,05/27/2011 00:00,10.85,10126.0,United Kingdom
541528,71215,PRODUTO TESTE,10,07/03/2011 00:00,48.97,10058.0,United Kingdom
541102,89070,PRODUTO TESTE,23,12/16/2011 00:00,27.55,10124.0,Germany
540025,96628,PRODUTO TESTE,45,04/27/2011 00:00,8.69,10103.0,United Kingdom
538566,17482,PRODUTO TESTE,14,10/31/2011 00:00,26.1,10181.0,United Kingdom
539587,69386,PRODUTO TESTE,2,11/20/2011 00:00,47.99,10051.0,United Kingdom
540480,17618,PRODUTO TESTE,11,12/19/2011 00:00,21.5,10198.0,United Kingdom
540246,47562,PRODUTO TESTE,28,03/11/2011 00:00,21.55,10187.0,United Kingdom
538783,76715,PRODUTO TESTE,49,03/30/2011 00:00,23.33,10036.0,United Kingdom
541237,58812,PRODUTO TESTE,11,03/22/2011 00:00,14.37,10032.0,United Kingdom
538038,82700,PRODUTO TESTE,-2,09/26/2011 00:00,8.51,10106.0,France
540508,92153,PRODUTO TESTE,4,09/08/2011 00:00,29.16,10008.0,United Kingdom
537093,97648,PRODUTO TESTE,17,05/29/2011 00:00,44.76,10059.0,United Kingdom
540249,70568,PRODUTO TESTE,0,02/02/2011 00:00,36.92,10087.0,United Kingdom
543055,70605,PRODUTO TESTE,-4,07/10/2011 00:00,5.26,10193.0,Germany
543360,82285,PRODUTO TESTE,31,09/25/2011 00:00,20.34,10198.0,France
542252,30972,PRODUTO TESTE,40,06/23/2011 00:00,0.76,10030.0,United Kingdom
542710,37136,PRODUTO TESTE,7,04/08/2011 00:00,15.74,10178.0,United Kingdom
536593,40713,PRODUTO TESTE,23,08/05/2011 00:00,33.63,10018.0,United Kingdom
539072,76988,PRODUTO TESTE,26,08/30/2011 00:00,14.87,10149.0,United Kingdom
541888,41607,PRODUTO TESTE,31,08/04/2011 00:00,42.11,10169.0,United Kingdom
543205,22548,PRODUTO TESTE,48,11/15/2011 00:00,24.13,10178.0,United Kingdom
541245,81877,PRODUTO TESTE,43,04/25/2011 00:00,33.62,10044.0,United Kingdom
543682,77479,PRODUTO TESTE,12,08/11/2011 00:00,44.25,10178.0,Germany
538457,63476,PRODUTO TESTE,48,11/09/2011 00:00,34.3,10023.0,Germany
537381,89339,PRODUTO TESTE,-4,03/19/2011 00:00,44.92,10103.0,France
536777,81265,PRODUTO TESTE,47,04/13/2011 00:00,40.5,10093.0,United Kingdom
541244,91020,PRODUTO TESTE,2,01/18/2011 00:00,28.57,10063.0,United Kingdom
541986,33378,PRODUTO TESTE,1,05/17/2011 00:00,15.21,10004.0,United Kingdom
538567,20492,PRODUTO TESTE,1,01/17/2011 00:00,15.26,10154.0,United Kingdom
543052,40738,PRODUTO TESTE,1,09/30/2011 00:00,43.83,10067.0,United Kingdom
542652,84688,PRODUTO TESTE,20,02/02/2011 00:00,3.17,10132.0,Eire
539241,93220,PRODUTO TESTE,30,09/10/2011 00:00,47.1,10082.0,United Kingdom
538149,19894,PRODUTO TESTE,35,07/31/2011 00:00,16.69,10074.0,United Kingdom
542680,86994,PRODUTO TESTE,-5,12/27/2011 00:00,37.07,10177.0,United Kingdom
542042,53055,PRODUTO TESTE,11,05/08/2011 00:00,16.84,10018.0,United Kingdom
537537,83616,PRODUTO TESTE,2,05/06/2011 00:00,47.69,10147.0,United Kingdom
538296,71426,PRODUTO TESTE,3,03/30/2011 00:00,2.31,10149.0,United Kingdom
540373,15401,PRODUTO TESTE,36,07/16/2011 00:00,17.99,10075.0,United Kingdom
540600,53581,PRODUTO TESTE,30,03/22/2011 00:00,43.44,10052.0,United Kingdom
537493,18005,PRODUTO TESTE,6,02/11/2011 00:00,14.07,10001.0,United Kingdom
544537,40591,PRODUTO TESTE,11,12/13/2011 00:00,14.14,10187.0,United Kingdom
539497,78179,PRODUTO TESTE,45,09/05/2011 00:00,44.99,10189.0,United Kingdom
539431,71543,PRODUTO TESTE,26,02/13/2011 00:00,41.61,10048.0,United Kingdom
536544,73417,PRODUTO TESTE,8,08/14/2011 00:00,5.74,10006.0,United Kingdom
543881,69478,PRODUTO TESTE,46,04/22/2011 00:00,29.22,10024.0,United Kingdom
538116,11324,PRODUTO TESTE,5,03/07/2011 00:00,11.56,10013.0,United Kingdom
544882,62459,PRODUTO TESTE,11,06/22/2011 00:00,11.15,10166.0,United Kingdom
540464,53650,PRODUTO TESTE,33,10/15/2011 00:00,30.96,10178.0,United Kingdom
543873,57558,PRODUTO TESTE,23,01/01/2011 00:00,6.63,10030.0,France
537612,29150,PRODUTO TESTE,-2,05/10/2011 00:00,23.75,10149.0,United Kingdom
537492,73515,PRODUTO TESTE,39,12/03/2011 00:00,13.16,10035.0,United Kingdom
543210,64678,PRODUTO TESTE,7,05/24/2011 00:00,42.77,10073.0,Eire
543376,46272,PRODUTO TESTE,33,02/06/2011 00:00,27.95,10119.0,United Kingdom
540887,15091,PRODUTO TESTE,13,06/06/2011 00:00,11.15,10143.0,United Kingdom
536289,16189,PRODUTO TESTE,36,09/07/2011 00:00,46.36,10174.0,United Kingdom
544493,42310,PRODUTO TESTE,44,12/30/2011 00:00,41.23,10008.0,United Kingdom
539539,58370,PRODUTO TESTE,37,08/18/2011 00:00,13.63,10039.0,United Kingdom
544423,99719,PRODUTO TESTE,45,01/19/2011 00:00,48.07,10056.0,United Kingdom
543836,75110,PRODUTO TESTE,24,10/23/2011 00:00,13.75,10062.0,United Kingdom
543663,53684,PRODUTO TESTE,-2,10/12/2011 00:00,14.99,10199.0,United Kingdom
542198,36924,PRODUTO TESTE,24,08/26/2011 00:00,19.61,10155.0,United Kingdom
542059,25174,PRODUTO TESTE,20,11/24/2011 00:00,8.66,10064.0,United Kingdom
540794,22667,PRODUTO TESTE,34,10/08/2011 00:00,34.51,10194.0,United Kingdom
536223,16469,PRODUTO TESTE,8,03/26/2011 00:00,28.09,10099.0,United Kingdom
539490,92064,PRODUTO TESTE,33,06/03/2011 00:00,44.78,10100.0,United Kingdom
542574,11428,PRODUTO TESTE,19,07/05/2011 00:00,12.42,10086.0,United Kingdom
543310,87736,PRODUTO TESTE,31,06/28/2011 00:00,8.93,10028.0,United Kingdom
541036,62515,PRODUTO TESTE,18,08/22/2011 00:00,18.25,10186.0,United Kingdom
542386,65658,PRODUTO TESTE,16,09/14/2011 00:00,7.73,10002.0,United Kingdom
536195,96277,PRODUTO TESTE,6,02/07/2011 00:00,47.33,10034.0,United Kingdom
540215,80793,PRODUTO TESTE,40,07/27/2011 00:00,36.01,10045.0,United Kingdom
540569,23241,PRODUTO TESTE,-2,01/15/2011 00:00,39.91,10055.0,United Kingdom
544032,97191,PRODUTO TESTE,7,07/06/2011 00:00,37.53,10026.0,United Kingdom
538799,25846,PRODUTO TESTE,18,06/04/2011 00:00,12.52,10003.0,United Kingdom
538069,61232,PRODUTO TESTE,3,03/17/2011 00:00,7.46,10135.0,United Kingdom
539171,67657,PRODUTO TESTE,45,12/28/2011 00:00,21.76,10193.0,United Kingdom
537533,31976,PRODUTO TESTE,13,04/05/2011 00:00,41.54,10024.0,France
541025,66723,PRODUTO TESTE,8,01/21/2011 00:00,16.86,10059.0,United Kingdom
541785,67492,PRODUTO TESTE,8,05/11/2011 00:00,0.97,10101.0,United Kingdom
543210,98186,PRODUTO TESTE,5,10/04/2011 00:00,33.17,10185.0,United Kingdom
544747,92312,PRODUTO TESTE,31,01/04/2011 00:00,10.4,10138.0,United Kingdom
536662,45972,PRODUTO TESTE,21,06/29/2011 00:00,27.37,10153.0,United Kingdom
538225,72112,PRODUTO TESTE,7,06/02/2011 00:00,1.24,10116.0,United Kingdom
538706,83883,PRODUTO TESTE,43,11/13/2011 00:00,25.69,10083.0,France
538247,12361,PRODUTO TESTE,31,01/02/2011 00:00,19.98,10039.0,United Kingdom
543445,71633,PRODUTO TESTE,17,01/07/2011 00:00,44.08,10172.0,France
537255,92541,PRODUTO TESTE,23,07/26/2011 00:00,36.23,10160.0,United Kingdom
536267,20821,PRODUTO TESTE,31,03/07/2011 00:00,2.28,10005.0,France
543745,77830,PRODUTO TESTE,3,09/14/2011 00:00,39.58,10143.0,United Kingdom
544653,15432,PRODUTO TESTE,39,04/12/2011 00:00,39.67,10016.0,United Kingdom
538037,46164,PRODUTO TESTE,9,07/25/2011 00:00,33.34,10147.0,United Kingdom
538995,83753,PRODUTO TESTE,-4,01/14/2011 00:00,46.5,10165.0,United Kingdom
540528,98873,PRODUTO TESTE,23,09/11/2011 00:00,40.26,10026.0,United Kingdom
540733,75498,PRODUTO TESTE,43,07/09/2011 00:00,11.34,10086.0,United Kingdom
544917,74950,PRODUTO TESTE,35,01/01/2011 00:00,19.39,10024.0,United Kingdom
539637,33323,PRODUTO TESTE,11,04/08/2011 00:00,17.82,10113.0,United Kingdom
536109,84288,PRODUTO TESTE,16,01/22/2011 00:00,25.49,10185.0,United Kingdom
539804,69299,PRODUTO TESTE,27,01/17/2011 00:00,47.71,10016.0,France
541008,94884,PRODUTO TESTE,7,09/12/2011 00:00,30.97,10079.0,United Kingdom
540652,64257,PRODUTO TESTE,40,06/06/2011 00:00,15.99,10194.0,United Kingdom
540610,13562,PRODUTO TESTE,11,10/21/2011 00:00,47.11,10060.0,United Kingdom
544303,55985,PRODUTO TESTE,6,04/05/2011 00:00,35.16,10026.0,United Kingdom
543267,79697,PRODUTO TESTE,0,09/19/2011 00:00,13.67,10097.0,United Kingdom
538265,80913,PRODUTO TESTE,33,08/13/2011 00:00,45.37,10101.0,Eire
539197,44770,PRODUTO TESTE,-4,08/30/2011 00:00,17.54,10132.0,United Kingdom
542008,25391,PRODUTO TESTE,39,10/30/2011 00:00,26.05,10062.0,United Kingdom
539693,88215,PRODUTO TESTE,48,09/16/2011 00:00,24.22,10191.0,United Kingdom
539855,84083,PRODUTO TESTE,1,09/30/2011 00:00,46.22,10104.0,United Kingdom
537511,89099,PRODUTO TESTE,0,09/27/2011 00:00,13.65,10057.0,United Kingdom
538289,70353,PRODUTO TESTE,46,06/13/2011 00:00,17.0,10192.0,United Kingdom
542667,84574,PRODUTO TESTE,1,09/22/2011 00:00,33.18,10184.0,United Kingdom
543586,46251,PRODUTO TESTE,17,11/04/2011 00:00,44.39,10099.0,United Kingdom
543062,80127,PRODUTO TESTE,42,09/27/2011 00:00,6.19,10004.0,United Kingdom
538770,53943,PRODUTO TESTE,2,08/10/2011 00:00,10.89,10119.0,France
537229,81484,PRODUTO TESTE,31,01/28/2011 00:00,47.43,10111.0,United Kingdom
537437,23168,PRODUTO TESTE,16,06/09/2011 00:00,38.98,10029.0,United Kingdom
539541,36689,PRODUTO TESTE,18,01/24/2011 00:00,17.63,10126.0,United Kingdom
540659,29295,PRODUTO TESTE,46,02/07/2011 00:00,18.2,10168.0,United Kingdom
544036,46587,PRODUTO TESTE,30,05/12/2011 00:00,23.74,10021.0,United Kingdom
544089,83304,PRODUTO TESTE,12,06/19/2011 00:00,33.85,10144.0,United Kingdom
536024,20354,PRODUTO TESTE,46,07/12/2011 00:00,28.27,10028.0,United Kingdom
542368,75744,PRODUTO TESTE,26,11/25/2011 00:00,38.92,10149.0,United Kingdom
538688,84752,PRODUTO TESTE,0,10/06/2011 00:00,3.18,10083.0,United Kingdom
537780,70400,PRODUTO TESTE,16,06/04/2011 00:00,41.04,10001.0,United Kingdom
540995,68139,PRODUTO TESTE,8,05/03/2011 00:00,3.37,10193.0,United Kingdom
536305,22458,PRODUTO TESTE,30,09/18/2011 00:00,44.11,10033.0,United Kingdom
539006,65143,PRODUTO TESTE,42,04/11/2011 00:00,2.64,10119.0,United Kingdom
540970,30378,PRODUTO TESTE,-3,11/19/2011 00:00,6.83,10036.0,United Kingdom
538448,32146,PRODUTO TESTE,37,10/13/2011 00:00,9.42,10186.0,United Kingdom
541340,87532,PRODUTO TESTE,45,09/07/2011 00:00,11.54,10147.0,United Kingdom
540140,65352,PRODUTO TESTE,49,04/02/2011 00:00,20.39,10160.0,United Kingdom
543194,99408,PRODUTO TESTE,31,08/15/2011 00:00,32.95,10086.0,France
537633,50909,PRODUTO TESTE,12,10/27/2011 00:00,44.68,10093.0,United Kingdom
536513,42199,PRODUTO TESTE,2,01/27/2011 00:00,26.46,10126.0,United Kingdom
540766,99573,PRODUTO TESTE,46,03/06/2011 00:00,26.86,10156.0,United Kingdom
538312,66024,PRODUTO TESTE,17,07/08/2011 00:00,16.31,10169.0,United Kingdom
542360,87675,PRODUTO TESTE,13,05/12/2011 00:00,40.13,10003.0,United Kingdom
536839,14004,PRODUTO TESTE,35,09/17/2011 00:00,5.97,10132.0,United Kingdom
541177,57337,PRODUTO TESTE,34,05/27/2011 00:00,15.4,10021.0,Eire
544908,83523,PRODUTO TESTE,39,12/30/2011 00:00,5.3,10057.0,United Kingdom
536837,82760,PRODUTO TESTE,43,04/20/2011 00:00,11.1,10165.0,United Kingdom
538716,74350,PRODUTO TESTE,43,05/12/2011 00:00,29.54,10050.0,United Kingdom
543599,24805,PRODUTO TESTE,4,01/02/2011 00:00,6.74,10159.0,United Kingdom
540802,59214,PRODUTO TESTE,4,04/01/2011 00:00,5.48,10092.0,Germany
537574,19125,PRODUTO TESTE,6,03/27/2011 00:00,41.38,10046.0,France
537918,82173,PRODUTO TESTE,29,10/06/2011 00:00,6.36,10066.0,Germany
542883,66757,PRODUTO TESTE,26,05/04/2011 00:00,30.6,10106.0,United Kingdom
543748,27444,PRODUTO TESTE,42,03/16/2011 00:00,17.92,10153.0,United Kingdom
539245,75409,PRODUTO TESTE,41,04/25/2011 00:00,44.87,10121.0,United Kingdom
540264,74738,PRODUTO TESTE,39,07/25/2011 00:00,35.52,10186.0,United Kingdom
543044,14775,PRODUTO TESTE,-1,10/14/2011 00:00,3.44,10173.0,United Kingdom
537592,18028,PRODUTO TESTE,33,12/24/2011 00:00,44.83,10150.0,United Kingdom
537856,28086,PRODUTO TESTE,41,01/18/2011 00:00,20.99,10120.0,United Kingdom
542969,16309,PRODUTO TESTE,49,11/03/2011 00:00,15.26,10057.0,Germany
537679,58353,PRODUTO TESTE,13,05/22/2011 00:00,33.8,10082.0,United Kingdom
542937,89192,PRODUTO TESTE,37,10/23/2011 00:00,36.04,10023.0,Eire
540473,15653,PRODUTO TESTE,17,01/14/2011 00:00,15.51,10074.0,United Kingdom
544910,65307,PRODUTO TESTE,3,08/17/2011 00:00,17.91,10185.0,United Kingdom
536296,48164,PRODUTO TESTE,13,12/06/2011 00:00,8.24,10085.0,United Kingdom
544513,85265,PRODUTO TESTE,8,01/15/2011 00:00,29.88,10022.0,United Kingdom
538027,53386,PRODUTO TESTE,45,10/16/2011 00:00,47.87,10130.0,United Kingdom
536315,70182,PRODUTO TESTE,4,02/11/2011 00:00,21.12,10192.0,United Kingdom
542516,92961,PRODUTO TESTE,2,12/25/2011 00:00,49.81,10173.0,United Kingdom
540792,22255,PRODUTO TESTE,26,09/29/2011 00:00,9.23,10054.0,Germany
543536,38410,PRODUTO TESTE,26,11/29/2011 00:00,39.91,10090.0,United Kingdom
536975,34274,PRODUTO TESTE,25,11/24/2011 00:00,46.44,10106.0,United Kingdom
536727,25179,PRODUTO TESTE,3,04/26/2011 00:00,34.56,10049.0,United Kingdom
541105,68310,PRODUTO TESTE,22,06/01/2011 00:00,5.91,10053.0,United Kingdom
543938,10675,PRODUTO TESTE,46,09/10/2011 00:00,16.66,10047.0,United Kingdom
539651,44736,PRODUTO TESTE,-1,03/05/2011 00:00,4.74,10198.0,United Kingdom
543177,20944,PRODUTO TESTE,38,04/22/2011 00:00,30.29,10149.0,United Kingdom
544155,65371,PRODUTO TESTE,1,02/06/2011 00:00,49.91,10168.0,United Kingdom
543827,77577,PRODUTO TESTE,7,11/21/2011 00:00,19.05,10163.0,United Kingdom
540578,52016,PRODUTO TESTE,44,04/01/2011 00:00,8.57,10191.0,United Kingdom
542285,50042,PRODUTO TESTE,11,05/30/2011 00:00,13.8,10021.0,Eire
540730,50477,PRODUTO TESTE,23,06/15/2011 00:00,28.75,10176.0,United Kingdom
542067,27885,PRODUTO TESTE,15,05/18/2011 00:00,28.66,10013.0,United Kingdom
541103,43800,PRODUTO TESTE,28,10/11/2011 00:00,11.88,10095.0,United Kingdom
540725,93971,PRODUTO TESTE,17,11/30/2011 00:00,37.66,10118.0,United Kingdom
539931,13703,PRODUTO TESTE,19,07/29/2011 00:00,4.86,10071.0,United Kingdom
541875,80877,PRODUTO TESTE,39,11/02/2011 00:00,31.34,10029.0,United Kingdom
542759,24825,PRODUTO TESTE,25,02/10/2011 00:00,21.57,10038.0,United Kingdom
544271,20292,PRODUTO TESTE,26,12/19/2011 00:00,6.8,10164.0,United Kingdom
541519,35703,PRODUTO TESTE,39,02/12/2011 00:00,31.9,10063.0,United Kingdom
536904,34205,PRODUTO TESTE,18,01/25/2011 00:00,33.82,10062.0,France
541287,38457,PRODUTO TESTE,40,01/09/2011 00:00,22.28,10184.0,United Kingdom
538841,86448,PRODUTO TESTE,34,03/30/2011 00:00,40.0,10028.0,United Kingdom
536241,91418,PRODUTO TESTE,43,11/02/2011 00:00,25.71,10183.0,France
536652,72318,PRODUTO TESTE,20,04/20/2011 00:00,14.64,10184.0,United Kingdom
541321,23157,PRODUTO TESTE,25,10/16/2011 00:00,47.7,10119.0,United Kingdom
544503,95098,PRODUTO TESTE,2,06/04/2011 00:00,47.23,10033.0,United Kingdom
540550,86272,PRODUTO TESTE,1,02/07/2011 00:00,5.23,10031.0,United Kingdom
540007,16862,PRODUTO TESTE,0,06/22/2011 00:00,47.33,10056.0,United Kingdom
536797,44857,PRODUTO TESTE,29,03/26/2011 00:00,38.89,10115.0,United Kingdom
542078,79786,PRODUTO TESTE,12,04/17/2011 00:00,5.78,10030.0,United Kingdom
536499,18024,PRODUTO TESTE,10,07/08/2011 00:00,26.21,10091.0,United Kingdom
543570,16876,PRODUTO TESTE,28,10/16/2011 00:00,2.23,10023.0,United Kingdom
543347,64537,PRODUTO TESTE,16,08/03/2011 00:00,29.65,10108.0,United Kingdom
544919,40299,PRODUTO TESTE,2,03/23/2011 00:00,46.69,10004.0,United Kingdom
538558,49746,PRODUTO TESTE,25,09/19/2011 00:00,18.73,10141.0,Eire
537456,77559,PRODUTO TESTE,25,09/12/2011 00:00,25.68,10011.0,United Kingdom
538695,59035,PRODUTO TESTE,2,03/28/2011 00:00,11.76,10038.0,United Kingdom
543195,73990,PRODUTO TESTE,9,11/07/2011 00:00,27.28,10034.0,United Kingdom
537969,21345,PRODUTO TESTE,8,11/04/2011 00:00,40.23,10166.0,United Kingdom
543986,10190,PRODUTO TESTE,33,08/09/2011 00:00,11.16,10010.0,United Kingdom
537387,32650,PRODUTO TESTE,8,04/19/2011 00:00,27.9,10085.0,Eire
536439,28174,PRODUTO TESTE,-4,05/10/2011 00:00,18.05,10118.0,United Kingdom
537974,39162,PRODUTO TESTE,9,06/10/2011 00:00,37.52,10103.0,United Kingdom
542786,80070,PRODUTO TESTE,20,03/10/2011 00:00,35.25,10136.0,United Kingdom
541420,23677,PRODUTO TESTE,37,04/22/2011 00:00,35.09,10160.0,United Kingdom
539192,21353,PRODUTO TESTE,-3,02/19/2011 00:00,19.2,10078.0,United Kingdom
541904,28066,PRODUTO TESTE,43,02/26/2011 00:00,30.16,10165.0,United Kingdom
541837,39373,PRODUTO TESTE,13,09/29/2011 00:00,32.73,10063.0,United Kingdom
540992,27754,PRODUTO TESTE,13,02/16/2011 00:00,34.2,10196.0,United Kingdom
540626,26549,PRODUTO TESTE,-5,06/21/2011 00:00,28.98,10100.0,Germany
536913,62163,PRODUTO TESTE,10,06/06/2011 00:00,43.41,10147.0,United Kingdom
538337,20030,PRODUTO TESTE,20,01/17/2011 00:00,12.82,10175.0,United Kingdom
540749,23856,PRODUTO TESTE,29,10/31/2011 00:00,3.26,10158.0,United Kingdom
537216,85295,PRODUTO TESTE,37,12/26/2011 00:00,48.14,10170.0,United Kingdom
540282,11638,PRODUTO TESTE,23,08/22/2011 00:00,3.51,10107.0,France
537052,15520,PRODUTO TESTE,0,09/03/2011 00:00,45.2,10008.0,United Kingdom
543085,16250,PRODUTO TESTE,16,03/26/2011 00:00,30.81,10098.0,United Kingdom
536929,58243,PRODUTO TESTE,35,11/05/2011 00:00,45.98,10036.0,United Kingdom
536832,72529,PRODUTO TESTE,30,10/14/2011 00:00,28.47,10177.0,France
541740,72339,PRODUTO TESTE,27,06/09/2011 00:00,41.14,10047.0,United Kingdom
537984,72107,PRODUTO TESTE,22,09/15/2011 00:00,36.2,10045.0,United Kingdom
539162,15183,PRODUTO TESTE,22,12/15/2011 00:00,26.49,10049.0,United Kingdom
538828,41008,PRODUTO TESTE,49,08/09/2011 00:00,18.48,10128.0,United Kingdom
537949,67007,PRODUTO TESTE,27,03/14/2011 00:00,0.64,10114.0,Germany
542856,71384,PRODUTO TESTE,27,05/01/2011 00:00,12.92,10189.0,United Kingdom
542226,40065,PRODUTO TESTE,13,03/09/2011 00:00,47.61,10083.0,United Kingdom
538148,86205,PRODUTO TESTE,21,05/02/2011 00:00,14.14,10056.0,United Kingdom
542181,85018,PRODUTO TESTE,34,11/21/2011 00:00,37.72,10009.0,Germany
542421,78905,PRODUTO TESTE,42,03/11/2011 00:00,25.67,10001.0,United Kingdom
540852,81788,PRODUTO TESTE,37,11/22/2011 00:00,15.77,10074.0,United Kingdom
541205,97763,PRODUTO TESTE,31,04/15/2011 00:00,49.56,10185.0,Eire
544414,81450,PRODUTO TESTE,37,07/02/2011 00:00,2.83,10104.0,United Kingdom
540084,62690,PRODUTO TESTE,-4,07/12/2011 00:00,29.31,10178.0,Germany
539468,45879,PRODUTO TESTE,9,02/15/2011 00:00,23.35,10020.0,United Kingdom
540851,42581,PRODUTO TESTE,8,03/09/2011 00:00,4.29,10018.0,United Kingdom
543522,84028,PRODUTO TESTE,30,04/22/2011 00:00,11.1,10166.0,United Kingdom
542386,36630,PRODUTO TESTE,36,01/22/2011 00:00,34.86,10021.0,United Kingdom
536676,66697,PRODUTO TESTE,3,10/03/2011 00:00,5.86,10010.0,United Kingdom
540133,55244,PRODUTO TESTE,5,07/19/2011 00:00,40.15,10080.0,United Kingdom
542658,44081,PRODUTO TESTE,22,11/05/2011 00:00,31.44,10184.0,France
538015,50571,PRODUTO TESTE,48,11/12/2011 00:00,5.49,10137.0,United Kingdom
544896,17260,PRODUTO TESTE,-5,05/07/2011 00:00,14.7,10019.0,United Kingdom
543272,73850,PRODUTO TESTE,43,10/26/2011 00:00,7.29,10167.0,United Kingdom
543619,16013,PRODUTO TESTE,5,01/23/2011 00:00,39.98,10168.0,United Kingdom
536735,16641,PRODUTO TESTE,9,06/06/2011 00:00,26.88,10160.0,United Kingdom
541216,32625,PRODUTO TESTE,29,08/31/2011 00:00,0.64,10180.0,United Kingdom
540750,57819,PRODUTO TESTE,35,06/20/2011 00:00,27.37,10047.0,United Kingdom
541640,36962,PRODUTO TESTE,43,09/27/2011 00:00,24.4,10195.0,United Kingdom
543652,89220,PRODUTO TESTE,-5,11/10/2011 00:00,32.33,10064.0,United Kingdom
539179,93476,PRODUTO TESTE,-3,06/04/2011 00:00,2.22,10160.0,United Kingdom
540805,45395,PRODUTO TESTE,21,04/11/2011 00:00,2.25,10115.0,France
542115,99993,PRODUTO TESTE,25,08/01/2011 00:00,17.79,10155.0,United Kingdom
542778,18011,PRODUTO TESTE,9,11/13/2011 00:00,34.58,10125.0,United Kingdom
542933,22930,PRODUTO TESTE,30,12/27/2011 00:00,33.49,10128.0,United Kingdom
539032,41262,PRODUTO TESTE,9,10/25/2011 00:00,14.27,10123.0,United Kingdom
544984,94848,PRODUTO TESTE,46,03/31/2011 00:00,11.2,10155.0,United Kingdom
536086,55324,PRODUTO TESTE,4,03/16/2011 00:00,34.31,10147.0,Germany
540432,73587,PRODUTO TESTE,31,07/29/2011 00:00,1.84,10026.0,France
541478,68741,PRODUTO TESTE,24,05/27/2011 00:00,28.06,10165.0,United Kingdom
536551,54874,PRODUTO TESTE,0,08/12/2011 00:00,21.49,10107.0,United Kingdom
540060,93851,PRODUTO TESTE,28,12/04/2011 00:00,12.33,10064.0,United Kingdom
541362,95920,PRODUTO TESTE,3,07/20/2011 00:00,26.25,10102.0,United Kingdom
541468,50333,PRODUTO TESTE,24,05/10/2011 00:00,11.25,10193.0,United Kingdom
537071,74231,PRODUTO TESTE,29,11/14/2011 00:00,28.43,10171.0,United Kingdom
538497,66153,PRODUTO TESTE,-2,06/10/2011 00:00,7.87,10166.0,United Kingdom
538202,63428,PRODUTO TESTE,6,08/09/2011 00:00,20.58,10092.0,United Kingdom
541759,19138,PRODUTO TESTE,11,02/19/2011 00:00,25.77,10156.0,United Kingdom
538959,28857,PRODUTO TESTE,46,07/05/2011 00:00,2.07,10077.0,United Kingdom
541143,99102,PRODUTO TESTE,7,06/05/2011 00:00,30.73,10137.0,United Kingdom
542579,31999,PRODUTO TESTE,45,02/14/2011 00:00,37.64,10127.0,United Kingdom
543175,68656,PRODUTO TESTE,24,03/19/2011 00:00,47.83,10049.0,United Kingdom
537654,92034,PRODUTO TESTE,47,09/14/2011 00:00,10.55,10053.0,United Kingdom
544131,64219,PRODUTO TESTE,40,03/07/2011 00:00,10.83,10012.0,United Kingdom
537491,29353,PRODUTO TESTE,11,02/18/2011 00:00,15.59,10027.0,United Kingdom
536196,87368,PRODUTO TESTE,25,01/22/2011 00:00,44.59,10086.0,United Kingdom
536404,12907,PRODUTO TESTE,34,01/10/2011 00:00,20.64,10095.0,United Kingdom
537809,75079,PRODUTO TESTE,-1,06/08/2011 00:00,15.44,10033.0,United Kingdom
543859,33960,PRODUTO TESTE,31,06/28/2011 00:00,37.19,10083.0,United Kingdom
537870,67624,PRODUTO TESTE,20,08/16/2011 00:00,2.38,10120.0,United Kingdom
542241,53249,PRODUTO TESTE,-4,07/28/2011 00:00,27.67,10046.0,United Kingdom
539766,61217,PRODUTO TESTE,42,07/15/2011 00:00,22.78,10067.0,United Kingdom
536359,44376,PRODUTO TESTE,9,12/31/2011 00:00,31.43,10073.0,United Kingdom
539997,57602,PRODUTO TESTE,43,04/02/2011 00:00,36.69,10101.0,United Kingdom
536254,94221,PRODUTO TESTE,6,09/17/2011 00:00,16.59,10073.0,United Kingdom
540285,84375,PRODUTO TESTE,24,01/30/2011 00:00,32.0,10147.0,United Kingdom
541028,47671,PRODUTO TESTE,15,11/06/2011 00:00,26.45,10065.0,United Kingdom
540692,94714,PRODUTO TESTE,44,05/13/2011 00:00,7.13,10086.0,United Kingdom
538542,90013,PRODUTO TESTE,47,05/07/2011 00:00,44.15,10075.0,United Kingdom
542899,66458,PRODUTO TESTE,37,02/19/2011 00:00,37.85,10036.0,United Kingdom
541370,63519,PRODUTO TESTE,41,07/05/2011 00:00,46.12,10137.0,United Kingdom
538293,13205,PRODUTO TESTE,37,05/26/2011 00:00,36.16,10047.0,United Kingdom
539911,57170,PRODUTO TESTE,11,12/22/2011 00:00,12.62,10059.0,United Kingdom
536976,29138,PRODUTO TESTE,45,03/06/2011 00:00,21.81,10158.0,United Kingdom
544309,24417,PRODUTO TESTE,24,06/02/2011 00:00,19.65,10189.0,United Kingdom
542777,87250,PRODUTO TESTE,13,11/25/2011 00:00,2.27,10134.0,United Kingdom
538590,34392,PRODUTO TESTE,5,10/22/2011 00:00,20.82,10183.0,United Kingdom
542074,65390,PRODUTO TESTE,34,10/07/2011 00:00,17.61,10170.0,United Kingdom
542112,88044,PRODUTO TESTE,10,07/11/2011 00:00,0.69,10096.0,United Kingdom
541487,63807,PRODUTO TESTE,30,11/15/2011 00:00,42.43,10154.0,United Kingdom
536486,80195,PRODUTO TESTE,-2,03/23/2011 00:00,7.62,10065.0,United Kingdom
543906,79757,PRODUTO TESTE,29,10/23/2011 00:00,25.3,10092.0,United Kingdom
544602,50267,PRODUTO TESTE,30,07/31/2011 00:00,39.34,10107.0,United Kingdom
544767,92958,PRODUTO TESTE,23,05/08/2011 00:00,30.42,10192.0,United Kingdom
544826,91811,PRODUTO TESTE,31,03/21/2011 00:00,8.88,10169.0,United Kingdom
544359,40395,PRODUTO TESTE,49,07/10/2011 00:00,31.1,10097.0,Germany
542651,83725,PRODUTO TESTE,41,01/02/2011 00:00,38.0,10130.0,United Kingdom
536511,26473,PRODUTO TESTE,19,09/18/2011 00:00,42.81,10040.0,United Kingdom
540186,20087,PRODUTO TESTE,42,03/28/2011 00:00,16.27,10160.0,United Kingdom
538206,57701,PRODUTO TESTE,47,05/23/2011 00:00,2.18,10110.0,United Kingdom
537979,64533,PRODUTO TESTE,3,03/12/2011 00:00,30.59,10106.0,United Kingdom
543475,62518,PRODUTO TESTE,14,06/19/2011 00:00,11.68,10153.0,France
543312,81895,PRODUTO TESTE,35,05/16/2011 00:00,39.15,10126.0,United Kingdom
540698,45182,PRODUTO TESTE,23,03/10/2011 00:00,34.15,10014.0,United Kingdom
542627,82750,PRODUTO TESTE,2,11/21/2011 00:00,38.77,10057.0,United Kingdom
537164,91189,PRODUTO TESTE,20,10/05/2011 00:00,48.39,10035.0,United Kingdom
537997,18220,PRODUTO TESTE,15,05/22/2011 00:00,29.44,10146.0,United Kingdom
543744,50428,PRODUTO TESTE,35,01/22/2011 00:00,45.26,10007.0,United Kingdom
540060,30214,PRODUTO TESTE,23,11/05/2011 00:00,32.27,10040.0,United Kingdom
540919,69082,PRODUTO TESTE,2,09/12/2011 00:00,9.5,10119.0,United Kingdom
540165,47173,PRODUTO TESTE,-3,07/22/2011 00:00,40.07,10138.0,United Kingdom
537819,35344,PRODUTO TESTE,10,08/09/2011 00:00,34.84,10100.0,United Kingdom
543437,32646,PRODUTO TESTE,3,01/03/2011 00:00,48.91,10172.0,Germany
542824,41926,PRODUTO TESTE,43,06/22/2011 00:00,12.55,10183.0,United Kingdom
542154,19804,PRODUTO TESTE,9,03/10/2011 00:00,16.99,10026.0,United Kingdom
539178,19411,PRODUTO TESTE,29,08/26/2011 00:00,41.16,10190.0,United Kingdom
541788,66591,PRODUTO TESTE,2,12/06/2011 00:00,3.61,10122.0,Germany
544579,94850,PRODUTO TESTE,19,07/13/2011 00:00,31.84,10127.0,United Kingdom
541848,55672,PRODUTO TESTE,46,08/09/2011 00:00,27.01,10019.0,United Kingdom
540448,93461,PRODUTO TESTE,30,09/01/2011 00:00,8.86,10124.0,United Kingdom
538434,23948,PRODUTO TESTE,10,12/06/2011 00:00,8.67,10145.0,Germany
540705,97590,PRODUTO TESTE,36,01/14/2011 00:00,40.6,10116.0,United Kingdom
539345,62773,PRODUTO TESTE,22,04/24/2011 00:00,1.26,10016.0,United Kingdom
541501,76934,PRODUTO TESTE,7,04/08/2011 00:00,37.47,10104.0,United Kingdom
536410,15581,PRODUTO TESTE,49,09/19/2011 00:00,36.77,10187.0,United Kingdom
537711,64365,PRODUTO TESTE,46,06/13/2011 00:00,32.66,10144.0,Germany
543082,44473,PRODUTO TESTE,26,10/09/2011 00:00,20.77,10027.0,United Kingdom
539426,90862,PRODUTO TESTE,-4,06/22/2011 00:00,1.9,10191.0,United Kingdom
539896,81325,PRODUTO TESTE,17,12/23/2011 00:00,40.19,10191.0,United Kingdom
540895,87779,PRODUTO TESTE,23,10/07/2011 00:00,6.72,10033.0,United Kingdom
539944,90103,PRODUTO TESTE,46,01/07/2011 00:00,14.4,10160.0,United Kingdom
542827,74859,PRODUTO TESTE,35,12/27/2011 00:00,47.37,10081.0,United Kingdom
538208,32070,PRODUTO TESTE,7,12/14/2011 00:00,15.44,10118.0,United Kingdom
542825,35461,PRODUTO TESTE,23,01/16/2011 00:00,13.13,10089.0,United Kingdom
537884,87354,PRODUTO TESTE,4,05/23/2011 00:00,48.68,10156.0,Germany
539335,64141,PRODUTO TESTE,21,12/21/2011 00:00,4.75,10199.0,United Kingdom
541290,90257,PRODUTO TESTE,24,11/02/2011 00:00,8.45,10159.0,United Kingdom
543973,81551,PRODUTO TESTE,23,06/20/2011 00:00,22.2,10186.0,United Kingdom
538092,64618,PRODUTO TESTE,18,07/18/2011 00:00,39.49,10189.0,Germany
541286,23721,PRODUTO TESTE,19,01/11/2011 00:00,44.28,10018.0,United Kingdom
536577,98395,PRODUTO TESTE,38,07/26/2011 00:00,37.9,10050.0,United Kingdom
536678,31870,PRODUTO TESTE,22,09/01/2011 00:00,48.82,10144.0,United Kingdom
542907,32155,PRODUTO TESTE,-3,05/12/2011 00:00,1.33,10118.0,Germany
542470,23145,PRODUTO TESTE,35,04/22/2011 00:00,31.17,10010.0,Germany
539388,16207,PRODUTO TESTE,28,10/30/2011 00:00,6.26,10019.0,United Kingdom
541606,43752,PRODUTO TESTE,33,06/13/2011 00:00,45.56,10104.0,United Kingdom
539422,85909,PRODUTO TESTE,34,04/07/2011 00:00,46.8,10123.0,United Kingdom
538495,87921,PRODUTO TESTE,4,05/17/2011 00:00,15.5,10033.0,United Kingdom
539881,54183,PRODUTO TESTE,48,06/29/2011 00:00,41.47,10034.0,United Kingdom
538806,38319,PRODUTO TESTE,49,04/05/2011 00:00,31.7,10025.0,United Kingdom
543335,41180,PRODUTO TESTE,3,07/24/2011 00:00,5.47,10112.0,United Kingdom
539705,92700,PRODUTO TESTE,7,11/11/2011 00:00,30.34,10001.0,Germany
538887,14970,PRODUTO TESTE,8,09/29/2011 00:00,48.81,10114.0,United Kingdom
540825,15170,PRODUTO TESTE,48,03/26/2011 00:00,15.75,10095.0,United Kingdom
542822,15816,PRODUTO TESTE,46,06/22/2011 00:00,0.56,10093.0,United Kingdom
538462,89912,PRODUTO TESTE,9,07/18/2011 00:00,48.85,10135.0,United Kingdom
544455,18164,PRODUTO TESTE,29,09/06/2011 00:00,20.99,10104.0,United Kingdom
540171,94737,PRODUTO TESTE,8,10/04/2011 00:00,21.83,10145.0,Eire
541947,26527,PRODUTO TESTE,-3,06/27/2011 00:00,35.77,10152.0,United Kingdom
544615,59350,PRODUTO TESTE,7,04/25/2011 00:00,30.42,10184.0,United Kingdom
539885,97335,PRODUTO TESTE,-1,08/29/2011 00:00,15.45,10159.0,United Kingdom
537798,20428,PRODUTO TESTE,41,02/15/2011 00:00,5.45,10103.0,United Kingdom
542730,35326,PRODUTO TESTE,38,09/04/2011 00:00,41.45,10098.0,Eire
536059,75479,PRODUTO TESTE,5,11/24/2011 00:00,24.43,10047.0,United Kingdom
540121,83533,PRODUTO TESTE,26,09/16/2011 00:00,33.79,10119.0,United Kingdom
544819,91658,PRODUTO TESTE,6,06/08/2011 00:00,43.09,10027.0,United Kingdom
539729,11747,PRODUTO TESTE,26,10/28/2011 00:00,1.38,10186.0,United Kingdom
542156,79930,PRODUTO TESTE,44,07/14/2011 00:00,43.04,10169.0,United Kingdom
540727,38963,PRODUTO TESTE,43,07/17/2011 00:00,37.71,10023.0,Germany
537932,60195,PRODUTO TESTE,40,11/08/2011 00:00,47.37,10157.0,United Kingdom
538859,91556,PRODUTO TESTE,8,03/12/2011 00:00,12.06,10023.0,Germany
540711,91199,PRODUTO TESTE,5,10/12/2011 00:00,16.46,10144.0,United Kingdom
536938,26653,PRODUTO TESTE,3,09/06/2011 00:00,33.24,10017.0,United Kingdom
539734,52359,PRODUTO TESTE,1,07/13/2011 00:00,46.33,10097.0,Germany
539733,35561,PRODUTO TESTE,28,01/29/2011 00:00,49.64,10131.0,United Kingdom
543514,65336,PRODUTO TESTE,31,10/07/2011 00:00,21.13,10145.0,United Kingdom
537114,84385,PRODUTO TESTE,43,03/21/2011 00:00,27.19,10083.0,Germany
543584,38614,PRODUTO TESTE,-1,11/23/2011 00:00,8.94,10184.0,United Kingdom
539693,20925,PRODUTO TESTE,9,10/17/2011 00:00,34.85,10154.0,Germany
541862,15788,PRODUTO TESTE,35,05/13/2011 00:00,41.95,10041.0,United Kingdom
541012,14786,PRODUTO TESTE,32,06/08/2011 00:00,40.03,10134.0,France
538698,42977,PRODUTO TESTE,18,01/10/2011 00:00,17.62,10146.0,United Kingdom
544376,96936,PRODUTO TESTE,3,07/01/2011 00:00,48.18,10066.0,United Kingdom
538020,32656,PRODUTO TESTE,21,01/22/2011 00:00,6.46,10147.0,France
536326,46430,PRODUTO TESTE,4,12/27/2011 00:00,24.95,10179.0,United Kingdom
542751,70749,PRODUTO TESTE,24,08/22/2011 00:00,27.95,10163.0,United Kingdom
541593,69207,PRODUTO TESTE,44,03/27/2011 00:00,27.06,10152.0,United Kingdom
544014,34303,PRODUTO TESTE,5,10/21/2011 00:00,38.02,10126.0,United Kingdom
540119,21440,PRODUTO TESTE,1,01/08/2011 00:00,30.68,10054.0,Germany
536151,24090,PRODUTO TESTE,35,07/20/2011 00:00,4.32,10159.0,United Kingdom
536182,29815,PRODUTO TESTE,-4,02/10/2011 00:00,9.4,10072.0,United Kingdom
539899,17754,PRODUTO TESTE,49,01/20/2011 00:00,26.85,10106.0,United Kingdom
538245,51397,PRODUTO TESTE,37,03/31/2011 00:00,34.88,10062.0,France
544299,68119,PRODUTO TESTE,17,04/18/2011 00:00,25.95,10062.0,Eire
537066,70763,PRODUTO TESTE,14,09/22/2011 00:00,18.1,10031.0,Eire
543927,91811,PRODUTO TESTE,16,11/22/2011 00:00,3.03,10192.0,United Kingdom
537951,36392,PRODUTO TESTE,16,10/11/2011 00:00,39.4,10029.0,United Kingdom
537074,68930,PRODUTO TESTE,41,09/28/2011 00:00,25.11,10017.0,United Kingdom
538471,89616,PRODUTO TESTE,38,07/26/2011 00:00,27.17,10187.0,United Kingdom
537297,12554,PRODUTO TESTE,6,05/16/2011 00:00,23.71,10111.0,United Kingdom
539611,80302,PRODUTO TESTE,4,04/04/2011 00:00,13.63,10087.0,United Kingdom
538974,17934,PRODUTO TESTE,24,12/12/2011 00:00,14.18,10147.0,United Kingdom
540761,59639,PRODUTO TESTE,30,07/10/2011 00:00,3.64,10076.0,United Kingdom
540833,84766,PRODUTO TESTE,34,07/25/2011 00:00,35.53,10025.0,United Kingdom
536008,51328,PRODUTO TESTE,12,01/06/2011 00:00,13.96,10145.0,United Kingdom
537123,60377,PRODUTO TESTE,21,06/17/2011 00:00,15.28,10035.0,United Kingdom
537456,65758,PRODUTO TESTE,0,09/06/2011 00:00,49.68,10110.0,France
537752,62007,PRODUTO TESTE,20,06/30/2011 00:00,19.6,10189.0,United Kingdom
536842,75848,PRODUTO TESTE,32,08/13/2011 00:00,25.78,10187.0,France
538831,87325,PRODUTO TESTE,11,10/23/2011 00:00,19.63,10072.0,United Kingdom
540947,22145,PRODUTO TESTE,12,01/08/2011 00:00,14.86,10156.0,United Kingdom
538780,47428,PRODUTO TESTE,20,11/27/2011 00:00,0.79,10122.0,United Kingdom
538961,86736,PRODUTO TESTE,42,10/26/2011 00:00,42.82,10095.0,United Kingdom
540225,44323,PRODUTO TESTE,28,06/03/2011 00:00,23.92,10027.0,United Kingdom
540935,54045,PRODUTO TESTE,45,10/06/2011 00:00,36.13,10075.0,United Kingdom
538978,76795,PRODUTO TESTE,-2,01/25/2011 00:00,47.95,10130.0,United Kingdom
537996,94180,PRODUTO TESTE,41,04/23/2011 00:00,0.64,10197.0,Germany
539684,32643,PRODUTO TESTE,-3,02/09/2011 00:00,33.91,10000.0,United Kingdom
536218,95997,PRODUTO TESTE,12,08/20/2011 00:00,6.37,10143.0,United Kingdom
540433,73877,PRODUTO TESTE,18,11/09/2011 00:00,23.17,10169.0,United Kingdom
544472,12764,PRODUTO TESTE,8,08/08/2011 00:00,42.42,10190.0,United Kingdom
539581,87541,PRODUTO TESTE,49,09/17/2011 00:00,4.04,10084.0,United Kingdom
536974,44602,PRODUTO TESTE,44,02/22/2011 00:00,49.49,10023.0,United Kingdom
542363,35397,PRODUTO TESTE,26,12/07/2011 00:00,29.25,10054.0,United Kingdom
537141,57359,PRODUTO TESTE,19,03/12/2011 00:00,20.05,10170.0,United Kingdom
537742,61858,PRODUTO TESTE,36,07/12/2011 00:00,1.47,10175.0,Eire
537318,58563,PRODUTO TESTE,33,09/07/2011 00:00,29.55,10127.0,Eire
543952,14971,PRODUTO TESTE,21,11/09/2011 00:00,25.0,10024.0,United Kingdom
544831,84014,PRODUTO TESTE,40,12/07/2011 00:00,11.16,10024.0,Germany
541126,40757,PRODUTO TESTE,5,08/07/2011 00:00,24.78,10095.0,United Kingdom
541558,22699,PRODUTO TESTE,10,07/30/2011 00:00,1.13,10117.0,United Kingdom
541809,60922,PRODUTO TESTE,-5,06/02/2011 00:00,49.97,10006.0,Germany
541492,66022,PRODUTO TESTE,1,07/27/2011 00:00,16.94,10137.0,United Kingdom
540896,19316,PRODUTO TESTE,5,09/04/2011 00:00,24.27,10108.0,United Kingdom
544880,94832,PRODUTO TESTE,29,08/25/2011 00:00,39.35,10002.0,United Kingdom
542598,64054,PRODUTO TESTE,42,08/05/2011 00:00,35.78,10019.0,United Kingdom
536795,99701,PRODUTO TESTE,27,06/10/2011 00:00,44.48,10090.0,United Kingdom
539527,70341,PRODUTO TESTE,19,03/13/2011 00:00,47.1,10144.0,United Kingdom
544770,10907,PRODUTO TESTE,9,01/20/2011 00:00,9.86,10165.0,United Kingdom
539632,28754,PRODUTO TESTE,0,06/03/2011 00:00,19.82,10086.0,United Kingdom
537836,97530,PRODUTO TESTE,27,05/25/2011 00:00,34.5,10059.0,United Kingdom
543816,60365,PRODUTO TESTE,2,08/10/2011 00:00,2.73,10193.0,United Kingdom
541607,20998,PRODUTO TESTE,38,11/25/2011 00:00,35.99,10091.0,Germany
541063,16684,PRODUTO TESTE,17,09/14/2011 00:00,0.74,10063.0,United Kingdom
539780,58325,PRODUTO TESTE,14,10/21/2011 00:00,45.75,10088.0,United Kingdom
537119,63471,PRODUTO TESTE,-4,07/31/2011 00:00,36.05,10002.0,United Kingdom
539455,32173,PRODUTO TESTE,8,12/05/2011 00:00,28.49,10060.0,United Kingdom
539937,27539,PRODUTO TESTE,-5,12/09/2011 00:00,21.73,10103.0,United Kingdom
544381,64574,PRODUTO TESTE,34,02/25/2011 00:00,49.41,10183.0,United Kingdom
538765,49199,PRODUTO TESTE,21,08/22/2011 00:00,36.96,10147.0,United Kingdom
537343,13332,PRODUTO TESTE,38,07/04/2011 00:00,40.46,10156.0,United Kingdom
539847,15189,PRODUTO TESTE,26,12/21/2011 00:00,41.36,10108.0,United Kingdom
544973,31449,PRODUTO TESTE,47,08/02/2011 00:00,1.58,10022.0,United Kingdom
540339,60766,PRODUTO TESTE,38,01/06/2011 00:00,3.21,10078.0,United Kingdom
539412,37051,PRODUTO TESTE,3,03/18/2011 00:00,10.32,10199.0,United Kingdom
542001,11346,PRODUTO TESTE,1,02/17/2011 00:00,32.93,10008.0,United Kingdom
541838,92403,PRODUTO TESTE,43,03/15/2011 00:00,31.39,10175.0,United Kingdom
538693,72409,PRODUTO TESTE,9,02/04/2011 00:00,16.6,10136.0,United Kingdom
544711,62526,PRODUTO TESTE,37,10/13/2011 00:00,48.66,10056.0,United Kingdom
541336,31982,PRODUTO TESTE,29,06/30/2011 00:00,5.11,10155.0,United Kingdom
536518,73738,PRODUTO TESTE,33,09/03/2011 00:00,38.95,10167.0,United Kingdom
539668,95162,PRODUTO TESTE,9,12/31/2011 00:00,24.3,10008.0,United Kingdom
544305,70840,PRODUTO TESTE,12,08/25/2011 00:00,21.23,10021.0,United Kingdom
539540,36615,PRODUTO TESTE,25,06/24/2011 00:00,1.77,10133.0,United Kingdom
541110,45305,PRODUTO TESTE,-4,04/08/2011 00:00,36.53,10199.0,United Kingdom
541513,93620,PRODUTO TESTE,12,10/03/2011 00:00,38.69,10004.0,United Kingdom
542339,11261,PRODUTO TESTE,22,07/04/2011 00:00,16.29,10133.0,United Kingdom
543850,29915,PRODUTO TESTE,6,10/04/2011 00:00,26.09,10027.0,United Kingdom
537342,19631,PRODUTO TESTE,10,01/09/2011 00:00,30.52,10130.0,United Kingdom
540650,67708,PRODUTO TESTE,49,03/01/2011 00:00,18.7,10124.0,United Kingdom
540800,51292,PRODUTO TESTE,10,02/17/2011 00:00,30.97,10018.0,United Kingdom
537371,21986,PRODUTO TESTE,44,09/06/2011 00:00,21.99,10136.0,United Kingdom
542061,94715,PRODUTO TESTE,45,07/09/2011 00:00,43.96,10179.0,United Kingdom
537063,59654,PRODUTO TESTE,32,04/26/2011 00:00,36.07,10172.0,United Kingdom
540106,32387,PRODUTO TESTE,3,04/24/2011 00:00,5.97,10005.0,United Kingdom
538972,95125,PRODUTO TESTE,6,08/10/2011 00:00,40.08,10049.0,United Kingdom
537394,72847,PRODUTO TESTE,46,12/19/2011 00:00,17.21,10048.0,United Kingdom
543400,21688,PRODUTO TESTE,-5,12/30/2011 00:00,46.81,10090.0,United Kingdom
538197,84392,PRODUTO TESTE,22,06/22/2011 00:00,30.37,10028.0,United Kingdom
538297,15311,PRODUTO TESTE,27,09/02/2011 00:00,1.87,10170.0,United Kingdom
543689,91609,PRODUTO TESTE,41,01/31/2011 00:00,36.85,10155.0,United Kingdom
543896,45410,PRODUTO TESTE,44,12/12/2011 00:00,6.97,10161.0,Germany
536310,36413,PRODUTO TESTE,10,01/07/2011 00:00,43.92,10039.0,United Kingdom
538500,14814,PRODUTO TESTE,22,05/05/2011 00:00,47.44,10002.0,United Kingdom
542379,93814,PRODUTO TESTE,29,09/22/2011 00:00,34.92,10182.0,United Kingdom
543003,60366,PRODUTO TESTE,48,12/20/2011 00:00,26.88,10057.0,United Kingdom
544994,64717,PRODUTO TESTE,25,03/04/2011 00:00,30.3,10131.0,United Kingdom
540991,86532,PRODUTO TESTE,1,08/30/2011 00:00,21.73,10181.0,United Kingdom
536067,55756,PRODUTO TESTE,45,03/10/2011 00:00,4.64,10007.0,United Kingdom
543862,36087,PRODUTO TESTE,23,01/19/2011 00:00,46.48,10001.0,United Kingdom
537449,80054,PRODUTO TESTE,4,06/04/2011 00:00,16.79,10001.0,Germany
537087,57716,PRODUTO TESTE,5,07/30/2011 00:00,15.99,10031.0,France
542067,31483,PRODUTO TESTE,6,04/07/2011 00:00,9.97,10010.0,United Kingdom
541434,86008,PRODUTO TESTE,34,12/22/2011 00:00,49.62,10163.0,United Kingdom
536539,83131,PRODUTO TESTE,47,08/14/2011 00:00,47.16,10121.0,United Kingdom
537523,32256,PRODUTO TESTE,19,06/09/2011 00:00,17.8,10196.0,Eire
541308,68495,PRODUTO TESTE,0,06/27/2011 00:00,13.37,10160.0,Germany
538298,92880,PRODUTO TESTE,43,06/19/2011 00:00,40.37,10192.0,United Kingdom
542156,81942,PRODUTO TESTE,29,02/10/2011 00:00,21.42,10047.0,United Kingdom
539705,27888,PRODUTO TESTE,26,08/10/2011 00:00,48.41,10057.0,United Kingdom
541293,87014,PRODUTO TESTE,-2,10/14/2011 00:00,45.11,10169.0,United Kingdom
540274,15072,PRODUTO TESTE,48,06/03/2011 00:00,38.09,10048.0,United Kingdom
539286,65560,PRODUTO TESTE,-1,06/05/2011 00:00,4.95,10011.0,United Kingdom
539081,56025,PRODUTO TESTE,28,11/29/2011 00:00,35.26,10133.0,United Kingdom
542275,13306,PRODUTO TESTE,27,08/11/2011 00:00,49.37,10160.0,United Kingdom
540629,75341,PRODUTO TESTE,23,04/19/2011 00:00,18.98,10193.0,United Kingdom
541348,36796,PRODUTO TESTE,25,01/02/2011 00:00,44.14,10185.0,United Kingdom
541195,86703,PRODUTO TESTE,16,10/28/2011 00:00,20.7,10024.0,United Kingdom
537868,89020,PRODUTO TESTE,26,08/17/2011 00:00,48.58,10154.0,United Kingdom
544219,63140,PRODUTO TESTE,15,08/17/2011 00:00,32.85,10169.0,United Kingdom
541068,66425,PRODUTO TESTE,21,04/14/2011 00:00,5.28,10139.0,United Kingdom
542462,14688,PRODUTO TESTE,32,03/09/2011 00:00,24.21,10163.0,United Kingdom
543937,90104,PRODUTO TESTE,35,06/30/2011 00:00,2.96,10167.0,United Kingdom
544322,71339,PRODUTO TESTE,3,10/04/2011 00:00,20.06,10089.0,United Kingdom
542001,44607,PRODUTO TESTE,49,04/19/2011 00:00,45.81,10008.0,United Kingdom
543084,17716,PRODUTO TESTE,0,07/12/2011 00:00,11.99,10091.0,United Kingdom
540246,55424,PRODUTO TESTE,10,12/30/2011 00:00,47.55,10040.0,United Kingdom
542640,91075,PRODUTO TESTE,14,03/22/2011 00:00,5.45,10022.0,United Kingdom
538894,87632,PRODUTO TESTE,12,03/26/2011 00:00,33.41,10024.0,United Kingdom
542406,18877,PRODUTO TESTE,14,03/28/2011 00:00,48.3,10139.0,United Kingdom
536772,78582,PRODUTO TESTE,12,11/30/2011 00:00,32.88,10100.0,United Kingdom
544228,17363,PRODUTO TESTE,18,07/12/2011 00:00,45.0,10107.0,United Kingdom
538201,43974,PRODUTO TESTE,36,12/02/2011 00:00,49.56,10149.0,United Kingdom
541909,50245,PRODUTO TESTE,40,12/12/2011 00:00,32.27,10109.0,United Kingdom
536100,12036,PRODUTO TESTE,14,06/03/2011 00:00,39.22,10126.0,United Kingdom
537401,22354,PRODUTO TESTE,9,01/21/2011 00:00,2.08,10017.0,United Kingdom
544879,89229,PRODUTO TESTE,32,04/21/2011 00:00,21.65,10170.0,United Kingdom
543500,66645,PRODUTO TESTE,-2,07/18/2011 00:00,14.77,10089.0,United Kingdom
538002,80771,PRODUTO TESTE,19,05/20/2011 00:00,41.3,10031.0,France
537177,61426,PRODUTO TESTE,7,01/01/2011 00:00,34.04,10162.0,United Kingdom
543333,50424,PRODUTO TESTE,28,12/28/2011 00:00,30.91,10146.0,United Kingdom
544911,11638,PRODUTO TESTE,-1,04/21/2011 00:00,46.61,10010.0,United Kingdom
537517,59161,PRODUTO TESTE,40,08/14/2011 00:00,4.9,10038.0,United Kingdom
541975,79349,PRODUTO TESTE,9,12/12/2011 00:00,47.72,10003.0,United Kingdom
538552,28387,PRODUTO TESTE,23,07/18/2011 00:00,5.49,10054.0,United Kingdom
542699,54190,PRODUTO TESTE,26,09/11/2011 00:00,17.68,10019.0,Eire
539764,47088,PRODUTO TESTE,21,01/14/2011 00:00,31.7,10141.0,United Kingdom
537128,88384,PRODUTO TESTE,19,09/12/2011 00:00,17.4,10104.0,United Kingdom
538919,24687,PRODUTO TESTE,9,11/06/2011 00:00,34.29,10196.0,United Kingdom
540847,19477,PRODUTO TESTE,37,12/02/2011 00:00,38.88,10149.0,United Kingdom
543185,28951,PRODUTO TESTE,23,01/31/2011 00:00,41.51,10122.0,United Kingdom
536189,24058,PRODUTO TESTE,6,03/25/2011 00:00,9.38,10101.0,United Kingdom
544619,86172,PRODUTO TESTE,9,01/18/2011 00:00,9.51,10010.0,United Kingdom
541846,33453,PRODUTO TESTE,19,12/02/2011 00:00,3.09,10014.0,United Kingdom
543877,42622,PRODUTO TESTE,41,04/11/2011 00:00,24.8,10123.0,United Kingdom
544370,33144,PRODUTO TESTE,47,07/13/2011 00:00,7.31,10000.0,United Kingdom
537382,83324,PRODUTO TESTE,16,06/23/2011 00:00,16.27,10008.0,United Kingdom
536843,69764,PRODUTO TESTE,16,09/09/2011 00:00,42.1,10043.0,United Kingdom
542990,52650,PRODUTO TESTE,2,11/23/2011 00:00,47.46,10176.0,United Kingdom
537690,81900,PRODUTO TESTE,25,04/29/2011 00:00,41.19,10091.0,United Kingdom
537331,16369,PRODUTO TESTE,8,10/16/2011 00:00,0.53,10141.0,Germany
540216,71060,PRODUTO TESTE,40,04/17/2011 00:00,28.62,10082.0,United Kingdom
544220,42537,PRODUTO TESTE,24,03/14/2011 00:00,8.75,10034.0,United Kingdom
543160,44132,PRODUTO TESTE,7,02/08/2011 00:00,19.1,10074.0,United Kingdom
540660,24244,PRODUTO TESTE,45,05/16/2011 00:00,21.68,10018.0,United Kingdom
537768,18736,PRODUTO TESTE,39,07/24/2011 00:00,47.18,10154.0,Eire
539027,72421,PRODUTO TESTE,11,10/12/2011 00:00,31.87,10036.0,United Kingdom
542196,86510,PRODUTO TESTE,1,11/06/2011 00:00,13.75,10075.0,United Kingdom
537413,92024,PRODUTO TESTE,9,07/12/2011 00:00,32.32,10196.0,United Kingdom
540719,31920,PRODUTO TESTE,15,05/30/2011 00:00,47.62,10118.0,United Kingdom
536106,78676,PRODUTO TESTE,17,03/05/2011 00:00,3.43,10091.0,United Kingdom
538925,20009,PRODUTO TESTE,40,11/30/2011 00:00,40.89,10108.0,United Kingdom
538231,80058,PRODUTO TESTE,48,05/25/2011 00:00,11.24,10156.0,United Kingdom
542129,60955,PRODUTO TESTE,36,10/07/2011 00:00,8.08,10050.0,Germany
544226,87567,PRODUTO TESTE,41,08/17/2011 00:00,44.99,10127.0,United Kingdom
537318,16082,PRODUTO TESTE,1,12/06/2011 00:00,0.59,10174.0,United Kingdom
543175,79899,PRODUTO TESTE,3,12/22/2011 00:00,37.18,10114.0,United Kingdom
541903,52038,PRODUTO TESTE,44,09/15/2011 00:00,4.82,10089.0,United Kingdom
544728,61171,PRODUTO TESTE,28,08/30/2011 00:00,31.09,10029.0,United Kingdom
544203,58504,PRODUTO TESTE,7,02/20/2011 00:00,31.23,10049.0,United Kingdom
536906,74284,PRODUTO TESTE,38,01/06/2011 00:00,43.21,10189.0,United Kingdom
542689,63910,PRODUTO TESTE,4,07/19/2011 00:00,41.22,10108.0,United Kingdom
541329,47435,PRODUTO TESTE,37,09/15/2011 00:00,34.42,10060.0,United Kingdom
537017,49181,PRODUTO TESTE,43,09/30/2011 00:00,19.34,10083.0,Germany
538314,16370,PRODUTO TESTE,21,04/02/2011 00:00,8.74,10115.0,United Kingdom
544342,75180,PRODUTO TESTE,31,07/03/2011 00:00,31.97,10107.0,Eire
540886,73501,PRODUTO TESTE,35,11/11/2011 00:00,25.1,10139.0,United Kingdom
539046,61028,PRODUTO TESTE,43,02/04/2011 00:00,4.36,10051.0,United Kingdom
538884,74948,PRODUTO TESTE,27,05/21/2011 00:00,47.8,10129.0,United Kingdom
543540,34208,PRODUTO TESTE,11,12/11/2011 00:00,16.06,10088.0,United Kingdom
538551,30134,PRODUTO TESTE,6,03/14/2011 00:00,0.61,10188.0,United Kingdom
537430,93229,PRODUTO TESTE,14,04/26/2011 00:00,45.13,10031.0,United Kingdom
541164,95853,PRODUTO TESTE,-2,06/20/2011 00:00,29.06,10029.0,United Kingdom
544932,86744,PRODUTO TESTE,33,09/09/2011 00:00,36.79,10092.0,United Kingdom
537649,14725,PRODUTO TESTE,15,04/04/2011 00:00,8.06,10101.0,United Kingdom
538297,59391,PRODUTO TESTE,34,10/17/2011 00:00,20.53,10138.0,United Kingdom
540222,76235,PRODUTO TESTE,-2,03/28/2011 00:00,32.43,10080.0,United Kingdom
537798,13342,PRODUTO TESTE,12,05/15/2011 00:00,12.92,10182.0,United Kingdom
541857,97162,PRODUTO TESTE,16,07/29/2011 00:00,35.22,10094.0,United Kingdom
538282,80836,PRODUTO TESTE,-1,01/05/2011 00:00,12.06,10025.0,United Kingdom
537153,37823,PRODUTO TESTE,40,10/08/2011 00:00,10.85,10023.0,United Kingdom
538351,55580,PRODUTO TESTE,27,09/02/2011 00:00,1.08,10194.0,United Kingdom
544375,92120,PRODUTO TESTE,41,11/01/2011 00:00,14.45,10026.0,United Kingdom
544414,86826,PRODUTO TESTE,39,04/11/2011 00:00,12.71,10189.0,United Kingdom
540551,84378,PRODUTO TESTE,-4,05/26/2011 00:00,38.34,10055.0,United Kingdom
539604,98558,PRODUTO TESTE,42,11/24/2011 00:00,28.7,10018.0,United Kingdom
543375,76969,PRODUTO TESTE,-2,01/25/2011 00:00,9.3,10060.0,United Kingdom
537748,94179,PRODUTO TESTE,42,06/29/2011 00:00,28.62,10122.0,United Kingdom
541885,95840,PRODUTO TESTE,31,06/26/2011 00:00,11.66,10085.0,United Kingdom
542120,11756,PRODUTO TESTE,40,06/13/2011 00:00,21.56,10157.0,United Kingdom
542390,68864,PRODUTO TESTE,22,06/08/2011 00:00,44.47,10122.0,United Kingdom
537961,40056,PRODUTO TESTE,3,09/30/2011 00:00,36.1,10080.0,United Kingdom
542445,54538,PRODUTO TESTE,3,03/13/2011 00:00,32.73,10126.0,United Kingdom
541507,25095,PRODUTO TESTE,1,11/22/2011 00:00,14.43,10194.0,United Kingdom
543875,70810,PRODUTO TESTE,39,11/24/2011 00:00,6.67,10082.0,United Kingdom
537569,85129,PRODUTO TESTE,24,03/07/2011 00:00,37.77,10030.0,United Kingdom
541522,47063,PRODUTO TESTE,6,12/22/2011 00:00,28.61,10081.0,United Kingdom
543466,72839,PRODUTO TESTE,1,04/06/2011 00:00,31.33,10168.0,United Kingdom
538503,39239,PRODUTO TESTE,-1,01/19/2011 00:00,48.77,10043.0,United Kingdom
542694,77453,PRODUTO TESTE,9,05/26/2011 00:00,17.74,10189.0,United Kingdom
536895,17402,PRODUTO TESTE,36,10/18/2011 00:00,40.14,10117.0,United Kingdom
542462,89208,PRODUTO TESTE,44,11/05/2011 00:00,28.17,10120.0,United Kingdom
541456,44020,PRODUTO TESTE,28,08/24/2011 00:00,12.15,10063.0,United Kingdom
537732,55433,PRODUTO TESTE,49,10/24/2011 00:00,3.12,10184.0,United Kingdom
536597,82286,PRODUTO TESTE,16,04/06/2011 00:00,30.99,10007.0,United Kingdom
542709,12686,PRODUTO TESTE,13,11/17/2011 00:00,15.23,10059.0,United Kingdom
538171,95088,PRODUTO TESTE,33,08/20/2011 00:00,34.93,10083.0,United Kingdom
540477,65299,PRODUTO TESTE,2,02/18/2011 00:00,35.19,10095.0,United Kingdom
536546,97762,PRODUTO TESTE,45,02/16/2011 00:00,23.05,10094.0,Eire
544671,59605,PRODUTO TESTE,37,04/08/2011 00:00,27.05,10029.0,Eire
540939,28587,PRODUTO TESTE,-4,01/26/2011 00:00,31.51,10045.0,United Kingdom
544384,62413,PRODUTO TESTE,5,04/14/2011 00:00,23.7,10019.0,United Kingdom
537443,61428,PRODUTO TESTE,29,12/29/2011 00:00,43.93,10114.0,United Kingdom
537852,92860,PRODUTO TESTE,35,03/29/2011 00:00,4.26,10070.0,United Kingdom
541493,61816,PRODUTO TESTE,6,08/21/2011 00:00,49.0,10113.0,United Kingdom
541440,46564,PRODUTO TESTE,36,12/23/2011 00:00,2.16,10117.0,United Kingdom
543117,25844,PRODUTO TESTE,21,04/03/2011 00:00,10.8,10140.0,United Kingdom
544352,39339,PRODUTO TESTE,32,09/12/2011 00:00,35.56,10109.0,United Kingdom
543396,62345,PRODUTO TESTE,18,06/14/2011 00:00,4.71,10129.0,United Kingdom
537261,43206,PRODUTO TESTE,19,04/15/2011 00:00,13.48,10117.0,United Kingdom
538785,42648,PRODUTO TESTE,16,12/13/2011 00:00,8.12,10130.0,United Kingdom
544224,11309,PRODUTO TESTE,3,08/28/2011 00:00,36.32,10123.0,United Kingdom
540940,94815,PRODUTO TESTE,5,06/10/2011 00:00,29.16,10063.0,United Kingdom
543803,85301,PRODUTO TESTE,4,10/24/2011 00:00,3.69,10049.0,France
541067,32967,PRODUTO TESTE,39,11/25/2011 00:00,23.28,10157.0,United Kingdom
536447,22367,PRODUTO TESTE,18,10/13/2011 00:00,10.82,10068.0,United Kingdom
540255,85145,PRODUTO TESTE,15,11/14/2011 00:00,48.4,10109.0,United Kingdom
543421,85299,PRODUTO TESTE,42,04/28/2011 00:00,5.84,10039.0,Eire
541896,90716,PRODUTO TESTE,43,05/06/2011 00:00,30.1,10086.0,Germany
537195,59266,PRODUTO TESTE,7,03/26/2011 00:00,24.35,10105.0,United Kingdom
537890,76227,PRODUTO TESTE,14,09/12/2011 00:00,29.12,10125.0,United Kingdom
543689,75659,PRODUTO TESTE,17,10/21/2011 00:00,47.85,10105.0,United Kingdom
544813,29320,PRODUTO TESTE,41,08/30/2011 00:00,17.39,10072.0,United Kingdom
542776,57156,PRODUTO TESTE,31,08/07/2011 00:00,37.56,10192.0,Germany
536882,33432,PRODUTO TESTE,24,10/09/2011 00:00,22.65,10102.0,United Kingdom
541572,77847,PRODUTO TESTE,7,03/08/2011 00:00,33.21,10161.0,United Kingdom
543462,97399,PRODUTO TESTE,16,05/14/2011 00:00,18.6,10147.0,United Kingdom
541761,16888,PRODUTO TESTE,-4,09/16/2011 00:00,11.74,10111.0,United Kingdom
541346,16824,PRODUTO TESTE,33,01/20/2011 00:00,4.64,10177.0,United Kingdom
540206,33778,PRODUTO TESTE,45,11/29/2011 00:00,5.54,10025.0,United Kingdom
538203,20537,PRODUTO TESTE,38,03/04/2011 00:00,47.99,10184.0,United Kingdom
538526,10811,PRODUTO TESTE,12,10/15/2011 00:00,39.53,10170.0,United Kingdom
542711,98070,PRODUTO TESTE,21,08/14/2011 00:00,12.63,10100.0,Germany
536628,62419,PRODUTO TESTE,47,11/06/2011 00:00,26.69,10146.0,United Kingdom
536760,79919,PRODUTO TESTE,18,10/10/2011 00:00,35.85,10104.0,Germany
539569,60952,PRODUTO TESTE,41,07/08/2011 00:00,17.95,10053.0,United Kingdom
542969,77173,PRODUTO TESTE,26,10/03/2011 00:00,22.28,10159.0,United Kingdom
541913,71753,PRODUTO TESTE,22,05/07/2011 00:00,36.06,10049.0,United Kingdom
541309,24418,PRODUTO TESTE,27,08/02/2011 00:00,11.76,10062.0,United Kingdom
540807,23537,PRODUTO TESTE,7,11/30/2011 00:00,26.55,10103.0,United Kingdom
536996,54004,PRODUTO TESTE,18,01/31/2011 00:00,10.9,10167.0,United Kingdom
538986,43393,PRODUTO TESTE,11,05/10/2011 00:00,0.65,10076.0,United Kingdom
536715,85667,PRODUTO TESTE,36,01/07/2011 00:00,34.67,10098.0,United Kingdom
542823,37557,PRODUTO TESTE,28,07/15/2011 00:00,35.51,10008.0,United Kingdom
542757,39598,PRODUTO TESTE,16,10/13/2011 00:00,49.79,10023.0,France
538322,57609,PRODUTO TESTE,40,01/15/2011 00:00,9.46,10011.0,Eire
538636,27348,PRODUTO TESTE,19,07/20/2011 00:00,37.11,10014.0,Germany
538857,87260,PRODUTO TESTE,47,06/01/2011 00:00,47.42,10173.0,United Kingdom
544003,10985,PRODUTO TESTE,28,10/13/2011 00:00,32.41,10168.0,Germany
540396,86278,PRODUTO TESTE,43,03/22/2011 00:00,48.18,10164.0,United Kingdom
542858,66028,PRODUTO TESTE,49,03/01/2011 00:00,49.72,10011.0,Germany
540039,89911,PRODUTO TESTE,12,02/04/2011 00:00,40.18,10015.0,United Kingdom
542283,36442,PRODUTO TESTE,9,05/29/2011 00:00,49.96,10056.0,United Kingdom
540754,91024,PRODUTO TESTE,40,06/27/2011 00:00,31.48,10113.0,France
538507,87729,PRODUTO TESTE,7,12/02/2011 00:00,25.1,10066.0,United Kingdom
543886,51104,PRODUTO TESTE,36,06/20/2011 00:00,45.92,10097.0,United Kingdom
542380,35516,PRODUTO TESTE,4,03/04/2011 00:00,41.63,10034.0,United Kingdom
542924,27737,PRODUTO TESTE,42,09/13/2011 00:00,5.95,10146.0,United Kingdom
544533,23641,PRODUTO TESTE,32,01/23/2011 00:00,15.48,10062.0,United Kingdom
538238,62479,PRODUTO TESTE,23,05/07/2011 00:00,13.4,10013.0,Eire
536824,96439,PRODUTO TESTE,19,08/27/2011 00:00,42.84,10148.0,Germany
541240,60913,PRODUTO TESTE,30,04/03/2011 00:00,12.05,10180.0,France
538935,96828,PRODUTO TESTE,16,08/06/2011 00:00,15.55,10002.0,United Kingdom
539921,78015,PRODUTO TESTE,16,06/15/2011 00:00,26.18,10087.0,United Kingdom
538112,71651,PRODUTO TESTE,6,12/14/2011 00:00,4.27,10165.0,United Kingdom
539586,75246,PRODUTO TESTE,3,04/15/2011 00:00,48.08,10141.0,United Kingdom
539539,93553,PRODUTO TESTE,44,11/27/2011 00:00,24.81,10171.0,United Kingdom
539155,87226,PRODUTO TESTE,36,08/17/2011 00:00,9.93,10083.0,United Kingdom
542680,24564,PRODUTO TESTE,19,10/01/2011 00:00,13.91,10074.0,Eire
541333,62643,PRODUTO TESTE,40,03/03/2011 00:00,40.01,10141.0,United Kingdom
540268,51430,PRODUTO TESTE,28,01/07/2011 00:00,31.88,10030.0,United Kingdom
537014,89127,PRODUTO TESTE,27,09/24/2011 00:00,23.5,10047.0,United Kingdom
541136,28374,PRODUTO TESTE,1,06/25/2011 00:00,16.91,10120.0,United Kingdom
537575,83796,PRODUTO TESTE,24,04/23/2011 00:00,45.08,10133.0,United Kingdom
538827,53090,PRODUTO TESTE,0,11/24/2011 00:00,38.74,10023.0,United Kingdom
539734,93902,PRODUTO TESTE,32,04/30/2011 00:00,36.05,10101.0,United Kingdom
537271,81205,PRODUTO TESTE,-2,06/08/2011 00:00,22.58,10072.0,United Kingdom
539505,41046,PRODUTO TESTE,23,09/22/2011 00:00,49.07,10100.0,United Kingdom
538402,86042,PRODUTO TESTE,15,12/18/2011 00:00,35.65,10191.0,United Kingdom
543647,26867,PRODUTO TESTE,2,11/25/2011 00:00,21.47,10015.0,United Kingdom
543737,10374,PRODUTO TESTE,21,08/27/2011 00:00,48.05,10199.0,United Kingdom
536041,55613,PRODUTO TESTE,6,02/10/2011 00:00,44.84,10089.0,United Kingdom
541421,45054,PRODUTO TESTE,8,02/09/2011 00:00,37.13,10154.0,United Kingdom
541764,21316,PRODUTO TESTE,43,09/10/2011 00:00,38.47,10084.0,United Kingdom
539401,99465,PRODUTO TESTE,14,07/05/2011 00:00,21.47,10062.0,Germany
540222,13515,PRODUTO TESTE,17,02/18/2011 00:00,25.61,10154.0,United Kingdom
543109,63037,PRODUTO TESTE,-5,09/11/2011 00:00,9.98,10137.0,United Kingdom
539401,33491,PRODUTO TESTE,11,12/10/2011 00:00,29.97,10028.0,United Kingdom
536580,36657,PRODUTO TESTE,14,01/24/2011 00:00,18.81,10141.0,United Kingdom
539352,28998,PRODUTO TESTE,34,10/29/2011 00:00,17.7,10150.0,United Kingdom
538285,45009,PRODUTO TESTE,1,05/06/2011 00:00,47.44,10077.0,Germany
539444,70062,PRODUTO TESTE,46,05/26/2011 00:00,8.66,10185.0,United Kingdom
538070,39030,PRODUTO TESTE,2,09/19/2011 00:00,41.58,10128.0,United Kingdom
537348,74948,PRODUTO TESTE,30,04/01/2011 00:00,14.43,10066.0,United Kingdom
544868,50283,PRODUTO TESTE,-5,02/27/2011 00:00,1.92,10002.0,United Kingdom
537159,80668,PRODUTO TESTE,40,12/18/2011 00:00,2.5,10134.0,France
542354,50003,PRODUTO TESTE,33,05/08/2011 00:00,21.74,10041.0,United Kingdom
542458,42901,PRODUTO TESTE,41,03/03/2011 00:00,23.0,10151.0,United Kingdom
541560,55617,PRODUTO TESTE,46,09/09/2011 00:00,16.35,10105.0,United Kingdom
544203,71790,PRODUTO TESTE,40,03/21/2011 00:00,33.6,10093.0,United Kingdom
536044,51805,PRODUTO TESTE,29,10/11/2011 00:00,24.52,10032.0,United Kingdom
538714,91552,PRODUTO TESTE,41,01/26/2011 00:00,4.17,10142.0,United Kingdom
537658,56449,PRODUTO TESTE,0,07/09/2011 00:00,17.73,10033.0,United Kingdom
541192,36642,PRODUTO TESTE,30,05/28/2011 00:00,5.55,10083.0,United Kingdom
541719,12518,PRODUTO TESTE,49,12/16/2011 00:00,3.61,10167.0,Germany
544081,45328,PRODUTO TESTE,15,07/10/2011 00:00,10.81,10184.0,United Kingdom
539417,14898,PRODUTO TESTE,48,12/04/2011 00:00,35.18,10197.0,United Kingdom
538123,13218,PRODUTO TESTE,22,04/01/2011 00:00,34.95,10191.0,United Kingdom
544318,43402,PRODUTO TESTE,20,06/22/2011 00:00,43.14,10111.0,United Kingdom
542056,36129,PRODUTO TESTE,11,10/25/2011 00:00,37.94,10040.0,United Kingdom
542882,89643,PRODUTO TESTE,0,02/28/2011 00:00,27.01,10167.0,United Kingdom
540004,75713,PRODUTO TESTE,43,12/05/2011 00:00,15.97,10160.0,United Kingdom
540026,81174,PRODUTO TESTE,34,10/10/2011 00:00,0.79,10198.0,United Kingdom
539501,59091,PRODUTO TESTE,17,09/05/2011 00:00,32.53,10130.0,United Kingdom
542745,19913,PRODUTO TESTE,47,03/30/2011 00:00,14.84,10028.0,United Kingdom
537895,86589,PRODUTO TESTE,5,10/26/2011 00:00,12.88,10100.0,United Kingdom
544778,54534,PRODUTO TESTE,37,11/04/2011 00:00,48.75,10089.0,United Kingdom
537583,48616,PRODUTO TESTE,19,04/17/2011 00:00,9.12,10168.0,United Kingdom
540148,64412,PRODUTO TESTE,29,08/03/2011 00:00,2.11,10078.0,United Kingdom
538831,24733,PRODUTO TESTE,-3,01/23/2011 00:00,47.49,10065.0,Eire
541782,53306,PRODUTO TESTE,28,05/24/2011 00:00,15.65,10016.0,United Kingdom
542126,64518,PRODUTO TESTE,32,02/24/2011 00:00,19.97,10167.0,United Kingdom
544267,72780,PRODUTO TESTE,48,07/23/2011 00:00,4.51,10151.0,United Kingdom
543102,55014,PRODUTO TESTE,14,07/20/2011 00:00,20.5,10008.0,United Kingdom
538238,99752,PRODUTO TESTE,-1,07/14/2011 00:00,48.62,10086.0,United Kingdom
537859,99117,PRODUTO TESTE,-2,09/05/2011 00:00,34.85,10095.0,United Kingdom
543979,18682,PRODUTO TESTE,3,12/04/2011 00:00,23.95,10093.0,United Kingdom
540390,17457,PRODUTO TESTE,11,03/13/2011 00:00,15.72,10183.0,United Kingdom
536877,56397,PRODUTO TESTE,40,03/20/2011 00:00,18.62,10030.0,United Kingdom
543424,84504,PRODUTO TESTE,5,03/20/2011 00:00,30.76,10061.0,United Kingdom
541836,56112,PRODUTO TESTE,2,12/05/2011 00:00,13.1,10036.0,Eire
536230,29536,PRODUTO TESTE,-4,02/03/2011 00:00,8.02,10048.0,Eire
543045,60613,PRODUTO TESTE,16,01/12/2011 00:00,34.96,10181.0,United Kingdom
541466,94880,PRODUTO TESTE,28,02/28/2011 00:00,43.54,10188.0,United Kingdom
541531,25026,PRODUTO TESTE,10,10/08/2011 00:00,45.13,10008.0,United Kingdom
543784,50094,PRODUTO TESTE,22,07/31/2011 00:00,42.15,10126.0,United Kingdom
540459,67451,PRODUTO TESTE,8,12/02/2011 00:00,26.76,10046.0,United Kingdom
540151,45393,PRODUTO TESTE,39,03/16/2011 00:00,39.55,10038.0,United Kingdom
541556,13990,PRODUTO TESTE,-4,05/24/2011 00:00,46.35,10058.0,France
537780,70268,PRODUTO TESTE,6,07/22/2011 00:00,1.66,10038.0,United Kingdom
537364,76700,PRODUTO TESTE,26,01/27/2011 00:00,20.9,10098.0,United Kingdom
543593,68963,PRODUTO TESTE,41,12/02/2011 00:00,10.6,10199.0,United Kingdom
537940,69683,PRODUTO TESTE,17,10/21/2011 00:00,49.84,10117.0,United Kingdom
540539,69105,PRODUTO TESTE,-2,02/22/2011 00:00,46.51,10144.0,Germany
538429,39737,PRODUTO TESTE,25,11/04/2011 00:00,40.21,10098.0,United Kingdom
538074,11498,PRODUTO TESTE,9,06/13/2011 00:00,15.15,10002.0,United Kingdom
541380,99008,PRODUTO TESTE,11,05/03/2011 00:00,47.63,10016.0,United Kingdom
543221,28403,PRODUTO TESTE,45,12/12/2011 00:00,1.95,10053.0,United Kingdom
539977,84589,PRODUTO TESTE,46,07/09/2011 00:00,9.81,10048.0,United Kingdom
537248,58659,PRODUTO TESTE,9,03/24/2011 00:00,31.04,10168.0,United Kingdom
538200,58557,PRODUTO TESTE,27,10/23/2011 00:00,39.75,10168.0,United Kingdom
537481,11888,PRODUTO TESTE,24,09/19/2011 00:00,44.24,10170.0,United Kingdom
543945,99144,PRODUTO TESTE,47,03/12/2011 00:00,15.38,10127.0,United Kingdom
538875,57568,PRODUTO TESTE,47,09/05/2011 00:00,19.84,10111.0,United Kingdom
539365,84707,PRODUTO TESTE,14,08/18/2011 00:00,23.01,10129.0,United Kingdom
536639,80000,PRODUTO TESTE,-4,04/11/2011 00:00,1.84,10081.0,United Kingdom
540014,22417,PRODUTO TESTE,-5,06/07/2011 00:00,43.27,10134.0,United Kingdom
544225,95282,PRODUTO TESTE,-5,11/03/2011 00:00,17.23,10158.0,United Kingdom
539687,63194,PRODUTO TESTE,37,03/05/2011 00:00,10.36,10152.0,United Kingdom
541861,26660,PRODUTO TESTE,35,09/21/2011 00:00,20.76,10122.0,United Kingdom
537637,62276,PRODUTO TESTE,40,10/31/2011 00:00,35.67,10011.0,United Kingdom
537286,65471,PRODUTO TESTE,2,12/08/2011 00:00,43.61,10144.0,France
542584,68764,PRODUTO TESTE,-2,04/29/2011 00:00,11.16,10073.0,United Kingdom
536591,38933,PRODUTO TESTE,4,04/08/2011 00:00,9.04,10148.0,United Kingdom
540036,94667,PRODUTO TESTE,29,12/08/2011 00:00,47.22,10107.0,United Kingdom
538850,31320,PRODUTO TESTE,-5,06/18/2011 00:00,27.77,10176.0,United Kingdom
536146,54282,PRODUTO TESTE,31,07/27/2011 00:00,18.61,10067.0,United Kingdom
540780,85473,PRODUTO TESTE,43,07/07/2011 00:00,10.37,10186.0,United Kingdom
544676,16964,PRODUTO TESTE,3,07/07/2011 00:00,49.76,10168.0,United Kingdom
536622,46320,PRODUTO TESTE,35,08/16/2011 00:00,36.1,10066.0,United Kingdom
543341,53139,PRODUTO TESTE,25,06/04/2011 00:00,11.29,10096.0,United Kingdom
540852,79561,PRODUTO TESTE,46,05/24/2011 00:00,5.02,10106.0,United Kingdom
542512,80900,PRODUTO TESTE,8,05/27/2011 00:00,10.36,10153.0,United Kingdom
536868,81722,PRODUTO TESTE,7,08/28/2011 00:00,12.76,10137.0,France
543821,42274,PRODUTO TESTE,-5,10/26/2011 00:00,6.0,10170.0,United Kingdom
536102,54243,PRODUTO TESTE,33,07/22/2011 00:00,11.87,10073.0,United Kingdom
544161,12439,PRODUTO TESTE,42,09/05/2011 00:00,6.28,10100.0,United Kingdom
541920,84042,PRODUTO TESTE,-4,05/31/2011 00:00,19.2,10086.0,United Kingdom
539037,37291,PRODUTO TESTE,22,10/10/2011 00:00,24.57,10181.0,United Kingdom
536063,52068,PRODUTO TESTE,34,05/24/2011 00:00,23.04,10060.0,United Kingdom
541498,71392,PRODUTO TESTE,37,06/03/2011 00:00,41.55,10117.0,United Kingdom
536786,79886,PRODUTO TESTE,46,01/21/2011 00:00,13.07,10024.0,United Kingdom
541479,17740,PRODUTO TESTE,34,04/06/2011 00:00,44.41,10170.0,United Kingdom
542958,79048,PRODUTO TESTE,45,09/27/2011 00:00,45.45,10076.0,United Kingdom
538405,43836,PRODUTO TESTE,49,02/01/2011 00:00,48.01,10068.0,France
538148,47598,PRODUTO TESTE,46,03/23/2011 00:00,9.46,10116.0,United Kingdom
537997,21981,PRODUTO TESTE,19,10/11/2011 00:00,12.66,10099.0,United Kingdom
538023,74510,PRODUTO TESTE,17,11/15/2011 00:00,31.38,10169.0,United Kingdom
537025,52833,PRODUTO TESTE,18,06/01/2011 00:00,7.47,10106.0,United Kingdom
538247,19349,PRODUTO TESTE,47,05/29/2011 00:00,4.74,10103.0,Germany
541933,22736,PRODUTO TESTE,10,07/05/2011 00:00,4.15,10020.0,United Kingdom
538722,74932,PRODUTO TESTE,36,10/09/2011 00:00,30.5,10004.0,United Kingdom
543028,19813,PRODUTO TESTE,29,06/21/2011 00:00,40.33,10079.0,United Kingdom
543373,56909,PRODUTO TESTE,-2,03/05/2011 00:00,13.31,10199.0,United Kingdom
542848,72801,PRODUTO TESTE,21,06/07/2011 00:00,46.71,10183.0,United Kingdom
540855,92079,PRODUTO TESTE,5,04/03/2011 00:00,39.7,10125.0,Eire
538846,24219,PRODUTO TESTE,35,09/07/2011 00:00,4.33,10126.0,United Kingdom
544369,36628,PRODUTO TESTE,19,02/22/2011 00:00,20.66,10078.0,United Kingdom
537847,23931,PRODUTO TESTE,14,08/11/2011 00:00,3.87,10035.0,United Kingdom
540180,89184,PRODUTO TESTE,-2,02/17/2011 00:00,45.8,10001.0,United Kingdom
540082,63326,PRODUTO TESTE,2,12/21/2011 00:00,37.27,10067.0,Eire
542710,98496,PRODUTO TESTE,37,08/22/2011 00:00,34.48,10063.0,United Kingdom
540921,13923,PRODUTO TESTE,42,02/20/2011 00:00,34.29,10038.0,United Kingdom
543195,73529,PRODUTO TESTE,11,12/16/2011 00:00,14.62,10051.0,United Kingdom
544271,12969,PRODUTO TESTE,40,07/29/2011 00:00,46.71,10004.0,United Kingdom
539515,19813,PRODUTO TESTE,25,08/10/2011 00:00,46.18,10121.0,United Kingdom
543873,48829,PRODUTO TESTE,14,01/24/2011 00:00,37.1,10185.0,United Kingdom
537527,43011,PRODUTO TESTE,19,03/10/2011 00:00,23.71,10138.0,United Kingdom
544244,42858,PRODUTO TESTE,32,10/22/2011 00:00,2.83,10089.0,United Kingdom
537601,16108,PRODUTO TESTE,45,06/20/2011 00:00,1.9,10084.0,United Kingdom
543652,59015,PRODUTO TESTE,22,08/13/2011 00:00,7.34,10061.0,United Kingdom
539512,40662,PRODUTO TESTE,14,12/27/2011 00:00,29.99,10028.0,United Kingdom
544681,99412,PRODUTO TESTE,36,06/06/2011 00:00,40.01,10119.0,United Kingdom
537162,81056,PRODUTO TESTE,23,05/20/2011 00:00,47.45,10113.0,United Kingdom
540189,49123,PRODUTO TESTE,16,10/20/2011 00:00,9.18,10001.0,United Kingdom
544116,78890,PRODUTO TESTE,20,01/25/2011 00:00,14.14,10083.0,United Kingdom
536427,61844,PRODUTO TESTE,24,06/16/2011 00:00,3.18,10055.0,United Kingdom
538385,54582,PRODUTO TESTE,2,11/09/2011 00:00,49.46,10034.0,United Kingdom
536752,92731,PRODUTO TESTE,-2,03/25/2011 00:00,39.16,10140.0,United Kingdom
538891,62870,PRODUTO TESTE,31,04/21/2011 00:00,24.3,10105.0,United Kingdom
539512,53485,PRODUTO TESTE,4,06/22/2011 00:00,28.99,10126.0,United Kingdom
541570,60999,PRODUTO TESTE,24,01/28/2011 00:00,28.33,10142.0,United Kingdom
538319,80300,PRODUTO TESTE,37,01/26/2011 00:00,13.09,10196.0,United Kingdom
537428,76734,PRODUTO TESTE,6,04/02/2011 00:00,9.68,10160.0,United Kingdom
537529,59378,PRODUTO TESTE,15,11/24/2011 00:00,15.2,10124.0,Eire
544445,25908,PRODUTO TESTE,48,03/22/2011 00:00,12.73,10175.0,United Kingdom
544578,67348,PRODUTO TESTE,-4,09/24/2011 00:00,28.1,10095.0,United Kingdom
537992,48757,PRODUTO TESTE,36,06/05/2011 00:00,15.76,10196.0,United Kingdom
537758,93924,PRODUTO TESTE,4,10/05/2011 00:00,36.58,10152.0,United Kingdom
536487,91757,PRODUTO TESTE,44,05/01/2011 00:00,28.61,10130.0,United Kingdom
544634,10063,PRODUTO TESTE,17,11/16/2011 00:00,26.85,10180.0,United Kingdom
542355,99917,PRODUTO TESTE,-5,05/16/2011 00:00,47.59,10103.0,United Kingdom
542847,91083,PRODUTO TESTE,34,10/16/2011 00:00,16.46,10144.0,United Kingdom
538615,91644,PRODUTO TESTE,3,10/31/2011 00:00,31.95,10056.0,United Kingdom
541768,54791,PRODUTO TESTE,14,06/07/2011 00:00,0.5,10192.0,United Kingdom
536538,34348,PRODUTO TESTE,22,09/01/2011 00:00,36.98,10124.0,United Kingdom
542084,64608,PRODUTO TESTE,35,02/13/2011 00:00,25.38,10156.0,United Kingdom
541216,89475,PRODUTO TESTE,18,07/01/2011 00:00,10.82,10092.0,United Kingdom
538983,50504,PRODUTO TESTE,42,05/17/2011 00:00,0.57,10173.0,United Kingdom
542394,98682,PRODUTO TESTE,21,12/15/2011 00:00,35.49,10014.0,United Kingdom
541817,33482,PRODUTO TESTE,13,12/07/2011 00:00,33.3,10022.0,United Kingdom
539950,86772,PRODUTO TESTE,13,10/13/2011 00:00,33.44,10101.0,United Kingdom
537680,15940,PRODUTO TESTE,39,12/13/2011 00:00,22.15,10146.0,United Kingdom
536212,85548,PRODUTO TESTE,31,12/23/2011 00:00,32.15,10161.0,United Kingdom
544439,95060,PRODUTO TESTE,1,10/08/2011 00:00,28.78,10088.0,United Kingdom
538532,73228,PRODUTO TESTE,36,08/05/2011 00:00,12.33,10129.0,United Kingdom
538716,66148,PRODUTO TESTE,17,03/16/2011 00:00,26.18,10110.0,United Kingdom
542129,47032,PRODUTO TESTE,14,10/25/2011 00:00,25.97,10192.0,United Kingdom
538296,88611,PRODUTO TESTE,0,03/12/2011 00:00,41.27,10130.0,United Kingdom
539381,21395,PRODUTO TESTE,49,03/09/2011 00:00,21.96,10083.0,United Kingdom
542400,36172,PRODUTO TESTE,-3,11/18/2011 00:00,22.09,10193.0,United Kingdom
541358,21804,PRODUTO TESTE,49,02/11/2011 00:00,49.23,10021.0,United Kingdom
541908,35019,PRODUTO TESTE,-2,02/21/2011 00:00,44.78,10196.0,United Kingdom
536042,57099,PRODUTO TESTE,22,07/06/2011 00:00,12.49,10030.0,United Kingdom
540061,40220,PRODUTO TESTE,0,08/02/2011 00:00,45.56,10057.0,United Kingdom
540277,47846,PRODUTO TESTE,22,01/17/2011 00:00,7.33,10164.0,Germany
541692,30793,PRODUTO TESTE,40,05/19/2011 00:00,42.74,10146.0,United Kingdom
537363,41750,PRODUTO TESTE,27,03/24/2011 00:00,9.57,10194.0,United Kingdom
537435,54816,PRODUTO TESTE,24,04/21/2011 00:00,21.57,10149.0,United Kingdom
542861,29241,PRODUTO TESTE,1,03/08/2011 00:00,49.2,10127.0,United Kingdom
542059,94260,PRODUTO TESTE,47,09/05/2011 00:00,5.3,10069.0,United Kingdom
543300,90743,PRODUTO TESTE,15,06/22/2011 00:00,42.07,10000.0,United Kingdom
538435,88844,PRODUTO TESTE,24,12/17/2011 00:00,24.99,10024.0,United Kingdom
544978,10134,PRODUTO TESTE,44,01/04/2011 00:00,5.99,10059.0,United Kingdom
538455,54558,PRODUTO TESTE,29,10/11/2011 00:00,47.65,10008.0,United Kingdom
541858,81557,PRODUTO TESTE,35,11/29/2011 00:00,27.69,10101.0,United Kingdom
537459,41388,PRODUTO TESTE,5,06/27/2011 00:00,44.09,10155.0,United Kingdom
544266,30842,PRODUTO TESTE,20,09/13/2011 00:00,43.52,10192.0,United Kingdom
538991,65051,PRODUTO TESTE,24,06/10/2011 00:00,1.22,10097.0,United Kingdom
543222,10224,PRODUTO TESTE,4,08/06/2011 00:00,13.61,10175.0,United Kingdom
538981,65102,PRODUTO TESTE,16,11/28/2011 00:00,17.18,10197.0,United Kingdom
543117,50632,PRODUTO TESTE,40,07/13/2011 00:00,26.98,10171.0,France
540087,71538,PRODUTO TESTE,46,07/31/2011 00:00,4.06,10092.0,Eire
536562,71456,PRODUTO TESTE,40,12/27/2011 00:00,19.75,10065.0,United Kingdom
537713,58203,PRODUTO TESTE,46,07/01/2011 00:00,40.82,10195.0,United Kingdom
542150,62537,PRODUTO TESTE,49,03/05/2011 00:00,9.07,10048.0,United Kingdom
537737,12407,PRODUTO TESTE,5,09/07/2011 00:00,35.21,10082.0,United Kingdom
538477,98318,PRODUTO TESTE,42,09/10/2011 00:00,23.29,10014.0,United Kingdom
540875,16844,PRODUTO TESTE,29,03/28/2011 00:00,4.0,10158.0,United Kingdom
538277,97898,PRODUTO TESTE,42,09/23/2011 00:00,9.28,10129.0,France
537159,97638,PRODUTO TESTE,30,01/24/2011 00:00,7.48,10016.0,France
541618,74614,PRODUTO TESTE,1,04/27/2011 00:00,31.18,10044.0,United Kingdom
542200,77160,PRODUTO TESTE,25,11/09/2011 00:00,4.82,10111.0,United Kingdom
542597,12697,PRODUTO TESTE,36,08/14/2011 00:00,41.24,10108.0,United Kingdom
544495,95341,PRODUTO TESTE,1,08/10/2011 00:00,40.43,10160.0,United Kingdom
537120,57551,PRODUTO TESTE,22,08/15/2011 00:00,4.46,10053.0,Germany
539841,40556,PRODUTO TESTE,30,03/02/2011 00:00,44.47,10184.0,United Kingdom
538105,70283,PRODUTO TESTE,20,12/17/2011 00:00,47.98,10088.0,United Kingdom
544109,58144,PRODUTO TESTE,38,04/19/2011 00:00,2.65,10164.0,United Kingdom
540858,42543,PRODUTO TESTE,1,10/15/2011 00:00,47.54,10047.0,United Kingdom
536884,38975,PRODUTO TESTE,13,12/28/2011 00:00,14.33,10007.0,United Kingdom
542229,20633,PRODUTO TESTE,47,03/29/2011 00:00,33.41,10011.0,United Kingdom
536386,91803,PRODUTO TESTE,23,08/20/2011 00:00,9.15,10074.0,United Kingdom
538467,69922,PRODUTO TESTE,4,01/16/2011 00:00,40.96,10190.0,United Kingdom
542492,35895,PRODUTO TESTE,1,08/21/2011 00:00,42.17,10009.0,United Kingdom
540554,75082,PRODUTO TESTE,27,06/10/2011 00:00,48.93,10073.0,United Kingdom
542849,72442,PRODUTO TESTE,46,01/27/2011 00:00,49.63,10021.0,United Kingdom
541140,22590,PRODUTO TESTE,-3,09/03/2011 00:00,4.25,10186.0,United Kingdom
543587,25754,PRODUTO TESTE,1,12/20/2011 00:00,33.07,10135.0,United Kingdom
541063,30776,PRODUTO TESTE,15,01/31/2011 00:00,14.02,10152.0,United Kingdom
536511,19472,PRODUTO TESTE,6,11/22/2011 00:00,6.72,10142.0,United Kingdom
536641,84064,PRODUTO TESTE,1,11/04/2011 00:00,7.87,10131.0,United Kingdom
542992,24006,PRODUTO TESTE,11,07/19/2011 00:00,46.85,10154.0,United Kingdom
536347,83020,PRODUTO TESTE,30,11/26/2011 00:00,34.34,10001.0,United Kingdom
539388,57650,PRODUTO TESTE,40,04/23/2011 00:00,3.0,10173.0,United Kingdom
536144,20512,PRODUTO TESTE,11,09/20/2011 00:00,49.22,10147.0,United Kingdom
538730,86007,PRODUTO TESTE,33,09/12/2011 00:00,40.49,10147.0,United Kingdom
541356,25614,PRODUTO TESTE,40,07/31/2011 00:00,15.8,10078.0,United Kingdom
537557,99934,PRODUTO TESTE,-5,11/01/2011 00:00,23.81,10160.0,United Kingdom
540194,11264,PRODUTO TESTE,41,11/16/2011 00:00,36.47,10076.0,United Kingdom
544964,66040,PRODUTO TESTE,5,10/14/2011 00:00,33.96,10009.0,United Kingdom
536634,38230,PRODUTO TESTE,32,08/03/2011 00:00,23.42,10181.0,United Kingdom
536572,58023,PRODUTO TESTE,36,12/23/2011 00:00,25.86,10046.0,Eire
538441,85570,PRODUTO TESTE,41,07/22/2011 00:00,2.64,10020.0,United Kingdom
543443,80818,PRODUTO TESTE,17,08/21/2011 00:00,25.28,10124.0,Germany
539652,35328,PRODUTO TESTE,31,03/10/2011 00:00,17.34,10046.0,United Kingdom
541755,15736,PRODUTO TESTE,-4,04/28/2011 00:00,14.61,10171.0,France
536304,35526,PRODUTO TESTE,19,11/27/2011 00:00,13.85,10088.0,Germany
542615,82844,PRODUTO TESTE,48,07/01/2011 00:00,32.62,10000.0,Eire
536606,56384,PRODUTO TESTE,3,07/06/2011 00:00,21.75,10190.0,United Kingdom
542405,78253,PRODUTO TESTE,3,10/25/2011 00:00,21.58,10102.0,United Kingdom
537331,54523,PRODUTO TESTE,33,04/30/2011 00:00,8.38,10052.0,United Kingdom
543725,57658,PRODUTO TESTE,23,04/07/2011 00:00,48.11,10135.0,United Kingdom
538665,15825,PRODUTO TESTE,20,01/04/2011 00:00,11.58,10106.0,United Kingdom
537654,12068,PRODUTO TESTE,8,03/26/2011 00:00,20.6,10005.0,Eire
539030,73303,PRODUTO TESTE,4,07/06/2011 00:00,9.92,10151.0,United Kingdom
536007,28197,PRODUTO TESTE,35,09/22/2011 00:00,35.31,10080.0,United Kingdom
537486,42459,PRODUTO TESTE,14,05/01/2011 00:00,22.09,10139.0,United Kingdom
541386,43273,PRODUTO TESTE,37,06/12/2011 00:00,20.98,10179.0,United Kingdom
538707,66982,PRODUTO TESTE,19,03/22/2011 00:00,43.82,10122.0,United Kingdom
539184,94709,PRODUTO TESTE,16,10/26/2011 00:00,38.09,10134.0,United Kingdom
543265,78196,PRODUTO TESTE,7,07/11/2011 00:00,26.23,10050.0,United Kingdom
537114,67463,PRODUTO TESTE,31,02/22/2011 00:00,23.7,10047.0,United Kingdom
539563,85139,PRODUTO TESTE,10,08/11/2011 00:00,48.02,10083.0,United Kingdom
537675,55907,PRODUTO TESTE,44,05/03/2011 00:00,47.84,10170.0,United Kingdom
540345,23078,PRODUTO TESTE,17,11/12/2011 00:00,35.39,10104.0,United Kingdom
538985,53957,PRODUTO TESTE,39,04/08/2011 00:00,38.13,10069.0,United Kingdom
536416,98011,PRODUTO TESTE,20,11/12/2011 00:00,45.01,10155.0,France
536632,80197,PRODUTO TESTE,17,09/12/2011 00:00,48.23,10170.0,United Kingdom
543671,41468,PRODUTO TESTE,19,02/19/2011 00:00,4.57,10180.0,United Kingdom
536512,39126,PRODUTO TESTE,19,10/05/2011 00:00,49.87,10059.0,United Kingdom
543044,92619,PRODUTO TESTE,21,09/21/2011 00:00,35.3,10141.0,United Kingdom
544244,18507,PRODUTO TESTE,43,06/16/2011 00:00,29.84,10118.0,United Kingdom
540192,93944,PRODUTO TESTE,33,02/28/2011 00:00,20.95,10089.0,United Kingdom
538808,70933,PRODUTO TESTE,-4,06/24/2011 00:00,17.15,10079.0,United Kingdom
542986,82698,PRODUTO TESTE,-2,08/11/2011 00:00,40.31,10022.0,United Kingdom
544840,39611,PRODUTO TESTE,-4,02/18/2011 00:00,32.89,10054.0,United Kingdom
537083,68364,PRODUTO TESTE,33,05/05/2011 00:00,10.43,10109.0,Germany
544679,39303,PRODUTO TESTE,6,09/14/2011 00:00,30.69,10177.0,United Kingdom
544493,11548,PRODUTO TESTE,16,07/21/2011 00:00,7.49,10173.0,United Kingdom
537283,50923,PRODUTO TESTE,40,12/29/2011 00:00,25.1,10037.0,United Kingdom
536492,98187,PRODUTO TESTE,2,03/21/2011 00:00,29.38,10135.0,United Kingdom
542434,31845,PRODUTO TESTE,3,10/11/2011 00:00,31.97,10016.0,United Kingdom
536699,24586,PRODUTO TESTE,-1,06/05/2011 00:00,7.69,10135.0,United Kingdom
541407,92952,PRODUTO TESTE,10,03/23/2011 00:00,5.23,10068.0,United Kingdom
536582,91916,PRODUTO TESTE,-1,12/14/2011 00:00,13.31,10089.0,United Kingdom
542215,86226,PRODUTO TESTE,29,08/16/2011 00:00,30.55,10143.0,France
538085,97886,PRODUTO TESTE,35,07/15/2011 00:00,46.62,10084.0,United Kingdom
536865,99196,PRODUTO TESTE,5,04/18/2011 00:00,39.07,10161.0,United Kingdom
536599,92652,PRODUTO TESTE,23,11/18/2011 00:00,37.41,10106.0,United Kingdom
537697,96808,PRODUTO TESTE,11,01/12/2011 00:00,16.85,10199.0,United Kingdom
540866,77012,PRODUTO TESTE,-1,02/12/2011 00:00,6.03,10127.0,United Kingdom
536689,38300,PRODUTO TESTE,20,03/07/2011 00:00,44.65,10059.0,United Kingdom
543220,51249,PRODUTO TESTE,33,08/27/2011 00:00,25.29,10155.0,United Kingdom
541437,44253,PRODUTO TESTE,7,02/07/2011 00:00,5.48,10081.0,United Kingdom
538675,55854,PRODUTO TESTE,38,10/18/2011 00:00,26.98,10106.0,Germany
544879,72842,PRODUTO TESTE,49,03/13/2011 00:00,33.93,10027.0,Germany
541926,31755,PRODUTO TESTE,-2,09/04/2011 00:00,16.34,10023.0,Germany
542047,11426,PRODUTO TESTE,3,10/18/2011 00:00,0.96,10114.0,United Kingdom
537565,64244,PRODUTO TESTE,10,11/17/2011 00:00,31.27,10037.0,United Kingdom
542396,99449,PRODUTO TESTE,41,04/17/2011 00:00,2.48,10199.0,United Kingdom
541032,87562,PRODUTO TESTE,2,01/28/2011 00:00,21.92,10171.0,France
544861,10975,PRODUTO TESTE,20,10/04/2011 00:00,41.33,10140.0,United Kingdom
540301,63885,PRODUTO TESTE,24,06/13/2011 00:00,49.94,10146.0,United Kingdom
542102,57833,PRODUTO TESTE,2,12/13/2011 00:00,18.83,10119.0,United Kingdom
539070,48243,PRODUTO TESTE,-3,03/10/2011 00:00,1.5,10012.0,United Kingdom
536361,70182,PRODUTO TESTE,1,07/29/2011 00:00,24.9,10078.0,France
537151,48380,PRODUTO TESTE,-2,02/13/2011 00:00,14.18,10099.0,United Kingdom
543803,92272,PRODUTO TESTE,22,06/27/2011 00:00,44.69,10183.0,United Kingdom
542643,91696,PRODUTO TESTE,46,01/01/2011 00:00,35.72,10043.0,United Kingdom
539282,67971,PRODUTO TESTE,14,10/01/2011 00:00,20.51,10099.0,United Kingdom
542280,51262,PRODUTO TESTE,9,08/09/2011 00:00,38.22,10068.0,United Kingdom
536039,63726,PRODUTO TESTE,7,02/05/2011 00:00,17.39,10026.0,France
536334,91003,PRODUTO TESTE,48,07/02/2011 00:00,26.33,10020.0,United Kingdom
540565,37032,PRODUTO TESTE,47,06/06/2011 00:00,46.18,10073.0,United Kingdom
541624,88177,PRODUTO TESTE,30,09/03/2011 00:00,10.41,10016.0,United Kingdom
544433,63182,PRODUTO TESTE,20,07/02/2011 00:00,16.0,10013.0,United Kingdom
542836,15718,PRODUTO TESTE,3,06/17/2011 00:00,44.34,10070.0,United Kingdom
538315,77472,PRODUTO TESTE,46,10/31/2011 00:00,23.36,10040.0,United Kingdom
543336,28198,PRODUTO TESTE,-5,07/09/2011 00:00,16.24,10110.0,Germany
540423,56402,PRODUTO TESTE,4,10/25/2011 00:00,2.35,10003.0,United Kingdom
543434,95535,PRODUTO TESTE,32,11/20/2011 00:00,21.24,10060.0,United Kingdom
537563,80166,PRODUTO TESTE,5,11/06/2011 00:00,25.28,10090.0,United Kingdom
536236,72957,PRODUTO TESTE,0,12/15/2011 00:00,20.61,10192.0,United Kingdom
536519,16265,PRODUTO TESTE,27,09/12/2011 00:00,14.23,10126.0,United Kingdom
544917,87318,PRODUTO TESTE,-4,07/25/2011 00:00,18.77,10176.0,Germany
536724,40183,PRODUTO TESTE,9,07/13/2011 00:00,32.3,10068.0,United Kingdom
544454,14513,PRODUTO TESTE,30,03/16/2011 00:00,44.62,10089.0,Eire
542543,96382,PRODUTO TESTE,5,10/30/2011 00:00,32.66,10084.0,United Kingdom
537314,27170,PRODUTO TESTE,36,09/11/2011 00:00,32.49,10177.0,United Kingdom
543776,39109,PRODUTO TESTE,0,11/15/2011 00:00,40.94,10191.0,United Kingdom
537297,22793,PRODUTO TESTE,28,09/14/2011 00:00,8.67,10192.0,United Kingdom
537289,65966,PRODUTO TESTE,-1,06/25/2011 00:00,15.4,10150.0,Germany
541179,88106,PRODUTO TESTE,35,04/18/2011 00:00,3.0,10100.0,United Kingdom
538594,56789,PRODUTO TESTE,36,12/26/2011 00:00,17.81,10108.0,United Kingdom
538617,88238,PRODUTO TESTE,38,09/25/2011 00:00,49.94,10196.0,United Kingdom
537755,94295,PRODUTO TESTE,10,11/16/2011 00:00,16.8,10056.0,Germany
541469,88528,PRODUTO TESTE,7,08/02/2011 00:00,43.06,10069.0,United Kingdom
536241,24649,PRODUTO TESTE,48,07/06/2011 00:00,4.75,10179.0,United Kingdom
538205,28540,PRODUTO TESTE,35,01/13/2011 00:00,23.26,10077.0,United Kingdom
540980,36944,PRODUTO TESTE,5,01/26/2011 00:00,17.9,10047.0,Germany
540378,67433,PRODUTO TESTE,-4,09/15/2011 00:00,10.48,10112.0,United Kingdom
542299,87613,PRODUTO TESTE,14,03/23/2011 00:00,18.94,10065.0,United Kingdom
537946,38157,PRODUTO TESTE,31,01/30/2011 00:00,32.74,10178.0,Eire
541830,69957,PRODUTO TESTE,15,10/11/2011 00:00,24.77,10181.0,United Kingdom
542839,26854,PRODUTO TESTE,39,08/15/2011 00:00,42.29,10061.0,United Kingdom
539492,58873,PRODUTO TESTE,22,02/10/2011 00:00,45.29,10105.0,United Kingdom
538311,80175,PRODUTO TESTE,49,07/02/2011 00:00,24.35,10196.0,United Kingdom
540995,45540,PRODUTO TESTE,42,06/21/2011 00:00,49.1,10148.0,United Kingdom
541209,24685,PRODUTO TESTE,20,01/02/2011 00:00,4.07,10043.0,United Kingdom
536846,47017,PRODUTO TESTE,40,08/09/2011 00:00,14.18,10118.0,United Kingdom
541086,78589,PRODUTO TESTE,19,05/25/2011 00:00,21.13,10123.0,United Kingdom
537388,94142,PRODUTO TESTE,-5,11/17/2011 00:00,29.34,10130.0,United Kingdom
541119,65453,PRODUTO TESTE,11,02/12/2011 00:00,27.52,10005.0,United Kingdom
544386,70396,PRODUTO TESTE,17,11/06/2011 00:00,28.61,10059.0,United Kingdom
540833,47744,PRODUTO TESTE,48,01/03/2011 00:00,44.86,10170.0,United Kingdom
542853,93617,PRODUTO TESTE,40,10/06/2011 00:00,14.24,10048.0,United Kingdom
538787,88292,PRODUTO TESTE,3,10/13/2011 00:00,40.93,10059.0,United Kingdom
544304,97495,PRODUTO TESTE,-5,05/29/2011 00:00,28.12,10064.0,United Kingdom
543314,87704,PRODUTO TESTE,24,04/13/2011 00:00,24.78,10035.0,United Kingdom
544250,59230,PRODUTO TESTE,24,02/21/2011 00:00,15.32,10031.0,United Kingdom
542674,96437,PRODUTO TESTE,35,05/05/2011 00:00,15.55,10069.0,Eire
541844,64889,PRODUTO TESTE,9,09/02/2011 00:00,19.73,10174.0,United Kingdom
540725,64142,PRODUTO TESTE,39,09/22/2011 00:00,38.29,10000.0,United Kingdom
544354,69072,PRODUTO TESTE,17,03/08/2011 00:00,24.1,10056.0,United Kingdom
543633,26730,PRODUTO TESTE,13,01/05/2011 00:00,8.11,10012.0,United Kingdom
539750,85524,PRODUTO TESTE,18,07/24/2011 00:00,38.11,10112.0,United Kingdom
536770,42649,PRODUTO TESTE,46,07/31/2011 00:00,33.34,10050.0,United Kingdom
536032,69315,PRODUTO TESTE,16,12/24/2011 00:00,47.49,10158.0,France
538101,85980,PRODUTO TESTE,25,10/05/2011 00:00,26.71,10117.0,United Kingdom
536563,20318,PRODUTO TESTE,44,07/20/2011 00:00,32.89,10156.0,United Kingdom
537903,37075,PRODUTO TESTE,-4,08/05/2011 00:00,24.23,10126.0,United Kingdom
536985,94817,PRODUTO TESTE,24,08/24/2011 00:00,34.2,10087.0,United Kingdom
544829,42498,PRODUTO TESTE,33,06/14/2011 00:00,22.09,10172.0,Germany
536858,69483,PRODUTO TESTE,44,09/05/2011 00:00,7.32,10095.0,United Kingdom
541642,60545,PRODUTO TESTE,-2,03/13/2011 00:00,49.34,10189.0,United Kingdom
539165,88291,PRODUTO TESTE,34,10/31/2011 00:00,36.16,10198.0,United Kingdom
537567,55927,PRODUTO TESTE,39,11/11/2011 00:00,30.63,10117.0,United Kingdom
542311,48225,PRODUTO TESTE,14,06/08/2011 00:00,24.33,10134.0,United Kingdom
544734,11479,PRODUTO TESTE,36,06/16/2011 00:00,35.72,10051.0,United Kingdom
543115,52723,PRODUTO TESTE,22,07/01/2011 00:00,6.78,10162.0,United Kingdom
544777,62660,PRODUTO TESTE,31,10/26/2011 00:00,16.64,10134.0,United Kingdom
541311,71996,PRODUTO TESTE,16,03/06/2011 00:00,6.67,10180.0,United Kingdom
542062,80215,PRODUTO TESTE,4,05/05/2011 00:00,6.74,10053.0,United Kingdom
537317,79875,PRODUTO TESTE,40,08/13/2011 00:00,1.56,10157.0,United Kingdom
543671,51332,PRODUTO TESTE,6,09/11/2011 00:00,37.92,10094.0,United Kingdom
542731,17061,PRODUTO TESTE,5,04/18/2011 00:00,11.75,10037.0,United Kingdom
538286,32889,PRODUTO TESTE,43,02/12/2011 00:00,41.68,10034.0,United Kingdom
539193,46660,PRODUTO TESTE,46,07/05/2011 00:00,45.27,10112.0,France
541498,98107,PRODUTO TESTE,28,08/22/2011 00:00,8.84,10063.0,United Kingdom
536116,79286,PRODUTO TESTE,26,10/07/2011 00:00,35.59,10020.0,United Kingdom
543361,90508,PRODUTO TESTE,14,01/02/2011 00:00,23.29,10085.0,United Kingdom
538525,99300,PRODUTO TESTE,28,01/07/2011 00:00,45.99,10130.0,United Kingdom
536674,21986,PRODUTO TESTE,28,05/22/2011 00:00,24.48,10063.0,Germany
538975,11047,PRODUTO TESTE,23,07/25/2011 00:00,19.25,10191.0,United Kingdom
543521,61657,PRODUTO TESTE,31,01/02/2011 00:00,15.08,10155.0,United Kingdom
538468,33832,PRODUTO TESTE,25,03/05/2011 00:00,45.23,10102.0,France
540852,88193,PRODUTO TESTE,43,06/02/2011 00:00,11.7,10186.0,United Kingdom
543306,51835,PRODUTO TESTE,31,04/12/2011 00:00,41.47,10086.0,United Kingdom
536303,10841,PRODUTO TESTE,16,09/17/2011 00:00,10.11,10027.0,United Kingdom
542839,30064,PRODUTO TESTE,31,01/13/2011 00:00,32.35,10007.0,United Kingdom
538598,40738,PRODUTO TESTE,7,11/21/2011 00:00,22.83,10187.0,United Kingdom
542259,12422,PRODUTO TESTE,6,03/03/2011 00:00,5.68,10191.0,United Kingdom
537692,38564,PRODUTO TESTE,40,06/10/2011 00:00,6.73,10147.0,United Kingdom
537251,58558,PRODUTO TESTE,27,12/27/2011 00:00,14.43,10020.0,United Kingdom
543094,90391,PRODUTO TESTE,-3,08/30/2011 00:00,38.45,10058.0,United Kingdom
543270,68445,PRODUTO TESTE,14,12/31/2011 00:00,36.58,10008.0,United Kingdom
544831,18392,PRODUTO TESTE,49,01/08/2011 00:00,10.65,10010.0,United Kingdom
542094,47445,PRODUTO TESTE,30,09/20/2011 00:00,24.07,10049.0,United Kingdom
540192,79182,PRODUTO TESTE,42,01/28/2011 00:00,5.3,10114.0,United Kingdom
537753,43288,PRODUTO TESTE,25,08/12/2011 00:00,35.94,10013.0,United Kingdom
538656,60680,PRODUTO TESTE,-3,04/29/2011 00:00,39.77,10196.0,United Kingdom
541832,98703,PRODUTO TESTE,4,10/11/2011 00:00,44.73,10091.0,United Kingdom
539114,22402,PRODUTO TESTE,0,02/15/2011 00:00,44.34,10052.0,United Kingdom
540351,52977,PRODUTO TESTE,35,11/24/2011 00:00,17.23,10103.0,United Kingdom
537512,64868,PRODUTO TESTE,36,06/25/2011 00:00,13.1,10158.0,United Kingdom
539954,81825,PRODUTO TESTE,20,07/09/2011 00:00,44.88,10062.0,United Kingdom
538141,85315,PRODUTO TESTE,34,07/28/2011 00:00,7.73,10009.0,United Kingdom
537009,35845,PRODUTO TESTE,25,01/13/2011 00:00,3.44,10010.0,United Kingdom
537187,52019,PRODUTO TESTE,35,04/24/2011 00:00,16.06,10170.0,United Kingdom
540664,84716,PRODUTO TESTE,31,09/16/2011 00:00,38.13,10022.0,Germany
539297,85502,PRODUTO TESTE,20,12/17/2011 00:00,34.86,10127.0,United Kingdom
536899,84132,PRODUTO TESTE,30,12/26/2011 00:00,49.36,10076.0,United Kingdom
540628,70083,PRODUTO TESTE,12,07/15/2011 00:00,18.3,10155.0,France
537478,34092,PRODUTO TESTE,36,04/05/2011 00:00,14.15,10012.0,Germany
536138,43143,PRODUTO TESTE,45,06/24/2011 00:00,19.22,10179.0,United Kingdom
537192,69026,PRODUTO TESTE,6,06/19/2011 00:00,39.22,10139.0,United Kingdom
540036,32893,PRODUTO TESTE,31,05/25/2011 00:00,11.11,10089.0,Eire
544586,71380,PRODUTO TESTE,1,05/12/2011 00:00,47.41,10041.0,United Kingdom
538175,56350,PRODUTO TESTE,15,11/13/2011 00:00,25.87,10195.0,United Kingdom
538563,49834,PRODUTO TESTE,31,05/23/2011 00:00,39.27,10060.0,United Kingdom
538183,41987,PRODUTO TESTE,10,01/11/2011 00:00,41.45,10098.0,United Kingdom
539196,79639,PRODUTO TESTE,7,09/21/2011 00:00,24.2,10078.0,United Kingdom
542455,51893,PRODUTO TESTE,16,08/31/2011 00:00,37.2,10046.0,United Kingdom
538898,37619,PRODUTO TESTE,1,05/19/2011 00:00,18.55,10083.0,United Kingdom
541918,44553,PRODUTO TESTE,29,08/18/2011 00:00,40.64,10030.0,United Kingdom
544084,53583,PRODUTO TESTE,2,12/10/2011 00:00,41.28,10000.0,United Kingdom
544515,65579,PRODUTO TESTE,13,12/04/2011 00:00,28.53,10057.0,Germany
541066,99112,PRODUTO TESTE,12,10/16/2011 00:00,11.3,10022.0,United Kingdom
542419,40641,PRODUTO TESTE,48,08/01/2011 00:00,48.53,10082.0,Eire
544272,26080,PRODUTO TESTE,49,01/11/2011 00:00,47.38,10172.0,Germany
543080,98014,PRODUTO TESTE,-1,07/06/2011 00:00,31.18,10032.0,United Kingdom
538699,23300,PRODUTO TESTE,3,10/26/2011 00:00,49.2,10000.0,United Kingdom
537188,91341,PRODUTO TESTE,35,11/05/2011 00:00,25.39,10022.0,United Kingdom
537033,22797,PRODUTO TESTE,11,10/10/2011 00:00,19.09,10101.0,Eire
543938,42747,PRODUTO TESTE,30,12/27/2011 00:00,23.29,10054.0,United Kingdom
541005,99828,PRODUTO TESTE,45,07/08/2011 00:00,2.77,10097.0,United Kingdom
538667,24912,PRODUTO TESTE,3,02/10/2011 00:00,27.68,10005.0,United Kingdom
539109,24392,PRODUTO TESTE,47,07/01/2011 00:00,33.48,10066.0,United Kingdom
538535,64825,PRODUTO TESTE,-3,04/27/2011 00:00,5.92,10082.0,United Kingdom
543217,27121,PRODUTO TESTE,7,11/01/2011 00:00,13.15,10086.0,United Kingdom
541511,12195,PRODUTO TESTE,22,10/11/2011 00:00,36.2,10110.0,United Kingdom
543914,72530,PRODUTO TESTE,43,06/05/2011 00:00,39.78,10156.0,United Kingdom
538715,96344,PRODUTO TESTE,25,05/22/2011 00:00,49.3,10093.0,United Kingdom
540253,78353,PRODUTO TESTE,2,02/28/2011 00:00,13.03,10168.0,United Kingdom
537095,96780,PRODUTO TESTE,8,01/16/2011 00:00,42.15,10105.0,France
544742,57434,PRODUTO TESTE,36,04/25/2011 00:00,9.02,10052.0,United Kingdom
540606,65263,PRODUTO TESTE,25,03/29/2011 00:00,6.98,10045.0,United Kingdom
540977,98439,PRODUTO TESTE,-5,04/07/2011 00:00,36.6,10064.0,Germany
539723,55334,PRODUTO TESTE,22,12/31/2011 00:00,22.57,10119.0,United Kingdom
538438,13501,PRODUTO TESTE,17,09/06/2011 00:00,39.8,10048.0,United Kingdom
544535,31493,PRODUTO TESTE,-5,07/21/2011 00:00,14.49,10182.0,France
540400,65873,PRODUTO TESTE,8,03/07/2011 00:00,11.05,10095.0,United Kingdom
542072,87158,PRODUTO TESTE,46,11/04/2011 00:00,27.67,10172.0,United Kingdom
536335,64581,PRODUTO TESTE,33,08/24/2011 00:00,6.21,10136.0,United Kingdom
538483,46503,PRODUTO TESTE,-2,07/07/2011 00:00,14.3,10066.0,United Kingdom
543236,38911,PRODUTO TESTE,-5,06/20/2011 00:00,8.73,10045.0,United Kingdom
536790,71489,PRODUTO TESTE,14,07/21/2011 00:00,16.34,10148.0,United Kingdom
536912,90948,PRODUTO TESTE,20,11/03/2011 00:00,38.39,10066.0,United Kingdom
543288,35022,PRODUTO TESTE,19,09/20/2011 00:00,6.48,10049.0,United Kingdom
538778,59758,PRODUTO TESTE,33,06/27/2011 00:00,30.79,10186.0,United Kingdom
538464,48465,PRODUTO TESTE,4,09/01/2011 00:00,29.45,10096.0,United Kingdom
541087,32170,PRODUTO TESTE,-3,12/06/2011 00:00,27.14,10009.0,United Kingdom
537754,46474,PRODUTO TESTE,31,04/30/2011 00:00,24.47,10098.0,United Kingdom
536386,17952,PRODUTO TESTE,44,11/25/2011 00:00,33.36,10092.0,United Kingdom
536040,57714,PRODUTO TESTE,4,08/10/2011 00:00,42.66,10172.0,Eire
536713,19640,PRODUTO TESTE,14,03/09/2011 00:00,8.52,10142.0,United Kingdom
537426,52665,PRODUTO TESTE,29,12/19/2011 00:00,40.8,10038.0,United Kingdom
542265,90758,PRODUTO TESTE,4,09/08/2011 00:00,3.54,10030.0,United Kingdom
538681,23115,PRODUTO TESTE,42,05/21/2011 00:00,24.37,10120.0,United Kingdom
536645,32527,PRODUTO TESTE,7,03/20/2011 00:00,25.82,10009.0,Eire
536129,74893,PRODUTO TESTE,24,12/01/2011 00:00,10.28,10063.0,United Kingdom
540293,91629,PRODUTO TESTE,13,10/28/2011 00:00,4.94,10027.0,United Kingdom
543561,96001,PRODUTO TESTE,31,01/17/2011 00:00,4.21,10004.0,United Kingdom
539048,20810,PRODUTO TESTE,5,08/21/2011 00:00,2.34,10183.0,United Kingdom
536574,31519,PRODUTO TESTE,0,02/11/2011 00:00,28.89,10017.0,United Kingdom
538052,98553,PRODUTO TESTE,23,04/18/2011 00:00,8.2,10001.0,Eire
540494,55503,PRODUTO TESTE,42,07/27/2011 00:00,40.53,10186.0,United Kingdom
537699,85000,PRODUTO TESTE,29,04/01/2011 00:00,45.0,10037.0,United Kingdom
544806,11297,PRODUTO TESTE,36,07/07/2011 00:00,14.97,10163.0,United Kingdom
542870,20460,PRODUTO TESTE,18,06/06/2011 00:00,8.64,10006.0,United Kingdom
539101,28388,PRODUTO TESTE,2,08/01/2011 00:00,20.78,10030.0,United Kingdom
544563,17744,PRODUTO TESTE,18,10/20/2011 00:00,44.14,10022.0,United Kingdom
538925,90171,PRODUTO TESTE,49,02/26/2011 00:00,20.29,10141.0,United Kingdom
537261,82308,PRODUTO TESTE,37,10/18/2011 00:00,5.86,10124.0,United Kingdom
544444,45131,PRODUTO TESTE,33,03/23/2011 00:00,49.24,10095.0,Germany
544637,17025,PRODUTO TESTE,11,01/13/2011 00:00,25.23,10048.0,United Kingdom
538813,19552,PRODUTO TESTE,27,06/12/2011 00:00,17.45,10017.0,France
541352,33596,PRODUTO TESTE,29,04/21/2011 00:00,44.73,10113.0,United Kingdom
537559,75430,PRODUTO TESTE,30,03/09/2011 00:00,46.41,10046.0,United Kingdom
541774,82111,PRODUTO TESTE,44,06/04/2011 00:00,25.09,10118.0,United Kingdom
542211,58539,PRODUTO TESTE,32,11/14/2011 00:00,15.68,10137.0,United Kingdom
542389,91681,PRODUTO TESTE,7,08/02/2011 00:00,24.39,10169.0,United Kingdom
541118,93532,PRODUTO TESTE,7,09/23/2011 00:00,11.35,10098.0,United Kingdom
542337,79087,PRODUTO TESTE,29,02/24/2011 00:00,24.17,10000.0,United Kingdom
540995,17088,PRODUTO TESTE,42,01/28/2011 00:00,11.86,10056.0,Germany
543378,90089,PRODUTO TESTE,47,05/03/2011 00:00,31.3,10170.0,United Kingdom
537616,91751,PRODUTO TESTE,28,10/10/2011 00:00,38.11,10106.0,United Kingdom
540351,60389,PRODUTO TESTE,24,11/20/2011 00:00,48.49,10123.0,United Kingdom
539747,63926,PRODUTO TESTE,39,02/07/2011 00:00,42.21,10091.0,United Kingdom
540800,80164,PRODUTO TESTE,48,06/23/2011 00:00,4.76,10032.0,United Kingdom
537278,63314,PRODUTO TESTE,-4,05/25/2011 00:00,10.97,10179.0,Germany
538914,40976,PRODUTO TESTE,12,09/29/2011 00:00,26.82,10154.0,United Kingdom
544587,72726,PRODUTO TESTE,13,03/17/2011 00:00,13.25,10199.0,Germany
536947,80668,PRODUTO TESTE,26,06/26/2011 00:00,1.21,10171.0,United Kingdom
541717,22738,PRODUTO TESTE,11,11/07/2011 00:00,37.86,10058.0,United Kingdom
541981,71176,PRODUTO TESTE,12,06/19/2011 00:00,18.21,10050.0,United Kingdom
540270,25593,PRODUTO TESTE,-4,10/13/2011 00:00,3.77,10049.0,United Kingdom
536302,61734,PRODUTO TESTE,-5,08/16/2011 00:00,25.69,10183.0,France
536309,19708,PRODUTO TESTE,19,08/07/2011 00:00,48.87,10111.0,United Kingdom
538480,99306,PRODUTO TESTE,49,04/05/2011 00:00,34.09,10090.0,United Kingdom
536922,70106,PRODUTO TESTE,11,12/29/2011 00:00,8.36,10193.0,United Kingdom
536848,52279,PRODUTO TESTE,8,04/02/2011 00:00,25.96,10120.0,United Kingdom
537441,55347,PRODUTO TESTE,9,12/06/2011 00:00,45.14,10181.0,United Kingdom
537716,65731,PRODUTO TESTE,48,12/28/2011 00:00,3.19,10196.0,Germany
543546,21217,PRODUTO TESTE,31,07/06/2011 00:00,32.08,10015.0,United Kingdom
541748,55891,PRODUTO TESTE,30,11/14/2011 00:00,36.2,10072.0,United Kingdom
536273,74429,PRODUTO TESTE,5,09/19/2011 00:00,35.35,10146.0,United Kingdom
541656,33445,PRODUTO TESTE,44,09/27/2011 00:00,7.93,10162.0,United Kingdom
537230,53145,PRODUTO TESTE,5,01/26/2011 00:00,45.41,10029.0,United Kingdom
539789,39732,PRODUTO TESTE,48,02/20/2011 00:00,16.45,10063.0,United Kingdom
536342,24490,PRODUTO TESTE,47,01/26/2011 00:00,3.06,10109.0,United Kingdom
536811,98089,PRODUTO TESTE,26,01/12/2011 00:00,4.62,10159.0,United Kingdom
537193,63346,PRODUTO TESTE,42,11/02/2011 00:00,23.15,10022.0,Eire
539900,45289,PRODUTO TESTE,49,03/06/2011 00:00,2.48,10120.0,France
540167,40442,PRODUTO TESTE,26,01/03/2011 00:00,39.09,10059.0,United Kingdom
539174,71145,PRODUTO TESTE,37,12/09/2011 00:00,43.36,10043.0,United Kingdom
541581,19739,PRODUTO TESTE,27,04/12/2011 00:00,1.16,10103.0,United Kingdom
542484,61038,PRODUTO TESTE,23,10/25/2011 00:00,40.6,10082.0,United Kingdom
542558,30722,PRODUTO TESTE,13,12/17/2011 00:00,49.07,10127.0,United Kingdom
541211,90081,PRODUTO TESTE,31,07/10/2011 00:00,2.0,10063.0,United Kingdom
540910,80585,PRODUTO TESTE,9,12/05/2011 00:00,36.39,10164.0,United Kingdom
540424,78191,PRODUTO TESTE,5,12/20/2011 00:00,49.96,10015.0,Eire
538141,23122,PRODUTO TESTE,10,02/22/2011 00:00,39.96,10172.0,Germany
540382,17258,PRODUTO TESTE,-5,02/23/2011 00:00,25.52,10005.0,United Kingdom
536090,51259,PRODUTO TESTE,46,05/16/2011 00:00,44.3,10147.0,United Kingdom
544696,41989,PRODUTO TESTE,9,07/24/2011 00:00,35.54,10069.0,United Kingdom
539330,75185,PRODUTO TESTE,38,10/14/2011 00:00,14.98,10076.0,United Kingdom
542806,74071,PRODUTO TESTE,18,03/08/2011 00:00,11.6,10003.0,United Kingdom
544610,45748,PRODUTO TESTE,13,03/12/2011 00:00,25.87,10140.0,Eire
540472,24521,PRODUTO TESTE,7,04/22/2011 00:00,18.96,10033.0,United Kingdom
543756,39179,PRODUTO TESTE,40,04/10/2011 00:00,16.81,10131.0,United Kingdom
540313,55309,PRODUTO TESTE,23,12/10/2011 00:00,9.31,10145.0,United Kingdom
537190,32817,PRODUTO TESTE,19,05/25/2011 00:00,42.34,10169.0,United Kingdom
536238,38598,PRODUTO TESTE,31,11/13/2011 00:00,35.4,10141.0,United Kingdom
537220,31668,PRODUTO TESTE,39,01/21/2011 00:00,16.9,10060.0,United Kingdom
544482,15827,PRODUTO TESTE,31,02/07/2011 00:00,12.26,10147.0,United Kingdom
540275,64110,PRODUTO TESTE,20,10/21/2011 00:00,6.84,10165.0,United Kingdom
538872,99742,PRODUTO TESTE,44,04/02/2011 00:00,6.07,10063.0,United Kingdom
540014,95671,PRODUTO TESTE,44,01/31/2011 00:00,31.46,10024.0,United Kingdom
538303,93641,PRODUTO TESTE,48,08/05/2011 00:00,5.89,10178.0,United Kingdom
543834,69301,PRODUTO TESTE,0,02/23/2011 00:00,48.03,10029.0,Germany
544994,77276,PRODUTO TESTE,43,01/23/2011 00:00,14.32,10118.0,United Kingdom
536764,15778,PRODUTO TESTE,5,05/29/2011 00:00,1.78,10047.0,United Kingdom
542468,28092,PRODUTO TESTE,29,07/20/2011 00:00,42.84,10025.0,United Kingdom
539020,73551,PRODUTO TESTE,31,07/12/2011 00:00,18.7,10155.0,United Kingdom
536426,98966,PRODUTO TESTE,6,08/02/2011 00:00,17.48,10028.0,United Kingdom
544299,91740,PRODUTO TESTE,-5,01/09/2011 00:00,6.37,10134.0,United Kingdom
536556,66770,PRODUTO TESTE,46,04/17/2011 00:00,33.19,10138.0,United Kingdom
537853,19801,PRODUTO TESTE,44,05/06/2011 00:00,18.26,10012.0,Eire
536229,96945,PRODUTO TESTE,4,04/17/2011 00:00,41.24,10034.0,United Kingdom
540241,38619,PRODUTO TESTE,28,07/24/2011 00:00,31.72,10158.0,United Kingdom
541396,13832,PRODUTO TESTE,3,03/25/2011 00:00,44.06,10101.0,Germany
538886,79138,PRODUTO TESTE,26,08/19/2011 00:00,31.32,10024.0,United Kingdom
536644,25612,PRODUTO TESTE,12,12/08/2011 00:00,39.07,10198.0,United Kingdom
537045,37143,PRODUTO TESTE,36,08/30/2011 00:00,34.98,10052.0,United Kingdom
544400,70951,PRODUTO TESTE,26,05/22/2011 00:00,23.4,10000.0,United Kingdom
543253,96884,PRODUTO TESTE,22,06/08/2011 00:00,34.59,10184.0,United Kingdom
544432,91645,PRODUTO TESTE,32,08/02/2011 00:00,33.35,10003.0,United Kingdom
540777,24726,PRODUTO TESTE,21,09/22/2011 00:00,0.83,10110.0,United Kingdom
540914,25820,PRODUTO TESTE,-5,04/21/2011 00:00,35.08,10198.0,Germany
543073,82816,PRODUTO TESTE,27,01/15/2011 00:00,13.48,10115.0,United Kingdom
541549,38538,PRODUTO TESTE,37,09/14/2011 00:00,27.32,10116.0,United Kingdom
539927,17014,PRODUTO TESTE,21,08/30/2011 00:00,6.01,10077.0,United Kingdom
538627,62935,PRODUTO TESTE,4,02/07/2011 00:00,1.64,10025.0,United Kingdom
540369,69130,PRODUTO TESTE,-5,08/17/2011 00:00,1.25,10114.0,United Kingdom
536575,99968,PRODUTO TESTE,11,01/27/2011 00:00,8.33,10179.0,United Kingdom
537732,53769,PRODUTO TESTE,37,08/23/2011 00:00,1.48,10018.0,Germany
542637,81969,PRODUTO TESTE,12,09/29/2011 00:00,7.05,10176.0,United Kingdom
543812,58094,PRODUTO TESTE,47,01/06/2011 00:00,28.18,10083.0,United Kingdom
536916,93119,PRODUTO TESTE,13,09/23/2011 00:00,20.31,10107.0,United Kingdom
536872,53863,PRODUTO TESTE,18,02/13/2011 00:00,49.05,10033.0,United Kingdom
536770,70750,PRODUTO TESTE,36,04/07/2011 00:00,40.53,10124.0,United Kingdom
543124,96690,PRODUTO TESTE,28,09/15/2011 00:00,7.77,10036.0,United Kingdom
538801,88962,PRODUTO TESTE,-3,05/10/2011 00:00,21.13,10054.0,United Kingdom
538940,46091,PRODUTO TESTE,-1,12/23/2011 00:00,21.83,10144.0,United Kingdom
536112,55633,PRODUTO TESTE,5,12/16/2011 00:00,18.42,10010.0,United Kingdom
544753,63344,PRODUTO TESTE,42,12/27/2011 00:00,25.03,10089.0,United Kingdom
539906,21174,PRODUTO TESTE,-4,02/08/2011 00:00,33.66,10118.0,United Kingdom
543177,31009,PRODUTO TESTE,-2,03/06/2011 00:00,32.22,10026.0,United Kingdom
542369,73859,PRODUTO TESTE,37,03/08/2011 00:00,18.18,10058.0,United Kingdom
537275,16452,PRODUTO TESTE,29,08/02/2011 00:00,35.4,10068.0,United Kingdom
543212,64132,PRODUTO TESTE,49,06/06/2011 00:00,14.83,10132.0,United Kingdom
540952,53633,PRODUTO TESTE,7,09/30/2011 00:00,41.86,10195.0,France
541438,53681,PRODUTO TESTE,31,04/13/2011 00:00,48.24,10167.0,United Kingdom
537802,86133,PRODUTO TESTE,2,03/14/2011 00:00,15.09,10037.0,United Kingdom
543621,34748,PRODUTO TESTE,27,08/25/2011 00:00,39.34,10003.0,Eire
544385,81177,PRODUTO TESTE,0,08/14/2011 00:00,40.76,10010.0,United Kingdom
539658,80577,PRODUTO TESTE,44,09/10/2011 00:00,24.79,10119.0,United Kingdom
536832,99325,PRODUTO TESTE,17,04/24/2011 00:00,4.84,10031.0,United Kingdom
543638,83836,PRODUTO TESTE,9,07/12/2011 00:00,39.42,10046.0,United Kingdom
543986,55628,PRODUTO TESTE,49,12/05/2011 00:00,20.67,10169.0,United Kingdom
540558,42776,PRODUTO TESTE,-2,08/12/2011 00:00,10.8,10174.0,France
541212,80295,PRODUTO TESTE,38,12/07/2011 00:00,31.52,10167.0,United Kingdom
538007,93498,PRODUTO TESTE,23,06/08/2011 00:00,22.13,10050.0,United Kingdom
536607,35272,PRODUTO TESTE,32,01/17/2011 00:00,4.83,10123.0,United Kingdom
544497,43276,PRODUTO TESTE,9,10/05/2011 00:00,49.19,10122.0,Germany
540346,54735,PRODUTO TESTE,43,06/18/2011 00:00,12.61,10037.0,United Kingdom
538474,19680,PRODUTO TESTE,19,01/16/2011 00:00,25.79,10110.0,United Kingdom
542239,38278,PRODUTO TESTE,18,02/20/2011 00:00,33.53,10105.0,United Kingdom
536235,24987,PRODUTO TESTE,20,04/25/2011 00:00,6.2,10079.0,United Kingdom
536719,79511,PRODUTO TESTE,11,03/11/2011 00:00,37.1,10150.0,United Kingdom
538184,54505,PRODUTO TESTE,12,09/07/2011 00:00,32.59,10135.0,United Kingdom
540055,64341,PRODUTO TESTE,2,08/12/2011 00:00,24.94,10106.0,United Kingdom
539300,17187,PRODUTO TESTE,21,05/01/2011 00:00,26.65,10145.0,United Kingdom
537686,61610,PRODUTO TESTE,21,01/31/2011 00:00,47.76,10152.0,United Kingdom
539162,74656,PRODUTO TESTE,15,01/29/2011 00:00,45.59,10113.0,United Kingdom
539005,72043,PRODUTO TESTE,49,12/12/2011 00:00,6.04,10053.0,United Kingdom
540722,81557,PRODUTO TESTE,1,05/06/2011 00:00,18.75,10151.0,United Kingdom
541064,20260,PRODUTO TESTE,45,02/09/2011 00:00,26.08,10143.0,United Kingdom
543948,59451,PRODUTO TESTE,42,09/17/2011 00:00,46.04,10196.0,United Kingdom
543261,53396,PRODUTO TESTE,-4,11/14/2011 00:00,40.92,10029.0,United Kingdom
538631,90400,PRODUTO TESTE,33,02/14/2011 00:00,19.63,10083.0,Germany
544124,72148,PRODUTO TESTE,6,12/11/2011 00:00,44.37,10184.0,United Kingdom
540686,95884,PRODUTO TESTE,-3,09/22/2011 00:00,19.22,10102.0,United Kingdom
537689,12284,PRODUTO TESTE,42,04/02/2011 00:00,13.92,10188.0,United Kingdom
539061,50281,PRODUTO TESTE,1,10/11/2011 00:00,30.69,10002.0,Germany
542675,73297,PRODUTO TESTE,11,06/03/2011 00:00,18.12,10007.0,United Kingdom
543395,18021,PRODUTO TESTE,0,08/20/2011 00:00,31.31,10159.0,United Kingdom
539367,68613,PRODUTO TESTE,2,02/16/2011 00:00,20.78,10071.0,United Kingdom
537418,30813,PRODUTO TESTE,-2,03/31/2011 00:00,39.89,10104.0,United Kingdom
537726,16691,PRODUTO TESTE,41,10/10/2011 00:00,47.74,10085.0,France
536931,69184,PRODUTO TESTE,-2,10/21/2011 00:00,13.88,10081.0,Germany
542288,48378,PRODUTO TESTE,36,01/04/2011 00:00,25.75,10187.0,United Kingdom
540526,46520,PRODUTO TESTE,3,03/20/2011 00:00,36.36,10018.0,United Kingdom
540060,39294,PRODUTO TESTE,45,08/10/2011 00:00,8.35,10154.0,United Kingdom
542046,71650,PRODUTO TESTE,41,11/27/2011 00:00,39.9,10177.0,United Kingdom
543457,65682,PRODUTO TESTE,29,09/04/2011 00:00,29.36,10131.0,Germany
543159,70005,PRODUTO TESTE,40,09/15/2011 00:00,7.91,10079.0,United Kingdom
537234,80898,PRODUTO TESTE,11,05/22/2011 00:00,43.48,10032.0,United Kingdom
541306,64482,PRODUTO TESTE,38,01/20/2011 00:00,21.62,10136.0,United Kingdom
543942,16738,PRODUTO TESTE,7,10/07/2011 00:00,9.24,10093.0,United Kingdom
542964,24204,PRODUTO TESTE,28,10/19/2011 00:00,10.17,10029.0,United Kingdom
538964,99234,PRODUTO TESTE,45,06/11/2011 00:00,39.38,10071.0,United Kingdom
539534,35732,PRODUTO TESTE,34,07/04/2011 00:00,46.82,10192.0,United Kingdom
544011,48486,PRODUTO TESTE,9,03/27/2011 00:00,19.22,10053.0,United Kingdom
536295,44007,PRODUTO TESTE,35,06/15/2011 00:00,4.4,10035.0,United Kingdom
540728,99120,PRODUTO TESTE,43,03/30/2011 00:00,5.49,10136.0,Eire
537044,84196,PRODUTO TESTE,43,06/03/2011 00:00,32.9,10039.0,United Kingdom
544051,53508,PRODUTO TESTE,35,02/18/2011 00:00,18.85,10183.0,United Kingdom
536348,71399,PRODUTO TESTE,35,08/10/2011 00:00,21.59,10171.0,United Kingdom
536210,59640,PRODUTO TESTE,38,04/01/2011 00:00,17.18,10196.0,United Kingdom
538960,68043,PRODUTO TESTE,35,09/22/2011 00:00,23.54,10182.0,United Kingdom
537801,95850,PRODUTO TESTE,2,07/08/2011 00:00,32.36,10048.0,United Kingdom
540459,70491,PRODUTO TESTE,39,11/24/2011 00:00,27.29,10042.0,United Kingdom
538696,20158,PRODUTO TESTE,4,03/22/2011 00:00,8.63,10068.0,United Kingdom
539206,55287,PRODUTO TESTE,25,04/10/2011 00:00,24.82,10093.0,Germany
541084,83773,PRODUTO TESTE,13,03/30/2011 00:00,23.3,10175.0,United Kingdom
541045,13566,PRODUTO TESTE,6,08/19/2011 00:00,27.51,10146.0,United Kingdom
544414,42136,PRODUTO TESTE,10,02/09/2011 00:00,5.98,10128.0,United Kingdom
540325,28100,PRODUTO TESTE,-1,09/08/2011 00:00,8.1,10175.0,United Kingdom
541078,74891,PRODUTO TESTE,19,10/26/2011 00:00,26.75,10129.0,United Kingdom
542101,22627,PRODUTO TESTE,18,09/04/2011 00:00,14.13,10075.0,United Kingdom
537568,66166,PRODUTO TESTE,17,02/19/2011 00:00,31.64,10082.0,United Kingdom
542002,15759,PRODUTO TESTE,0,06/29/2011 00:00,18.95,10103.0,United Kingdom
543757,93156,PRODUTO TESTE,28,07/14/2011 00:00,11.43,10017.0,United Kingdom
538862,38752,PRODUTO TESTE,4,05/23/2011 00:00,32.99,10148.0,United Kingdom
537605,46686,PRODUTO TESTE,42,06/20/2011 00:00,20.0,10130.0,United Kingdom
539115,80894,PRODUTO TESTE,-4,10/06/2011 00:00,8.3,10146.0,United Kingdom
538475,44166,PRODUTO TESTE,-2,11/01/2011 00:00,40.54,10106.0,United Kingdom
541266,20361,PRODUTO TESTE,11,04/20/2011 00:00,21.87,10156.0,United Kingdom
543773,91436,PRODUTO TESTE,17,05/01/2011 00:00,45.8,10189.0,United Kingdom
541367,20027,PRODUTO TESTE,48,03/17/2011 00:00,10.07,10113.0,United Kingdom
537129,54737,PRODUTO TESTE,23,05/27/2011 00:00,43.88,10088.0,United Kingdom
538832,21183,PRODUTO TESTE,15,07/19/2011 00:00,40.89,10020.0,United Kingdom
542203,72803,PRODUTO TESTE,41,09/18/2011 00:00,5.64,10155.0,United Kingdom
538972,34283,PRODUTO TESTE,8,04/08/2011 00:00,26.82,10180.0,United Kingdom
541277,93906,PRODUTO TESTE,44,03/20/2011 00:00,32.86,10139.0,Germany
542246,28198,PRODUTO TESTE,17,01/13/2011 00:00,25.03,10173.0,United Kingdom
538962,70275,PRODUTO TESTE,12,02/04/2011 00:00,19.82,10172.0,United Kingdom
541826,11256,PRODUTO TESTE,11,01/19/2011 00:00,47.22,10159.0,Eire
539583,20182,PRODUTO TESTE,-5,03/17/2011 00:00,35.19,10100.0,United Kingdom
537215,34884,PRODUTO TESTE,32,09/11/2011 00:00,48.31,10019.0,United Kingdom
539349,89545,PRODUTO TESTE,26,10/10/2011 00:00,42.39,10000.0,United Kingdom
539969,99665,PRODUTO TESTE,29,12/22/2011 00:00,40.95,10040.0,United Kingdom
536021,65222,PRODUTO TESTE,30,07/18/2011 00:00,36.42,10086.0,United Kingdom
544034,40283,PRODUTO TESTE,-4,06/15/2011 00:00,32.48,10148.0,United Kingdom
540751,38096,PRODUTO TESTE,43,11/25/2011 00:00,44.4,10091.0,United Kingdom
536326,29013,PRODUTO TESTE,23,02/23/2011 00:00,30.86,10004.0,United Kingdom
543811,40647,PRODUTO TESTE,33,08/19/2011 00:00,4.23,10042.0,United Kingdom
543696,54613,PRODUTO TESTE,-4,10/26/2011 00:00,29.34,10195.0,United Kingdom
536108,71671,PRODUTO TESTE,36,07/03/2011 00:00,5.59,10197.0,United Kingdom
537468,30642,PRODUTO TESTE,32,04/06/2011 00:00,47.49,10075.0,United Kingdom
539274,13221,PRODUTO TESTE,15,08/15/2011 00:00,32.51,10160.0,United Kingdom
540565,60367,PRODUTO TESTE,46,12/30/2011 00:00,28.0,10143.0,United Kingdom
542531,31848,PRODUTO TESTE,30,03/28/2011 00:00,10.29,10186.0,United Kingdom
539819,46058,PRODUTO TESTE,44,07/25/2011 00:00,26.03,10177.0,United Kingdom
541505,74057,PRODUTO TESTE,40,01/19/2011 00:00,17.46,10125.0,United Kingdom
536091,90714,PRODUTO TESTE,6,03/26/2011 00:00,33.93,10078.0,Germany
541926,58091,PRODUTO TESTE,49,10/07/2011 00:00,30.42,10125.0,United Kingdom
544238,93511,PRODUTO TESTE,35,07/01/2011 00:00,25.22,10063.0,United Kingdom
540735,34215,PRODUTO TESTE,5,03/14/2011 00:00,13.01,10069.0,United Kingdom
540094,74174,PRODUTO TESTE,38,05/03/2011 00:00,26.52,10121.0,Germany
538674,98166,PRODUTO TESTE,18,02/14/2011 00:00,23.35,10114.0,United Kingdom
544588,29412,PRODUTO TESTE,42,10/12/2011 00:00,42.64,10116.0,United Kingdom
536298,76450,PRODUTO TESTE,4,12/11/2011 00:00,44.77,10076.0,United Kingdom
538580,52650,PRODUTO TESTE,9,02/08/2011 00:00,38.08,10081.0,United Kingdom
537248,89267,PRODUTO TESTE,14,03/28/2011 00:00,16.32,10002.0,Germany
543796,37487,PRODUTO TESTE,19,11/09/2011 00:00,2.39,10120.0,United Kingdom
540343,96448,PRODUTO TESTE,29,11/17/2011 00:00,46.3,10115.0,United Kingdom
544301,81844,PRODUTO TESTE,7,10/08/2011 00:00,49.6,10187.0,United Kingdom
541986,73457,PRODUTO TESTE,33,09/18/2011 00:00,6.79,10100.0,United Kingdom
541011,12625,PRODUTO TESTE,-4,11/11/2011 00:00,34.44,10093.0,United Kingdom
540657,17439,PRODUTO TESTE,13,05/17/2011 00:00,21.54,10013.0,United Kingdom
537824,69623,PRODUTO TESTE,31,11/23/2011 00:00,7.85,10039.0,United Kingdom
541058,53101,PRODUTO TESTE,9,11/20/2011 00:00,49.91,10067.0,United Kingdom
542167,39090,PRODUTO TESTE,18,03/25/2011 00:00,46.69,10075.0,United Kingdom
544688,85773,PRODUTO TESTE,28,01/27/2011 00:00,49.14,10072.0,United Kingdom
540940,53289,PRODUTO TESTE,8,07/10/2011 00:00,7.62,10078.0,Eire
544449,51309,PRODUTO TESTE,48,10/04/2011 00:00,24.85,10153.0,United Kingdom
544500,39069,PRODUTO TESTE,41,11/07/2011 00:00,44.84,10026.0,United Kingdom
540702,98345,PRODUTO TESTE,48,02/21/2011 00:00,33.92,10066.0,United Kingdom
539953,42830,PRODUTO TESTE,22,05/18/2011 00:00,22.01,10032.0,United Kingdom
537284,33358,PRODUTO TESTE,13,10/08/2011 00:00,26.08,10061.0,United Kingdom
538416,70691,PRODUTO TESTE,49,01/23/2011 00:00,2.41,10136.0,United Kingdom
543911,13068,PRODUTO TESTE,35,09/21/2011 00:00,30.77,10009.0,United Kingdom
537244,63593,PRODUTO TESTE,38,04/17/2011 00:00,43.06,10067.0,United Kingdom
539573,60816,PRODUTO TESTE,5,01/09/2011 00:00,0.64,10004.0,United Kingdom
542287,31967,PRODUTO TESTE,42,03/30/2011 00:00,8.42,10190.0,United Kingdom
538165,79215,PRODUTO TESTE,24,09/28/2011 00:00,26.14,10145.0,United Kingdom
544766,13927,PRODUTO TESTE,37,11/14/2011 00:00,28.27,10048.0,United Kingdom
541845,98349,PRODUTO TESTE,40,01/30/2011 00:00,17.5,10039.0,United Kingdom
536255,87041,PRODUTO TESTE,0,06/19/2011 00:00,1.88,10019.0,United Kingdom
538224,25781,PRODUTO TESTE,0,03/15/2011 00:00,37.31,10094.0,United Kingdom
542664,54307,PRODUTO TESTE,-2,09/07/2011 00:00,12.52,10150.0,United Kingdom
543768,27728,PRODUTO TESTE,30,10/12/2011 00:00,32.41,10116.0,United Kingdom
544342,65685,PRODUTO TESTE,45,12/18/2011 00:00,28.18,10176.0,United Kingdom
543660,41723,PRODUTO TESTE,-4,05/10/2011 00:00,21.83,10068.0,United Kingdom
536673,53964,PRODUTO TESTE,2,04/20/2011 00:00,29.72,10055.0,United Kingdom
542567,96125,PRODUTO TESTE,21,04/24/2011 00:00,34.9,10095.0,United Kingdom
536991,65703,PRODUTO TESTE,16,10/05/2011 00:00,28.83,10040.0,United Kingdom
536688,88042,PRODUTO TESTE,0,06/12/2011 00:00,28.1,10195.0,United Kingdom
542227,66426,PRODUTO TESTE,28,01/09/2011 00:00,22.09,10037.0,United Kingdom
540303,52700,PRODUTO TESTE,44,12/12/2011 00:00,21.79,10095.0,United Kingdom
541831,11353,PRODUTO TESTE,6,02/08/2011 00:00,24.8,10104.0,United Kingdom
543663,18025,PRODUTO TESTE,-5,12/05/2011 00:00,22.88,10011.0,United Kingdom
536619,57992,PRODUTO TESTE,7,03/01/2011 00:00,22.23,10093.0,United Kingdom
540747,55355,PRODUTO TESTE,5,07/16/2011 00:00,10.91,10090.0,United Kingdom
543509,55189,PRODUTO TESTE,20,04/25/2011 00:00,36.38,10051.0,United Kingdom
539962,86089,PRODUTO TESTE,0,09/08/2011 00:00,7.08,10025.0,Germany
540710,18623,PRODUTO TESTE,14,05/28/2011 00:00,45.48,10009.0,United Kingdom
540480,69286,PRODUTO TESTE,1,05/15/2011 00:00,31.43,10001.0,United Kingdom
544164,77128,PRODUTO TESTE,32,06/24/2011 00:00,2.92,10096.0,France
536449,68111,PRODUTO TESTE,20,12/21/2011 00:00,33.12,10017.0,United Kingdom
543901,31227,PRODUTO TESTE,-1,03/31/2011 00:00,18.39,10191.0,United Kingdom
543347,46574,PRODUTO TESTE,-3,03/22/2011 00:00,46.52,10048.0,United Kingdom
543312,14907,PRODUTO TESTE,21,01/25/2011 00:00,46.84,10130.0,United Kingdom
539710,25943,PRODUTO TESTE,27,09/27/2011 00:00,42.37,10134.0,United Kingdom
540643,82283,PRODUTO TESTE,4,09/05/2011 00:00,28.61,10099.0,United Kingdom
539320,65567,PRODUTO TESTE,12,08/11/2011 00:00,46.0,10176.0,United Kingdom
538265,87860,PRODUTO TESTE,28,01/09/2011 00:00,32.67,10022.0,United Kingdom
543878,72254,PRODUTO TESTE,20,10/16/2011 00:00,43.82,10046.0,United Kingdom
540553,31662,PRODUTO TESTE,1,10/23/2011 00:00,8.42,10050.0,United Kingdom
542510,83187,PRODUTO TESTE,16,12/11/2011 00:00,45.26,10027.0,United Kingdom
536907,71878,PRODUTO TESTE,5,12/06/2011 00:00,33.25,10058.0,Eire
543100,27241,PRODUTO TESTE,45,04/07/2011 00:00,15.51,10062.0,United Kingdom
541929,10445,PRODUTO TESTE,39,09/17/2011 00:00,49.89,10152.0,France
544978,78737,PRODUTO TESTE,12,05/27/2011 00:00,34.5,10060.0,United Kingdom
537205,74902,PRODUTO TESTE,7,08/06/2011 00:00,45.47,10175.0,United Kingdom
540860,18080,PRODUTO TESTE,2,05/02/2011 00:00,0.78,10154.0,United Kingdom
540600,51833,PRODUTO TESTE,35,08/28/2011 00:00,27.84,10180.0,United Kingdom
540845,92244,PRODUTO TESTE,45,12/14/2011 00:00,35.77,10021.0,United Kingdom
536489,81322,PRODUTO TESTE,10,08/27/2011 00:00,1.18,10196.0,Germany
540258,83539,PRODUTO TESTE,30,12/03/2011 00:00,38.25,10122.0,United Kingdom
538695,45372,PRODUTO TESTE,7,12/07/2011 00:00,32.75,10196.0,United Kingdom
541556,20904,PRODUTO TESTE,45,02/13/2011 00:00,14.1,10070.0,United Kingdom
538088,41596,PRODUTO TESTE,11,12/18/2011 00:00,34.6,10190.0,United Kingdom
539915,71818,PRODUTO TESTE,0,10/26/2011 00:00,6.98,10117.0,United Kingdom
541580,85669,PRODUTO TESTE,43,06/05/2011 00:00,41.29,10014.0,Eire
536576,67962,PRODUTO TESTE,47,08/08/2011 00:00,43.38,10082.0,United Kingdom
543081,13478,PRODUTO TESTE,16,08/14/2011 00:00,24.53,10027.0,United Kingdom
542441,63142,PRODUTO TESTE,44,10/15/2011 00:00,25.62,10188.0,United Kingdom
536515,26844,PRODUTO TESTE,8,10/21/2011 00:00,20.4,10060.0,United Kingdom
536582,64868,PRODUTO TESTE,9,02/07/2011 00:00,17.59,10044.0,Eire
543652,47091,PRODUTO TESTE,24,01/01/2011 00:00,43.71,10110.0,Germany
538549,57970,PRODUTO TESTE,28,03/31/2011 00:00,15.59,10085.0,United Kingdom
543746,63669,PRODUTO TESTE,16,07/12/2011 00:00,20.44,10019.0,Eire
540493,67424,PRODUTO TESTE,38,11/06/2011 00:00,15.35,10163.0,United Kingdom
539080,10460,PRODUTO TESTE,38,08/27/2011 00:00,33.01,10169.0,United Kingdom
538462,96954,PRODUTO TESTE,1,02/19/2011 00:00,40.8,10148.0,United Kingdom
541931,61762,PRODUTO TESTE,49,09/19/2011 00:00,8.63,10123.0,United Kingdom
536987,55643,PRODUTO TESTE,3,06/20/2011 00:00,13.11,10080.0,United Kingdom
539623,44063,PRODUTO TESTE,23,05/15/2011 00:00,5.65,10108.0,United Kingdom
539112,19405,PRODUTO TESTE,18,10/09/2011 00:00,8.43,10104.0,United Kingdom
537387,66699,PRODUTO TESTE,19,04/18/2011 00:00,20.64,10033.0,France
539175,42695,PRODUTO TESTE,2,08/14/2011 00:00,38.91,10016.0,Eire
540757,91626,PRODUTO TESTE,13,03/08/2011 00:00,27.31,10050.0,United Kingdom
542098,69217,PRODUTO TESTE,-4,05/20/2011 00:00,3.14,10090.0,United Kingdom
536777,49678,PRODUTO TESTE,48,07/23/2011 00:00,31.44,10032.0,United Kingdom
543851,12853,PRODUTO TESTE,2,08/16/2011 00:00,39.87,10021.0,United Kingdom
543906,59911,PRODUTO TESTE,21,12/02/2011 00:00,19.98,10170.0,United Kingdom
542227,86078,PRODUTO TESTE,6,04/16/2011 00:00,12.63,10074.0,United Kingdom
544318,51650,PRODUTO TESTE,4,11/24/2011 00:00,38.31,10116.0,United Kingdom
539851,68522,PRODUTO TESTE,16,10/26/2011 00:00,1.68,10104.0,United Kingdom
543394,20666,PRODUTO TESTE,48,05/12/2011 00:00,40.87,10147.0,United Kingdom
542545,46605,PRODUTO TESTE,21,02/21/2011 00:00,40.31,10147.0,United Kingdom
541062,81379,PRODUTO TESTE,47,04/05/2011 00:00,44.46,10059.0,Germany
537615,48122,PRODUTO TESTE,40,08/29/2011 00:00,4.93,10169.0,United Kingdom
541018,89666,PRODUTO TESTE,18,10/15/2011 00:00,5.83,10074.0,United Kingdom
544112,46851,PRODUTO TESTE,44,08/12/2011 00:00,43.7,10167.0,United Kingdom
544861,83031,PRODUTO TESTE,14,09/22/2011 00:00,24.03,10080.0,United Kingdom
540032,67940,PRODUTO TESTE,22,02/07/2011 00:00,19.92,10022.0,United Kingdom
538231,95282,PRODUTO TESTE,32,07/04/2011 00:00,28.88,10152.0,United Kingdom
542727,57966,PRODUTO TESTE,27,11/15/2011 00:00,3.4,10006.0,United Kingdom
536683,52122,PRODUTO TESTE,40,05/22/2011 00:00,32.36,10154.0,United Kingdom
537359,41821,PRODUTO TESTE,3,11/25/2011 00:00,47.28,10008.0,United Kingdom
541057,68708,PRODUTO TESTE,22,02/15/2011 00:00,33.95,10041.0,United Kingdom
544911,98205,PRODUTO TESTE,31,12/24/2011 00:00,23.49,10120.0,United Kingdom
538959,25150,PRODUTO TESTE,13,10/14/2011 00:00,48.06,10188.0,United Kingdom
539989,94277,PRODUTO TESTE,42,08/17/2011 00:00,34.58,10081.0,United Kingdom
538901,97911,PRODUTO TESTE,11,08/14/2011 00:00,3.32,10024.0,United Kingdom
539964,79213,PRODUTO TESTE,11,12/08/2011 00:00,33.67,10046.0,United Kingdom
536063,62249,PRODUTO TESTE,12,05/18/2011 00:00,3.45,10179.0,United Kingdom
541352,87668,PRODUTO TESTE,32,03/02/2011 00:00,15.71,10145.0,United Kingdom
541366,33549,PRODUTO TESTE,1,12/02/2011 00:00,30.98,10020.0,United Kingdom
538840,67054,PRODUTO TESTE,2,02/07/2011 00:00,11.17,10076.0,United Kingdom
538376,82482,PRODUTO TESTE,37,08/29/2011 00:00,2.39,10052.0,United Kingdom
542854,82475,PRODUTO TESTE,6,04/08/2011 00:00,31.09,10035.0,United Kingdom
537690,62783,PRODUTO TESTE,0,12/06/2011 00:00,14.65,10169.0,United Kingdom
536423,44693,PRODUTO TESTE,9,12/22/2011 00:00,26.88,10123.0,France
536363,95469,PRODUTO TESTE,16,06/23/2011 00:00,13.43,10035.0,France
543935,70634,PRODUTO TESTE,-4,07/14/2011 00:00,34.48,10130.0,United Kingdom
539279,79297,PRODUTO TESTE,40,06/15/2011 00:00,44.84,10082.0,United Kingdom
536916,66097,PRODUTO TESTE,1,06/05/2011 00:00,4.78,10012.0,United Kingdom
543910,88952,PRODUTO TESTE,17,12/09/2011 00:00,39.42,10089.0,United Kingdom
537337,52990,PRODUTO TESTE,6,04/15/2011 00:00,8.23,10037.0,United Kingdom
539030,59197,PRODUTO TESTE,11,12/17/2011 00:00,16.81,10049.0,United Kingdom
536186,82354,PRODUTO TESTE,-3,08/26/2011 00:00,18.19,10175.0,United Kingdom
542111,56557,PRODUTO TESTE,47,12/17/2011 00:00,10.71,10142.0,United Kingdom
542293,32042,PRODUTO TESTE,46,08/12/2011 00:00,4.22,10026.0,United Kingdom
542808,78158,PRODUTO TESTE,1,10/26/2011 00:00,38.54,10170.0,United Kingdom
538367,43794,PRODUTO TESTE,5,06/28/2011 00:00,39.78,10114.0,France
538952,19451,PRODUTO TESTE,43,06/18/2011 00:00,49.84,10174.0,United Kingdom
544443,43545,PRODUTO TESTE,17,04/04/2011 00:00,46.76,10149.0,United Kingdom
543394,14862,PRODUTO TESTE,-2,03/18/2011 00:00,22.01,10067.0,France
536334,89039,PRODUTO TESTE,2,01/14/2011 00:00,7.1,10106.0,United Kingdom
542226,98532,PRODUTO TESTE,17,05/20/2011 00:00,1.03,10106.0,United Kingdom
543314,33996,PRODUTO TESTE,25,12/27/2011 00:00,26.81,10143.0,United Kingdom
541033,92465,PRODUTO TESTE,29,12/09/2011 00:00,43.1,10049.0,United Kingdom
541759,74030,PRODUTO TESTE,3,09/09/2011 00:00,13.76,10066.0,United Kingdom
536008,96008,PRODUTO TESTE,15,05/13/2011 00:00,10.35,10048.0,United Kingdom
536270,24641,PRODUTO TESTE,9,07/09/2011 00:00,22.23,10059.0,United Kingdom
536315,15612,PRODUTO TESTE,24,10/04/2011 00:00,44.73,10032.0,United Kingdom
537430,92824,PRODUTO TESTE,12,01/01/2011 00:00,22.86,10007.0,Eire
544917,34236,PRODUTO TESTE,6,12/03/2011 00:00,36.27,10188.0,United Kingdom
541709,63669,PRODUTO TESTE,39,11/14/2011 00:00,23.4,10014.0,United Kingdom
543040,91137,PRODUTO TESTE,26,12/21/2011 00:00,18.96,10177.0,United Kingdom
538660,40861,PRODUTO TESTE,21,02/04/2011 00:00,22.33,10000.0,United Kingdom
544438,18053,PRODUTO TESTE,2,12/12/2011 00:00,38.54,10155.0,United Kingdom
537790,81214,PRODUTO TESTE,-2,08/12/2011 00:00,37.84,10065.0,United Kingdom
544120,50628,PRODUTO TESTE,38,07/22/2011 00:00,21.87,10103.0,Germany
536277,12039,PRODUTO TESTE,48,03/07/2011 00:00,13.75,10056.0,United Kingdom
536183,40715,PRODUTO TESTE,27,06/29/2011 00:00,7.39,10098.0,United Kingdom
536710,57703,PRODUTO TESTE,-3,05/13/2011 00:00,0.57,10090.0,United Kingdom
543126,89185,PRODUTO TESTE,21,12/27/2011 00:00,6.11,10105.0,United Kingdom
538317,30359,PRODUTO TESTE,10,05/04/2011 00:00,8.65,10078.0,United Kingdom
540060,56626,PRODUTO TESTE,-2,03/21/2011 00:00,34.65,10107.0,United Kingdom
540241,26325,PRODUTO TESTE,2,12/12/2011 00:00,40.99,10165.0,United Kingdom
543106,36133,PRODUTO TESTE,22,03/10/2011 00:00,36.98,10086.0,United Kingdom
539138,33745,PRODUTO TESTE,18,11/27/2011 00:00,36.3,10072.0,United Kingdom
536060,57186,PRODUTO TESTE,25,12/18/2011 00:00,49.72,10026.0,United Kingdom
539478,69719,PRODUTO TESTE,33,04/23/2011 00:00,48.15,10071.0,United Kingdom
538593,20120,PRODUTO TESTE,9,09/09/2011 00:00,13.81,10025.0,France
542577,16826,PRODUTO TESTE,10,10/18/2011 00:00,7.68,10036.0,United Kingdom
542761,75807,PRODUTO TESTE,32,07/15/2011 00:00,8.09,10190.0,Eire
536827,36453,PRODUTO TESTE,5,09/12/2011 00:00,44.83,10017.0,United Kingdom
543137,65649,PRODUTO TESTE,-1,02/18/2011 00:00,5.57,10096.0,United Kingdom
536634,16906,PRODUTO TESTE,41,07/08/2011 00:00,17.34,10166.0,United Kingdom
541577,64063,PRODUTO TESTE,6,07/07/2011 00:00,26.75,10190.0,United Kingdom
539503,91844,PRODUTO TESTE,1,07/26/2011 00:00,30.87,10029.0,United Kingdom
538711,49405,PRODUTO TESTE,35,12/11/2011 00:00,29.99,10032.0,United Kingdom
540348,62011,PRODUTO TESTE,24,10/29/2011 00:00,39.43,10074.0,Germany
538793,36481,PRODUTO TESTE,3,08/09/2011 00:00,28.8,10110.0,United Kingdom
543144,35730,PRODUTO TESTE,41,05/28/2011 00:00,42.63,10191.0,United Kingdom
544700,15884,PRODUTO TESTE,8,05/28/2011 00:00,4.69,10041.0,United Kingdom
543342,53107,PRODUTO TESTE,32,01/08/2011 00:00,43.02,10032.0,United Kingdom
539952,95231,PRODUTO TESTE,30,07/21/2011 00:00,29.71,10050.0,United Kingdom
540529,20442,PRODUTO TESTE,40,04/03/2011 00:00,11.54,10174.0,United Kingdom
540024,47489,PRODUTO TESTE,35,11/20/2011 00:00,48.9,10006.0,United Kingdom
543141,85334,PRODUTO TESTE,33,10/10/2011 00:00,47.02,10076.0,United Kingdom
540970,54632,PRODUTO TESTE,-3,11/30/2011 00:00,42.36,10023.0,United Kingdom
540213,78437,PRODUTO TESTE,46,12/30/2011 00:00,45.62,10031.0,United Kingdom
539685,43818,PRODUTO TESTE,1,05/27/2011 00:00,19.42,10183.0,United Kingdom
539375,64230,PRODUTO TESTE,8,06/06/2011 00:00,11.78,10000.0,United Kingdom
540974,98907,PRODUTO TESTE,19,08/10/2011 00:00,9.55,10064.0,Germany
542200,63808,PRODUTO TESTE,10,06/07/2011 00:00,43.75,10183.0,United Kingdom
539891,81654,PRODUTO TESTE,27,04/12/2011 00:00,41.42,10121.0,Eire
543259,72422,PRODUTO TESTE,-3,09/16/2011 00:00,49.06,10014.0,United Kingdom
543440,18618,PRODUTO TESTE,19,06/14/2011 00:00,42.49,10093.0,United Kingdom
539861,24433,PRODUTO TESTE,14,12/10/2011 00:00,31.8,10194.0,United Kingdom
544181,64735,PRODUTO TESTE,30,03/22/2011 00:00,7.54,10080.0,United Kingdom
537557,41330,PRODUTO TESTE,23,06/11/2011 00:00,8.66,10105.0,United Kingdom
544388,53616,PRODUTO TESTE,36,07/13/2011 00:00,23.95,10106.0,United Kingdom
538646,53505,PRODUTO TESTE,4,11/28/2011 00:00,38.51,10132.0,United Kingdom
541078,81400,PRODUTO TESTE,47,07/31/2011 00:00,9.08,10037.0,Germany
538552,99173,PRODUTO TESTE,16,01/26/2011 00:00,45.82,10167.0,United Kingdom
539979,99757,PRODUTO TESTE,14,05/04/2011 00:00,34.35,10197.0,United Kingdom
539060,17174,PRODUTO TESTE,25,11/20/2011 00:00,15.96,10028.0,United Kingdom
542347,76986,PRODUTO TESTE,3,04/10/2011 00:00,44.35,10163.0,United Kingdom
536730,75275,PRODUTO TESTE,39,05/05/2011 00:00,30.13,10163.0,United Kingdom
543544,87842,PRODUTO TESTE,9,02/25/2011 00:00,36.79,10148.0,United Kingdom
544134,48407,PRODUTO TESTE,46,09/20/2011 00:00,19.58,10074.0,United Kingdom
541066,55236,PRODUTO TESTE,3,02/20/2011 00:00,19.98,10093.0,United Kingdom
540925,50649,PRODUTO TESTE,42,05/15/2011 00:00,1.12,10167.0,United Kingdom
542299,43623,PRODUTO TESTE,16,09/17/2011 00:00,27.13,10030.0,United Kingdom
537791,32215,PRODUTO TESTE,28,11/23/2011 00:00,38.16,10165.0,United Kingdom
542747,67894,PRODUTO TESTE,42,03/22/2011 00:00,48.46,10184.0,United Kingdom
537968,11506,PRODUTO TESTE,2,05/02/2011 00:00,44.67,10136.0,United Kingdom
542087,77446,PRODUTO TESTE,14,02/13/2011 00:00,4.81,10068.0,France
538750,85739,PRODUTO TESTE,47,06/09/2011 00:00,49.04,10111.0,United Kingdom
542715,30477,PRODUTO TESTE,3,12/31/2011 00:00,7.9,10010.0,United Kingdom
543119,29225,PRODUTO TESTE,0,04/22/2011 00:00,2.54,10186.0,United Kingdom
537877,55304,PRODUTO TESTE,23,04/05/2011 00:00,37.57,10068.0,United Kingdom
541556,86169,PRODUTO TESTE,-4,05/26/2011 00:00,45.34,10011.0,United Kingdom
540485,20241,PRODUTO TESTE,49,11/24/2011 00:00,47.51,10158.0,United Kingdom
538646,48871,PRODUTO TESTE,44,07/19/2011 00:00,41.34,10131.0,Eire
541294,29471,PRODUTO TESTE,5,08/11/2011 00:00,10.64,10124.0,Eire
544933,86681,PRODUTO TESTE,4,10/12/2011 00:00,8.12,10010.0,United Kingdom
536022,89366,PRODUTO TESTE,37,09/19/2011 00:00,3.42,10150.0,United Kingdom
544611,17578,PRODUTO TESTE,23,08/07/2011 00:00,29.31,10127.0,United Kingdom
543703,23025,PRODUTO TESTE,40,07/24/2011 00:00,24.62,10158.0,United Kingdom
540764,24154,PRODUTO TESTE,48,07/14/2011 00:00,5.91,10165.0,United Kingdom
541490,83020,PRODUTO TESTE,17,03/07/2011 00:00,23.51,10042.0,United Kingdom
539322,91055,PRODUTO TESTE,8,06/01/2011 00:00,28.58,10042.0,United Kingdom
537162,43533,PRODUTO TESTE,29,11/06/2011 00:00,36.29,10184.0,United Kingdom
541143,24179,PRODUTO TESTE,29,01/15/2011 00:00,21.0,10106.0,United Kingdom
543347,69716,PRODUTO TESTE,18,10/30/2011 00:00,16.26,10087.0,United Kingdom
538079,90141,PRODUTO TESTE,11,07/26/2011 00:00,33.45,10057.0,Germany
542453,91928,PRODUTO TESTE,9,05/08/2011 00:00,34.37,10127.0,United Kingdom
542732,50050,PRODUTO TESTE,23,02/11/2011 00:00,13.89,10150.0,United Kingdom
542824,80280,PRODUTO TESTE,18,10/06/2011 00:00,1.48,10000.0,United Kingdom
539060,96038,PRODUTO TESTE,20,01/01/2011 00:00,47.31,10110.0,United Kingdom
539528,84333,PRODUTO TESTE,0,07/18/2011 00:00,37.89,10198.0,United Kingdom
539745,52719,PRODUTO TESTE,43,03/01/2011 00:00,10.45,10056.0,Germany
543687,33503,PRODUTO TESTE,33,11/28/2011 00:00,28.5,10056.0,United Kingdom
544104,43474,PRODUTO TESTE,45,03/08/2011 00:00,29.95,10175.0,United Kingdom
539726,42550,PRODUTO TESTE,40,10/21/2011 00:00,6.74,10012.0,Germany
544729,98882,PRODUTO TESTE,29,07/29/2011 00:00,9.99,10079.0,United Kingdom
541134,75950,PRODUTO TESTE,11,01/15/2011 00:00,47.86,10091.0,United Kingdom
539465,87264,PRODUTO TESTE,30,09/20/2011 00:00,25.65,10159.0,Germany
536005,79950,PRODUTO TESTE,26,11/17/2011 00:00,9.98,10025.0,United Kingdom
541499,52876,PRODUTO TESTE,45,03/22/2011 00:00,39.98,10086.0,United Kingdom
541803,81103,PRODUTO TESTE,7,12/20/2011 00:00,23.79,10030.0,United Kingdom
544715,67598,PRODUTO TESTE,-4,10/19/2011 00:00,32.1,10157.0,United Kingdom
542463,76608,PRODUTO TESTE,2,09/28/2011 00:00,15.23,10126.0,United Kingdom
536267,37076,PRODUTO TESTE,4,05/03/2011 00:00,3.37,10099.0,United Kingdom
541103,30845,PRODUTO TESTE,31,02/13/2011 00:00,8.66,10078.0,Eire
542685,26220,PRODUTO TESTE,3,06/06/2011 00:00,48.67,10030.0,United Kingdom
540469,36017,PRODUTO TESTE,2,10/22/2011 00:00,31.37,10184.0,United Kingdom
539864,98064,PRODUTO TESTE,16,08/03/2011 00:00,41.64,10129.0,United Kingdom
543289,94782,PRODUTO TESTE,38,08/25/2011 00:00,1.57,10063.0,Eire
541502,23162,PRODUTO TESTE,18,10/13/2011 00:00,38.39,10082.0,United Kingdom
542132,59846,PRODUTO TESTE,9,05/04/2011 00:00,24.51,10145.0,United Kingdom
540176,94634,PRODUTO TESTE,10,01/14/2011 00:00,33.43,10143.0,United Kingdom
538502,77899,PRODUTO TESTE,40,11/19/2011 00:00,18.23,10092.0,United Kingdom
540671,65098,PRODUTO TESTE,18,08/12/2011 00:00,31.23,10060.0,Eire
544631,63927,PRODUTO TESTE,15,07/26/2011 00:00,2.26,10131.0,Eire
541424,39347,PRODUTO TESTE,37,07/29/2011 00:00,2.76,10131.0,United Kingdom
542365,93204,PRODUTO TESTE,15,11/08/2011 00:00,40.04,10119.0,United Kingdom
537117,17479,PRODUTO TESTE,14,10/08/2011 00:00,6.66,10014.0,United Kingdom
544891,88189,PRODUTO TESTE,36,09/02/2011 00:00,1.19,10094.0,United Kingdom
538202,88409,PRODUTO TESTE,13,10/13/2011 00:00,45.67,10122.0,United Kingdom
544741,33523,PRODUTO TESTE,23,04/16/2011 00:00,13.64,10190.0,United Kingdom
540011,56076,PRODUTO TESTE,31,09/17/2011 00:00,29.33,10105.0,United Kingdom
544270,89622,PRODUTO TESTE,6,12/22/2011 00:00,42.03,10068.0,Germany
544026,52682,PRODUTO TESTE,2,03/27/2011 00:00,37.42,10111.0,United Kingdom
542798,37003,PRODUTO TESTE,41,07/28/2011 00:00,2.81,10035.0,United Kingdom
544247,16300,PRODUTO TESTE,11,09/06/2011 00:00,28.27,10018.0,United Kingdom
541484,49687,PRODUTO TESTE,13,07/08/2011 00:00,27.32,10135.0,United Kingdom
543638,34997,PRODUTO TESTE,27,12/20/2011 00:00,17.83,10197.0,United Kingdom
537549,86610,PRODUTO TESTE,0,05/28/2011 00:00,37.8,10169.0,United Kingdom
536632,87506,PRODUTO TESTE,-3,03/21/2011 00:00,48.22,10116.0,United Kingdom
540890,39161,PRODUTO TESTE,17,02/19/2011 00:00,7.79,10008.0,United Kingdom
543288,28944,PRODUTO TESTE,48,11/06/2011 00:00,7.69,10197.0,Germany
542888,36169,PRODUTO TESTE,26,09/08/2011 00:00,36.87,10089.0,France
540751,46168,PRODUTO TESTE,26,07/30/2011 00:00,22.99,10057.0,United Kingdom
540687,70178,PRODUTO TESTE,28,06/07/2011 00:00,39.86,10178.0,United Kingdom
541488,23704,PRODUTO TESTE,42,05/30/2011 00:00,7.48,10149.0,United Kingdom
543814,99969,PRODUTO TESTE,40,12/08/2011 00:00,2.47,10149.0,United Kingdom
543576,73022,PRODUTO TESTE,-4,09/06/2011 00:00,35.05,10055.0,Eire
536986,21794,PRODUTO TESTE,24,12/19/2011 00:00,49.74,10198.0,Eire
541361,38326,PRODUTO TESTE,25,10/20/2011 00:00,5.19,10090.0,United Kingdom
539428,73094,PRODUTO TESTE,7,10/08/2011 00:00,43.28,10106.0,United Kingdom
543194,55351,PRODUTO TESTE,48,07/22/2011 00:00,19.57,10150.0,United Kingdom
540553,57425,PRODUTO TESTE,9,03/30/2011 00:00,1.33,10131.0,United Kingdom
544922,13733,PRODUTO TESTE,40,08/27/2011 00:00,25.75,10034.0,Eire
539890,46955,PRODUTO TESTE,0,09/19/2011 00:00,14.3,10060.0,United Kingdom
542111,65306,PRODUTO TESTE,28,07/10/2011 00:00,34.82,10072.0,United Kingdom
536977,77486,PRODUTO TESTE,35,01/08/2011 00:00,14.75,10189.0,United Kingdom
544391,50225,PRODUTO TESTE,22,12/17/2011 00:00,24.34,10142.0,United Kingdom
537381,59934,PRODUTO TESTE,0,10/29/2011 00:00,10.43,10073.0,United Kingdom
539405,29980,PRODUTO TESTE,1,05/09/2011 00:00,41.49,10146.0,Germany
543538,81802,PRODUTO TESTE,28,06/30/2011 00:00,46.31,10147.0,United Kingdom
544706,72810,PRODUTO TESTE,42,02/15/2011 00:00,20.47,10078.0,United Kingdom
540359,76946,PRODUTO TESTE,27,12/08/2011 00:00,22.72,10080.0,United Kingdom
540362,70117,PRODUTO TESTE,0,03/26/2011 00:00,49.14,10178.0,United Kingdom
536438,98659,PRODUTO TESTE,38,05/18/2011 00:00,7.53,10112.0,United Kingdom
544809,89184,PRODUTO TESTE,20,06/06/2011 00:00,40.53,10029.0,United Kingdom
536148,82977,PRODUTO TESTE,-1,04/07/2011 00:00,28.58,10143.0,United Kingdom
536234,40172,PRODUTO TESTE,15,08/20/2011 00:00,44.1,10117.0,United Kingdom
540261,16011,PRODUTO TESTE,6,12/30/2011 00:00,14.98,10101.0,United Kingdom
536032,10066,PRODUTO TESTE,49,11/09/2011 00:00,15.16,10145.0,United Kingdom
537479,80161,PRODUTO TESTE,45,07/13/2011 00:00,16.63,10181.0,France
541649,90912,PRODUTO TESTE,0,02/17/2011 00:00,1.32,10066.0,United Kingdom
542346,68472,PRODUTO TESTE,26,11/12/2011 00:00,8.91,10083.0,United Kingdom
538683,74899,PRODUTO TESTE,-5,04/04/2011 00:00,49.73,10037.0,United Kingdom
543157,18081,PRODUTO TESTE,20,11/29/2011 00:00,12.82,10129.0,United Kingdom
541469,60892,PRODUTO TESTE,3,05/25/2011 00:00,1.49,10080.0,United Kingdom
538054,64493,PRODUTO TESTE,36,07/09/2011 00:00,14.29,10068.0,United Kingdom
542411,24096,PRODUTO TESTE,-2,06/09/2011 00:00,20.72,10139.0,United Kingdom
541329,77571,PRODUTO TESTE,44,06/16/2011 00:00,27.62,10081.0,United Kingdom
543309,40175,PRODUTO TESTE,7,03/02/2011 00:00,3.89,10092.0,United Kingdom
537390,27747,PRODUTO TESTE,9,07/21/2011 00:00,39.63,10088.0,Eire
538077,72637,PRODUTO TESTE,43,05/28/2011 00:00,41.36,10051.0,United Kingdom
538732,49141,PRODUTO TESTE,44,11/06/2011 00:00,11.05,10025.0,France
539072,58240,PRODUTO TESTE,0,06/24/2011 00:00,40.02,10165.0,United Kingdom
543999,58823,PRODUTO TESTE,0,12/19/2011 00:00,18.39,10018.0,United Kingdom
542592,66035,PRODUTO TESTE,41,04/19/2011 00:00,21.44,10064.0,United Kingdom
540896,47183,PRODUTO TESTE,48,04/30/2011 00:00,46.85,10133.0,United Kingdom
540864,83317,PRODUTO TESTE,21,01/14/2011 00:00,44.65,10026.0,United Kingdom
543972,88839,PRODUTO TESTE,4,09/27/2011 00:00,19.07,10131.0,United Kingdom
540021,53539,PRODUTO TESTE,3,01/27/2011 00:00,24.66,10146.0,United Kingdom
538027,25201,PRODUTO TESTE,9,04/15/2011 00:00,14.68,10132.0,United Kingdom
537232,35100,PRODUTO TESTE,32,11/29/2011 00:00,26.01,10061.0,United Kingdom
538970,79439,PRODUTO TESTE,0,08/11/2011 00:00,34.25,10003.0,United Kingdom
541879,33096,PRODUTO TESTE,30,07/23/2011 00:00,5.09,10177.0,United Kingdom
540238,80027,PRODUTO TESTE,39,10/21/2011 00:00,46.03,10065.0,United Kingdom
539796,69591,PRODUTO TESTE,2,10/09/2011 00:00,36.08,10161.0,United Kingdom
540320,50322,PRODUTO TESTE,49,11/20/2011 00:00,5.29,10039.0,United Kingdom
544773,21381,PRODUTO TESTE,49,08/31/2011 00:00,43.51,10032.0,United Kingdom
544978,58552,PRODUTO TESTE,11,06/13/2011 00:00,37.31,10155.0,United Kingdom
537451,72350,PRODUTO TESTE,1,02/17/2011 00:00,16.0,10187.0,United Kingdom
537030,23820,PRODUTO TESTE,12,05/15/2011 00:00,26.31,10172.0,United Kingdom
538198,84246,PRODUTO TESTE,9,09/15/2011 00:00,43.08,10150.0,United Kingdom
543667,27563,PRODUTO TESTE,10,04/03/2011 00:00,48.42,10049.0,United Kingdom
540135,47131,PRODUTO TESTE,45,09/02/2011 00:00,14.41,10182.0,United Kingdom
543773,57849,PRODUTO TESTE,3,02/18/2011 00:00,32.7,10133.0,United Kingdom
541820,76511,PRODUTO TESTE,12,01/23/2011 00:00,43.08,10034.0,United Kingdom
540978,30221,PRODUTO TESTE,38,05/14/2011 00:00,49.41,10025.0,United Kingdom
538533,40226,PRODUTO TESTE,-2,03/25/2011 00:00,4.0,10174.0,United Kingdom
539096,82581,PRODUTO TESTE,-2,11/15/2011 00:00,25.43,10055.0,United Kingdom
537329,39663,PRODUTO TESTE,11,05/19/2011 00:00,43.75,10153.0,United Kingdom
540673,65459,PRODUTO TESTE,48,06/02/2011 00:00,0.66,10027.0,United Kingdom
538523,45802,PRODUTO TESTE,41,05/28/2011 00:00,22.14,10056.0,United Kingdom
538632,15092,PRODUTO TESTE,46,04/26/2011 00:00,29.42,10056.0,United Kingdom
536355,56302,PRODUTO TESTE,42,12/01/2011 00:00,26.56,10056.0,France
543191,42208,PRODUTO TESTE,1,09/27/2011 00:00,36.77,10134.0,United Kingdom
544453,33845,PRODUTO TESTE,17,02/27/2011 00:00,3.74,10182.0,United Kingdom
540484,87257,PRODUTO TESTE,24,03/20/2011 00:00,39.38,10182.0,United Kingdom
540824,79682,PRODUTO TESTE,4,01/30/2011 00:00,14.52,10148.0,United Kingdom
544332,34969,PRODUTO TESTE,49,04/04/2011 00:00,41.3,10040.0,Germany
540603,57147,PRODUTO TESTE,28,08/28/2011 00:00,21.26,10192.0,United Kingdom
541604,74773,PRODUTO TESTE,41,12/08/2011 00:00,2.62,10108.0,United Kingdom
539852,14793,PRODUTO TESTE,9,06/25/2011 00:00,48.21,10109.0,United Kingdom
540628,18441,PRODUTO TESTE,34,01/30/2011 00:00,39.14,10140.0,United Kingdom
540696,58594,PRODUTO TESTE,0,01/18/2011 00:00,17.72,10153.0,United Kingdom
542399,93747,PRODUTO TESTE,-4,06/01/2011 00:00,13.87,10190.0,United Kingdom
541437,93472,PRODUTO TESTE,30,04/07/2011 00:00,29.65,10116.0,France
540535,50440,PRODUTO TESTE,-2,07/30/2011 00:00,49.37,10122.0,Germany
536682,73360,PRODUTO TESTE,10,02/13/2011 00:00,14.86,10149.0,United Kingdom
544140,54240,PRODUTO TESTE,38,03/26/2011 00:00,47.44,10051.0,Eire
543994,91419,PRODUTO TESTE,22,07/22/2011 00:00,16.85,10061.0,United Kingdom
537660,61284,PRODUTO TESTE,15,04/13/2011 00:00,35.35,10125.0,United Kingdom
538639,90216,PRODUTO TESTE,10,05/14/2011 00:00,19.4,10012.0,Germany
544760,42708,PRODUTO TESTE,31,03/22/2011 00:00,4.71,10064.0,United Kingdom
538889,93795,PRODUTO TESTE,47,01/19/2011 00:00,46.84,10143.0,United Kingdom
543309,75274,PRODUTO TESTE,35,05/06/2011 00:00,8.61,10195.0,United Kingdom
543071,79089,PRODUTO TESTE,14,05/01/2011 00:00,47.26,10103.0,United Kingdom
543746,11312,PRODUTO TESTE,18,11/24/2011 00:00,5.61,10079.0,United Kingdom
536144,82573,PRODUTO TESTE,0,11/22/2011 00:00,13.71,10088.0,United Kingdom
540346,24598,PRODUTO TESTE,2,06/07/2011 00:00,46.09,10137.0,United Kingdom
541089,94257,PRODUTO TESTE,9,04/16/2011 00:00,33.1,10108.0,United Kingdom
543534,26993,PRODUTO TESTE,16,06/02/2011 00:00,9.88,10004.0,United Kingdom
538020,84337,PRODUTO TESTE,49,08/10/2011 00:00,29.81,10107.0,United Kingdom
538760,67179,PRODUTO TESTE,42,05/22/2011 00:00,9.43,10080.0,United Kingdom
537619,45330,PRODUTO TESTE,1,10/03/2011 00:00,43.78,10140.0,United Kingdom
542857,90153,PRODUTO TESTE,13,12/18/2011 00:00,2.97,10175.0,United Kingdom
544989,44939,PRODUTO TESTE,-2,05/28/2011 00:00,26.72,10192.0,United Kingdom
537264,15727,PRODUTO TESTE,-2,02/12/2011 00:00,3.64,10122.0,United Kingdom
538098,16806,PRODUTO TESTE,15,02/14/2011 00:00,34.9,10072.0,Germany
538763,86720,PRODUTO TESTE,47,11/15/2011 00:00,46.82,10088.0,United Kingdom
544001,44602,PRODUTO TESTE,5,06/01/2011 00:00,41.64,10035.0,United Kingdom
540011,83755,PRODUTO TESTE,32,04/30/2011 00:00,18.9,10187.0,United Kingdom
538537,11804,PRODUTO TESTE,16,08/15/2011 00:00,12.23,10169.0,United Kingdom
538900,16896,PRODUTO TESTE,24,12/16/2011 00:00,6.49,10170.0,United Kingdom
541383,98926,PRODUTO TESTE,42,06/04/2011 00:00,43.74,10065.0,United Kingdom
539483,22890,PRODUTO TESTE,40,04/26/2011 00:00,4.51,10064.0,United Kingdom
537263,71888,PRODUTO TESTE,40,11/11/2011 00:00,31.63,10171.0,Eire
543380,41503,PRODUTO TESTE,17,01/31/2011 00:00,18.68,10108.0,United Kingdom
539800,55005,PRODUTO TESTE,-3,11/05/2011 00:00,49.79,10140.0,United Kingdom
538310,20320,PRODUTO TESTE,49,07/09/2011 00:00,25.69,10097.0,United Kingdom
542555,34013,PRODUTO TESTE,49,01/08/2011 00:00,27.67,10088.0,Germany
542707,78244,PRODUTO TESTE,42,03/25/2011 00:00,45.94,10126.0,France
537395,58206,PRODUTO TESTE,21,09/05/2011 00:00,48.5,10162.0,United Kingdom
536663,55365,PRODUTO TESTE,10,10/02/2011 00:00,29.39,10066.0,United Kingdom
536408,95036,PRODUTO TESTE,4,03/13/2011 00:00,39.91,10161.0,United Kingdom
542891,46968,PRODUTO TESTE,15,08/28/2011 00:00,31.92,10048.0,United Kingdom
541631,82329,PRODUTO TESTE,13,12/28/2011 00:00,21.66,10080.0,United Kingdom
543128,75244,PRODUTO TESTE,10,09/08/2011 00:00,3.34,10182.0,United Kingdom
541637,51466,PRODUTO TESTE,47,09/14/2011 00:00,36.03,10190.0,France
539615,36360,PRODUTO TESTE,31,03/12/2011 00:00,35.16,10184.0,United Kingdom
541306,41865,PRODUTO TESTE,7,08/21/2011 00:00,6.28,10063.0,United Kingdom
542502,88436,PRODUTO TESTE,30,09/16/2011 00:00,11.89,10168.0,United Kingdom
539589,37526,PRODUTO TESTE,33,02/10/2011 00:00,36.74,10187.0,United Kingdom
544236,68856,PRODUTO TESTE,23,04/24/2011 00:00,7.91,10195.0,United Kingdom
544096,21206,PRODUTO TESTE,47,11/19/2011 00:00,34.7,10004.0,United Kingdom
543206,41185,PRODUTO TESTE,48,12/31/2011 00:00,36.04,10148.0,United Kingdom
544930,94104,PRODUTO TESTE,18,03/05/2011 00:00,17.99,10199.0,United Kingdom
539514,58588,PRODUTO TESTE,20,09/25/2011 00:00,13.28,10152.0,United Kingdom
537026,84019,PRODUTO TESTE,6,07/03/2011 00:00,18.97,10046.0,United Kingdom
540357,33350,PRODUTO TESTE,38,08/04/2011 00:00,18.28,10152.0,United Kingdom
542713,78508,PRODUTO TESTE,46,07/06/2011 00:00,30.55,10021.0,United Kingdom
543014,98647,PRODUTO TESTE,31,11/13/2011 00:00,37.32,10096.0,Eire
539496,93259,PRODUTO TESTE,6,06/12/2011 00:00,43.16,10125.0,France
538633,49203,PRODUTO TESTE,23,08/04/2011 00:00,1.98,10091.0,United Kingdom
540009,71361,PRODUTO TESTE,38,09/02/2011 00:00,36.46,10139.0,United Kingdom
543234,90708,PRODUTO TESTE,-3,07/21/2011 00:00,16.05,10048.0,United Kingdom
536545,83231,PRODUTO TESTE,27,11/18/2011 00:00,42.01,10121.0,United Kingdom
538952,98020,PRODUTO TESTE,31,03/28/2011 00:00,4.25,10128.0,United Kingdom
538068,12815,PRODUTO TESTE,24,12/13/2011 00:00,27.78,10126.0,United Kingdom
543253,58220,PRODUTO TESTE,30,09/05/2011 00:00,27.66,10057.0,United Kingdom
540226,81239,PRODUTO TESTE,44,12/17/2011 00:00,16.66,10061.0,United Kingdom
536781,75698,PRODUTO TESTE,1,05/17/2011 00:00,48.53,10051.0,United Kingdom
538356,23821,PRODUTO TESTE,26,06/24/2011 00:00,5.79,10092.0,United Kingdom
536399,61501,PRODUTO TESTE,38,01/16/2011 00:00,7.25,10117.0,United Kingdom
540280,24880,PRODUTO TESTE,40,12/04/2011 00:00,32.39,10072.0,United Kingdom
544979,18240,PRODUTO TESTE,20,10/25/2011 00:00,25.96,10081.0,United Kingdom
541105,20038,PRODUTO TESTE,49,04/19/2011 00:00,13.59,10057.0,United Kingdom
543825,95716,PRODUTO TESTE,12,01/19/2011 00:00,15.56,10043.0,United Kingdom
542683,34485,PRODUTO TESTE,19,09/12/2011 00:00,8.27,10131.0,United Kingdom
543945,51096,PRODUTO TESTE,40,09/03/2011 00:00,43.45,10163.0,France
538799,33073,PRODUTO TESTE,19,07/12/2011 00:00,28.69,10058.0,United Kingdom
544561,90464,PRODUTO TESTE,13,02/27/2011 00:00,12.62,10172.0,Germany
538147,89999,PRODUTO TESTE,25,12/02/2011 00:00,19.97,10114.0,United Kingdom
539944,69003,PRODUTO TESTE,29,06/07/2011 00:00,45.38,10033.0,United Kingdom
542131,84576,PRODUTO TESTE,48,09/22/2011 00:00,44.4,10073.0,United Kingdom
538581,19467,PRODUTO TESTE,28,11/10/2011 00:00,3.92,10001.0,United Kingdom
538380,99994,PRODUTO TESTE,5,07/20/2011 00:00,32.88,10007.0,United Kingdom
537170,47534,PRODUTO TESTE,-3,02/04/2011 00:00,8.07,10067.0,Eire
536037,46044,PRODUTO TESTE,48,11/21/2011 00:00,10.94,10090.0,United Kingdom
540510,27626,PRODUTO TESTE,18,09/01/2011 00:00,43.28,10159.0,United Kingdom
544880,88934,PRODUTO TESTE,6,11/23/2011 00:00,44.81,10026.0,United Kingdom
537980,25287,PRODUTO TESTE,7,08/12/2011 00:00,4.59,10167.0,United Kingdom
539961,87210,PRODUTO TESTE,0,11/28/2011 00:00,43.76,10046.0,United Kingdom
544419,74357,PRODUTO TESTE,5,11/13/2011 00:00,36.56,10027.0,United Kingdom
542950,79480,PRODUTO TESTE,37,03/20/2011 00:00,38.9,10139.0,United Kingdom
536036,12701,PRODUTO TESTE,31,03/05/2011 00:00,39.69,10154.0,United Kingdom
540505,76462,PRODUTO TESTE,27,02/28/2011 00:00,25.61,10120.0,United Kingdom
537288,96951,PRODUTO TESTE,-5,10/19/2011 00:00,47.37,10023.0,United Kingdom
538223,45490,PRODUTO TESTE,31,03/29/2011 00:00,10.42,10023.0,United Kingdom
538218,50492,PRODUTO TESTE,48,06/14/2011 00:00,25.5,10078.0,United Kingdom
541512,20084,PRODUTO TESTE,45,10/15/2011 00:00,16.27,10090.0,United Kingdom
537790,54077,PRODUTO TESTE,16,06/06/2011 00:00,41.21,10199.0,United Kingdom
538266,70613,PRODUTO TESTE,28,01/23/2011 00:00,4.59,10057.0,United Kingdom
538032,36948,PRODUTO TESTE,11,05/13/2011 00:00,21.97,10038.0,United Kingdom
539211,76719,PRODUTO TESTE,43,02/04/2011 00:00,38.79,10189.0,United Kingdom
541904,17705,PRODUTO TESTE,45,05/21/2011 00:00,15.96,10030.0,United Kingdom
539599,70669,PRODUTO TESTE,7,09/26/2011 00:00,12.4,10005.0,United Kingdom
538947,62941,PRODUTO TESTE,21,07/09/2011 00:00,13.5,10084.0,United Kingdom
540658,30672,PRODUTO TESTE,7,09/04/2011 00:00,35.82,10080.0,United Kingdom
541535,41027,PRODUTO TESTE,28,02/08/2011 00:00,14.7,10123.0,United Kingdom
536138,31593,PRODUTO TESTE,11,10/01/2011 00:00,20.43,10175.0,United Kingdom
544012,66165,PRODUTO TESTE,33,06/05/2011 00:00,27.51,10186.0,United Kingdom
544247,67310,PRODUTO TESTE,48,04/15/2011 00:00,47.07,10057.0,United Kingdom
541423,60018,PRODUTO TESTE,42,08/26/2011 00:00,39.82,10196.0,Eire
541171,27461,PRODUTO TESTE,5,02/19/2011 00:00,9.67,10126.0,United Kingdom
542250,29521,PRODUTO TESTE,2,07/01/2011 00:00,44.21,10013.0,United Kingdom
539967,82978,PRODUTO TESTE,39,06/04/2011 00:00,42.32,10187.0,United Kingdom
539289,51548,PRODUTO TESTE,-1,03/02/2011 00:00,37.39,10027.0,United Kingdom
539174,49204,PRODUTO TESTE,17,12/14/2011 00:00,26.09,10117.0,United Kingdom
537437,37725,PRODUTO TESTE,49,05/13/2011 00:00,3.96,10158.0,United Kingdom
543570,93701,PRODUTO TESTE,19,01/15/2011 00:00,35.72,10049.0,United Kingdom
538885,31574,PRODUTO TESTE,-5,06/11/2011 00:00,26.16,10054.0,United Kingdom
538559,79193,PRODUTO TESTE,48,12/19/2011 00:00,15.83,10095.0,United Kingdom
544678,79272,PRODUTO TESTE,33,09/02/2011 00:00,0.99,10176.0,United Kingdom
540560,31907,PRODUTO TESTE,13,08/21/2011 00:00,11.94,10044.0,United Kingdom
541596,11071,PRODUTO TESTE,28,11/25/2011 00:00,30.48,10132.0,United Kingdom
538209,32491,PRODUTO TESTE,28,01/31/2011 00:00,6.06,10090.0,United Kingdom
538497,34199,PRODUTO TESTE,25,07/20/2011 00:00,32.94,10022.0,United Kingdom
542555,77048,PRODUTO TESTE,47,04/28/2011 00:00,41.07,10142.0,United Kingdom
540058,57797,PRODUTO TESTE,38,09/04/2011 00:00,16.25,10166.0,Eire
537329,48736,PRODUTO TESTE,9,11/08/2011 00:00,4.56,10115.0,Germany
543519,52852,PRODUTO TESTE,49,01/29/2011 00:00,7.42,10035.0,United Kingdom
539624,95739,PRODUTO TESTE,47,02/27/2011 00:00,18.22,10031.0,United Kingdom
542015,94613,PRODUTO TESTE,-3,12/15/2011 00:00,40.76,10084.0,United Kingdom
539071,12303,PRODUTO TESTE,11,06/29/2011 00:00,31.9,10101.0,United Kingdom
541045,85928,PRODUTO TESTE,28,04/26/2011 00:00,43.46,10110.0,United Kingdom
542980,42511,PRODUTO TESTE,43,02/25/2011 00:00,49.72,10048.0,Germany
543966,77643,PRODUTO TESTE,34,05/10/2011 00:00,10.53,10100.0,United Kingdom
537866,98642,PRODUTO TESTE,26,01/02/2011 00:00,34.89,10059.0,United Kingdom
542051,56266,PRODUTO TESTE,11,03/23/2011 00:00,23.59,10137.0,United Kingdom
544231,66165,PRODUTO TESTE,0,03/08/2011 00:00,24.93,10159.0,United Kingdom
541784,48601,PRODUTO TESTE,44,01/31/2011 00:00,16.62,10130.0,Germany
537287,16727,PRODUTO TESTE,24,12/20/2011 00:00,17.45,10000.0,United Kingdom
537707,13291,PRODUTO TESTE,20,10/16/2011 00:00,33.98,10198.0,United Kingdom
537825,42425,PRODUTO TESTE,48,12/10/2011 00:00,31.23,10004.0,Germany
536957,83949,PRODUTO TESTE,4,03/29/2011 00:00,16.27,10199.0,United Kingdom
542783,40730,PRODUTO TESTE,8,04/16/2011 00:00,6.37,10006.0,United Kingdom
544686,48763,PRODUTO TESTE,41,04/14/2011 00:00,29.12,10103.0,United Kingdom
540651,57810,PRODUTO TESTE,10,07/23/2011 00:00,37.1,10021.0,United Kingdom
541389,38886,PRODUTO TESTE,46,03/08/2011 00:00,28.15,10019.0,United Kingdom
542963,54093,PRODUTO TESTE,42,03/27/2011 00:00,0.68,10136.0,United Kingdom
539741,64596,PRODUTO TESTE,0,12/22/2011 00:00,14.47,10145.0,United Kingdom
540252,86604,PRODUTO TESTE,20,05/09/2011 00:00,39.04,10023.0,France
541301,77871,PRODUTO TESTE,36,10/13/2011 00:00,37.26,10195.0,United Kingdom
538741,83593,PRODUTO TESTE,21,03/25/2011 00:00,1.02,10064.0,Germany
536556,57074,PRODUTO TESTE,6,12/06/2011 00:00,23.78,10063.0,France
541109,72876,PRODUTO TESTE,-3,09/11/2011 00:00,22.15,10059.0,United Kingdom
543399,23462,PRODUTO TESTE,-5,11/11/2011 00:00,32.79,10092.0,United Kingdom
536659,23292,PRODUTO TESTE,4,07/08/2011 00:00,6.69,10035.0,United Kingdom
537949,92947,PRODUTO TESTE,9,11/27/2011 00:00,31.26,10084.0,United Kingdom
538366,64366,PRODUTO TESTE,11,05/13/2011 00:00,47.37,10041.0,United Kingdom
543240,20156,PRODUTO TESTE,42,06/24/2011 00:00,18.9,10010.0,United Kingdom
540541,46708,PRODUTO TESTE,22,01/23/2011 00:00,17.2,10073.0,United Kingdom
540809,97260,PRODUTO TESTE,2,03/04/2011 00:00,1.9,10134.0,United Kingdom
541807,11895,PRODUTO TESTE,-1,10/09/2011 00:00,3.34,10152.0,United Kingdom
538489,49822,PRODUTO TESTE,2,04/30/2011 00:00,46.61,10070.0,United Kingdom
542421,85320,PRODUTO TESTE,12,02/07/2011 00:00,48.79,10064.0,United Kingdom
536271,95195,PRODUTO TESTE,35,04/17/2011 00:00,0.78,10157.0,United Kingdom
537023,43178,PRODUTO TESTE,-3,05/09/2011 00:00,45.08,10136.0,France
543342,92317,PRODUTO TESTE,17,09/19/2011 00:00,9.11,10166.0,France
541923,74442,PRODUTO TESTE,19,02/03/2011 00:00,28.29,10181.0,United Kingdom
537588,46563,PRODUTO TESTE,3,01/10/2011 00:00,34.07,10164.0,United Kingdom
539948,80153,PRODUTO TESTE,-2,09/22/2011 00:00,18.27,10187.0,United Kingdom
536466,82001,PRODUTO TESTE,7,02/21/2011 00:00,26.68,10083.0,United Kingdom
542046,34756,PRODUTO TESTE,3,06/03/2011 00:00,31.56,10078.0,United Kingdom
542802,18079,PRODUTO TESTE,38,09/07/2011 00:00,10.1,10064.0,United Kingdom
538505,80274,PRODUTO TESTE,45,07/07/2011 00:00,49.72,10047.0,United Kingdom
539150,17446,PRODUTO TESTE,29,02/15/2011 00:00,10.59,10149.0,United Kingdom
538131,80060,PRODUTO TESTE,36,09/21/2011 00:00,1.01,10142.0,United Kingdom
539504,42035,PRODUTO TESTE,36,01/18/2011 00:00,47.24,10160.0,Eire
538450,73268,PRODUTO TESTE,43,03/26/2011 00:00,21.74,10033.0,United Kingdom
538223,64880,PRODUTO TESTE,0,02/09/2011 00:00,20.23,10098.0,United Kingdom
539871,13457,PRODUTO TESTE,49,07/07/2011 00:00,14.15,10044.0,Germany
543732,10838,PRODUTO TESTE,20,09/10/2011 00:00,1.78,10178.0,United Kingdom
542864,66662,PRODUTO TESTE,24,08/26/2011 00:00,13.6,10053.0,United Kingdom
538675,56365,PRODUTO TESTE,38,02/20/2011 00:00,19.97,10028.0,United Kingdom
544485,13927,PRODUTO TESTE,22,05/06/2011 00:00,26.26,10113.0,Germany
537891,97807,PRODUTO TESTE,9,02/23/2011 00:00,23.15,10175.0,United Kingdom
544196,31468,PRODUTO TESTE,-4,05/06/2011 00:00,44.01,10183.0,United Kingdom
538783,87259,PRODUTO TESTE,4,03/26/2011 00:00,45.61,10019.0,United Kingdom
540862,20508,PRODUTO TESTE,-1,09/28/2011 00:00,16.2,10065.0,United Kingdom
537828,30922,PRODUTO TESTE,15,10/02/2011 00:00,48.0,10030.0,United Kingdom
542858,57598,PRODUTO TESTE,37,10/26/2011 00:00,43.31,10061.0,United Kingdom
538858,57525,PRODUTO TESTE,13,03/15/2011 00:00,46.42,10106.0,United Kingdom
543853,64336,PRODUTO TESTE,27,01/05/2011 00:00,35.46,10056.0,United Kingdom
536746,25426,PRODUTO TESTE,5,01/13/2011 00:00,10.31,10013.0,United Kingdom
540518,33779,PRODUTO TESTE,27,11/04/2011 00:00,10.16,10102.0,United Kingdom
537426,33693,PRODUTO TESTE,47,11/27/2011 00:00,45.48,10010.0,United Kingdom
544000,49642,PRODUTO TESTE,12,03/19/2011 00:00,25.6,10045.0,United Kingdom
539753,93069,PRODUTO TESTE,21,11/16/2011 00:00,44.58,10000.0,United Kingdom
542070,51618,PRODUTO TESTE,47,07/13/2011 00:00,36.17,10017.0,Germany
543915,99799,PRODUTO TESTE,28,03/09/2011 00:00,11.02,10087.0,Eire
540820,32643,PRODUTO TESTE,16,04/25/2011 00:00,19.55,10170.0,United Kingdom
536515,31830,PRODUTO TESTE,1,04/07/2011 00:00,48.41,10154.0,United Kingdom
537986,19096,PRODUTO TESTE,46,10/06/2011 00:00,1.47,10019.0,United Kingdom
537914,29085,PRODUTO TESTE,28,03/10/2011 00:00,35.87,10006.0,United Kingdom
544227,38054,PRODUTO TESTE,-2,03/08/2011 00:00,48.95,10067.0,United Kingdom
544175,44546,PRODUTO TESTE,25,09/20/2011 00:00,5.66,10130.0,France
540292,74223,PRODUTO TESTE,48,04/21/2011 00:00,13.96,10149.0,United Kingdom
544010,50126,PRODUTO TESTE,46,04/02/2011 00:00,27.58,10164.0,United Kingdom
538214,71760,PRODUTO TESTE,5,10/22/2011 00:00,42.27,10068.0,Eire
542115,18032,PRODUTO TESTE,17,12/06/2011 00:00,25.57,10033.0,United Kingdom
539527,95225,PRODUTO TESTE,49,07/22/2011 00:00,3.45,10005.0,United Kingdom
538164,23293,PRODUTO TESTE,38,10/30/2011 00:00,6.8,10029.0,United Kingdom
538250,13011,PRODUTO TESTE,25,11/04/2011 00:00,19.11,10013.0,United Kingdom
539778,48234,PRODUTO TESTE,11,08/03/2011 00:00,16.47,10172.0,Germany
539056,68615,PRODUTO TESTE,36,10/30/2011 00:00,11.37,10053.0,United Kingdom
537900,31187,PRODUTO TESTE,26,01/04/2011 00:00,42.09,10164.0,United Kingdom
539007,24671,PRODUTO TESTE,23,01/13/2011 00:00,1.83,10110.0,United Kingdom
537157,86043,PRODUTO TESTE,45,11/19/2011 00:00,41.55,10107.0,Germany
544727,84214,PRODUTO TESTE,15,02/21/2011 00:00,46.12,10090.0,United Kingdom
539419,77638,PRODUTO TESTE,29,09/23/2011 00:00,31.69,10163.0,United Kingdom
536966,29860,PRODUTO TESTE,-3,06/03/2011 00:00,31.45,10008.0,United Kingdom
541182,58269,PRODUTO TESTE,34,10/15/2011 00:00,7.88,10018.0,Germany
543948,72057,PRODUTO TESTE,25,08/31/2011 00:00,28.63,10084.0,United Kingdom
539239,48936,PRODUTO TESTE,43,01/27/2011 00:00,19.07,10078.0,United Kingdom
543607,26107,PRODUTO TESTE,13,05/03/2011 00:00,11.84,10109.0,Germany
541497,84788,PRODUTO TESTE,45,09/16/2011 00:00,29.37,10147.0,United Kingdom
542653,94457,PRODUTO TESTE,26,12/03/2011 00:00,0.56,10117.0,United Kingdom
538666,24939,PRODUTO TESTE,6,10/21/2011 00:00,14.18,10051.0,United Kingdom
536332,73277,PRODUTO TESTE,3,11/22/2011 00:00,32.97,10065.0,United Kingdom
539112,89864,PRODUTO TESTE,5,12/16/2011 00:00,23.02,10150.0,United Kingdom
544320,58710,PRODUTO TESTE,11,11/23/2011 00:00,7.71,10040.0,United Kingdom
543116,14416,PRODUTO TESTE,25,07/31/2011 00:00,0.57,10100.0,United Kingdom
543057,72148,PRODUTO TESTE,42,05/03/2011 00:00,13.89,10107.0,United Kingdom
543904,93104,PRODUTO TESTE,49,07/05/2011 00:00,27.68,10150.0,United Kingdom
539359,33536,PRODUTO TESTE,32,10/18/2011 00:00,26.96,10142.0,France
538898,22492,PRODUTO TESTE,21,06/05/2011 00:00,6.99,10092.0,United Kingdom
544326,32725,PRODUTO TESTE,28,10/31/2011 00:00,30.88,10061.0,United Kingdom
541143,83088,PRODUTO TESTE,13,09/13/2011 00:00,49.95,10073.0,United Kingdom
538681,60146,PRODUTO TESTE,8,03/18/2011 00:00,29.45,10082.0,United Kingdom
538503,11624,PRODUTO TESTE,24,12/03/2011 00:00,26.62,10043.0,United Kingdom
543895,62891,PRODUTO TESTE,40,11/05/2011 00:00,31.32,10125.0,United Kingdom
536480,83356,PRODUTO TESTE,-2,08/07/2011 00:00,44.04,10041.0,United Kingdom
536555,26671,PRODUTO TESTE,1,03/12/2011 00:00,47.33,10129.0,United Kingdom
542640,62565,PRODUTO TESTE,4,03/24/2011 00:00,2.53,10150.0,United Kingdom
536012,30597,PRODUTO TESTE,6,11/03/2011 00:00,10.65,10192.0,Germany
537539,11713,PRODUTO TESTE,3,01/07/2011 00:00,6.23,10023.0,United Kingdom
544915,46059,PRODUTO TESTE,2,06/26/2011 00:00,38.73,10151.0,United Kingdom
539831,79678,PRODUTO TESTE,-4,08/14/2011 00:00,2.76,10017.0,United Kingdom
542548,70207,PRODUTO TESTE,14,03/26/2011 00:00,45.18,10067.0,United Kingdom
540383,19140,PRODUTO TESTE,34,11/12/2011 00:00,1.52,10035.0,United Kingdom
536815,26730,PRODUTO TESTE,3,07/10/2011 00:00,30.33,10032.0,France
537660,58590,PRODUTO TESTE,12,01/25/2011 00:00,14.14,10035.0,France
542849,38865,PRODUTO TESTE,48,04/27/2011 00:00,23.79,10008.0,United Kingdom
536850,39880,PRODUTO TESTE,4,05/26/2011 00:00,22.37,10164.0,United Kingdom
541351,49243,PRODUTO TESTE,49,03/23/2011 00:00,37.57,10012.0,United Kingdom
539132,78324,PRODUTO TESTE,23,12/10/2011 00:00,25.08,10079.0,United Kingdom
539332,61817,PRODUTO TESTE,34,05/12/2011 00:00,21.35,10139.0,United Kingdom
544570,86789,PRODUTO TESTE,12,07/03/2011 00:00,36.65,10198.0,United Kingdom
541453,19195,PRODUTO TESTE,12,07/15/2011 00:00,46.33,10170.0,United Kingdom
541536,51784,PRODUTO TESTE,16,03/22/2011 00:00,39.8,10027.0,France
539153,59534,PRODUTO TESTE,2,07/27/2011 00:00,36.97,10197.0,United Kingdom
539432,78213,PRODUTO TESTE,12,05/10/2011 00:00,24.64,10130.0,United Kingdom
542171,56379,PRODUTO TESTE,44,01/04/2011 00:00,45.06,10035.0,United Kingdom
536350,92495,PRODUTO TESTE,-5,05/29/2011 00:00,24.57,10089.0,United Kingdom
538135,85401,PRODUTO TESTE,26,08/02/2011 00:00,46.55,10183.0,France
541402,72027,PRODUTO TESTE,32,02/12/2011 00:00,40.24,10078.0,United Kingdom
541611,45776,PRODUTO TESTE,2,10/12/2011 00:00,7.94,10036.0,United Kingdom
536830,38978,PRODUTO TESTE,1,08/30/2011 00:00,2.83,10175.0,United Kingdom
543090,58013,PRODUTO TESTE,25,04/24/2011 00:00,37.17,10190.0,United Kingdom
540882,51697,PRODUTO TESTE,7,08/05/2011 00:00,34.45,10195.0,United Kingdom
538139,12636,PRODUTO TESTE,48,04/21/2011 00:00,30.3,10191.0,United Kingdom
542767,30699,PRODUTO TESTE,5,08/25/2011 00:00,48.82,10174.0,United Kingdom
544917,85168,PRODUTO TESTE,2,02/26/2011 00:00,27.5,10090.0,United Kingdom
539812,51256,PRODUTO TESTE,13,08/11/2011 00:00,17.72,10038.0,United Kingdom
538551,95474,PRODUTO TESTE,13,01/21/2011 00:00,28.47,10123.0,United Kingdom
538694,32129,PRODUTO TESTE,3,01/07/2011 00:00,1.91,10044.0,United Kingdom
541333,97099,PRODUTO TESTE,31,04/03/2011 00:00,29.17,10094.0,Germany
536426,82651,PRODUTO TESTE,14,03/05/2011 00:00,45.17,10131.0,Germany
540350,42266,PRODUTO TESTE,23,06/29/2011 00:00,0.71,10189.0,United Kingdom
536223,64891,PRODUTO TESTE,8,03/02/2011 00:00,42.34,10057.0,United Kingdom
536347,98954,PRODUTO TESTE,0,03/31/2011 00:00,40.2,10050.0,Eire
539870,66991,PRODUTO TESTE,-2,02/05/2011 00:00,5.75,10146.0,United Kingdom
542709,93852,PRODUTO TESTE,-3,11/20/2011 00:00,42.42,10001.0,United Kingdom
543950,19923,PRODUTO TESTE,42,09/26/2011 00:00,38.3,10113.0,United Kingdom
536788,24720,PRODUTO TESTE,9,03/21/2011 00:00,24.81,10149.0,United Kingdom
538196,10131,PRODUTO TESTE,11,02/13/2011 00:00,12.64,10110.0,United Kingdom
539794,39275,PRODUTO TESTE,26,11/07/2011 00:00,14.76,10076.0,United Kingdom
541166,81026,PRODUTO TESTE,0,09/01/2011 00:00,30.81,10165.0,United Kingdom
544883,96752,PRODUTO TESTE,28,11/20/2011 00:00,12.69,10074.0,France
542158,58807,PRODUTO TESTE,23,03/07/2011 00:00,16.61,10142.0,United Kingdom
540845,48034,PRODUTO TESTE,38,05/11/2011 00:00,46.58,10092.0,United Kingdom
536547,93838,PRODUTO TESTE,1,02/13/2011 00:00,36.6,10005.0,United Kingdom
536727,62946,PRODUTO TESTE,-5,06/04/2011 00:00,36.94,10106.0,United Kingdom
537377,58350,PRODUTO TESTE,37,03/01/2011 00:00,47.82,10009.0,United Kingdom
541947,17642,PRODUTO TESTE,15,01/02/2011 00:00,0.79,10186.0,United Kingdom
538981,29320,PRODUTO TESTE,-2,07/05/2011 00:00,12.6,10120.0,United Kingdom
538168,72794,PRODUTO TESTE,25,12/24/2011 00:00,33.07,10074.0,United Kingdom
542030,72862,PRODUTO TESTE,20,08/24/2011 00:00,22.19,10097.0,United Kingdom
543338,54630,PRODUTO TESTE,47,10/04/2011 00:00,6.08,10123.0,United Kingdom
539951,73087,PRODUTO TESTE,46,10/24/2011 00:00,39.17,10052.0,Germany
543936,72214,PRODUTO TESTE,24,12/21/2011 00:00,2.83,10057.0,United Kingdom
542607,15897,PRODUTO TESTE,3,02/16/2011 00:00,27.42,10083.0,United Kingdom
542446,85144,PRODUTO TESTE,36,04/02/2011 00:00,28.34,10051.0,United Kingdom
543808,72427,PRODUTO TESTE,6,08/13/2011 00:00,31.98,10151.0,United Kingdom
537654,29745,PRODUTO TESTE,41,10/27/2011 00:00,16.12,10020.0,United Kingdom
542825,29127,PRODUTO TESTE,28,10/10/2011 00:00,1.67,10165.0,United Kingdom
544619,96223,PRODUTO TESTE,14,09/23/2011 00:00,44.5,10069.0,United Kingdom
544930,32906,PRODUTO TESTE,48,04/25/2011 00:00,46.5,10112.0,United Kingdom
541202,12911,PRODUTO TESTE,23,05/14/2011 00:00,24.36,10031.0,Eire
542789,12827,PRODUTO TESTE,16,01/30/2011 00:00,1.52,10077.0,United Kingdom
543997,30545,PRODUTO TESTE,5,04/25/2011 00:00,29.25,10150.0,United Kingdom
543669,66462,PRODUTO TESTE,30,02/26/2011 00:00,16.14,10054.0,France
544080,51064,PRODUTO TESTE,9,12/09/2011 00:00,9.53,10026.0,United Kingdom
543491,75854,PRODUTO TESTE,3,02/03/2011 00:00,8.86,10104.0,United Kingdom
539431,30885,PRODUTO TESTE,1,05/13/2011 00:00,9.37,10032.0,United Kingdom
542572,30744,PRODUTO TESTE,30,11/20/2011 00:00,16.88,10062.0,United Kingdom
539693,46379,PRODUTO TESTE,45,12/15/2011 00:00,14.39,10090.0,United Kingdom
543216,81327,PRODUTO TESTE,8,05/18/2011 00:00,41.9,10112.0,United Kingdom
543292,55264,PRODUTO TESTE,6,06/19/2011 00:00,25.02,10127.0,United Kingdom
544412,78582,PRODUTO TESTE,28,07/11/2011 00:00,21.67,10135.0,United Kingdom
541294,18434,PRODUTO TESTE,2,10/28/2011 00:00,7.72,10168.0,United Kingdom
540276,46878,PRODUTO TESTE,-1,10/08/2011 00:00,43.86,10013.0,France
537489,49366,PRODUTO TESTE,30,07/11/2011 00:00,3.21,10072.0,Germany
541744,16140,PRODUTO TESTE,23,05/16/2011 00:00,12.36,10000.0,United Kingdom
541097,38277,PRODUTO TESTE,-4,05/16/2011 00:00,31.26,10001.0,United Kingdom
540634,35216,PRODUTO TESTE,8,08/25/2011 00:00,35.26,10042.0,United Kingdom
542086,51002,PRODUTO TESTE,5,11/01/2011 00:00,40.16,10119.0,United Kingdom
543659,24888,PRODUTO TESTE,32,01/28/2011 00:00,20.81,10178.0,United Kingdom
537338,34265,PRODUTO TESTE,31,10/08/2011 00:00,17.66,10154.0,United Kingdom
539882,96292,PRODUTO TESTE,36,06/25/2011 00:00,14.78,10129.0,United Kingdom
542500,22871,PRODUTO TESTE,0,02/22/2011 00:00,28.62,10155.0,United Kingdom
543377,83596,PRODUTO TESTE,41,02/05/2011 00:00,17.76,10034.0,United Kingdom
543005,58857,PRODUTO TESTE,6,05/04/2011 00:00,16.74,10167.0,United Kingdom
543194,17053,PRODUTO TESTE,49,04/01/2011 00:00,1.34,10178.0,United Kingdom
543695,46075,PRODUTO TESTE,42,02/08/2011 00:00,47.44,10019.0,United Kingdom
544656,56210,PRODUTO TESTE,20,04/18/2011 00:00,3.5,10093.0,United Kingdom
541472,34951,PRODUTO TESTE,38,11/01/2011 00:00,13.91,10166.0,France
538240,34019,PRODUTO TESTE,31,09/19/2011 00:00,46.11,10095.0,United Kingdom
541071,74093,PRODUTO TESTE,37,03/18/2011 00:00,36.9,10168.0,United Kingdom
542386,12890,PRODUTO TESTE,-4,09/04/2011 00:00,29.12,10187.0,United Kingdom
536906,93539,PRODUTO TESTE,-1,06/14/2011 00:00,33.21,10094.0,United Kingdom
542812,39006,PRODUTO TESTE,44,09/30/2011 00:00,5.3,10011.0,United Kingdom
540897,44348,PRODUTO TESTE,37,04/01/2011 00:00,40.53,10068.0,United Kingdom
544426,21482,PRODUTO TESTE,28,01/23/2011 00:00,12.88,10043.0,United Kingdom
537906,89283,PRODUTO TESTE,12,04/25/2011 00:00,47.83,10094.0,United Kingdom
544162,30045,PRODUTO TESTE,18,12/29/2011 00:00,11.95,10117.0,Germany
540032,82334,PRODUTO TESTE,16,07/22/2011 00:00,31.46,10092.0,France
541161,39388,PRODUTO TESTE,18,01/20/2011 00:00,27.49,10039.0,United Kingdom
541940,12850,PRODUTO TESTE,29,12/23/2011 00:00,7.58,10060.0,United Kingdom
541212,46799,PRODUTO TESTE,36,10/29/2011 00:00,18.46,10135.0,United Kingdom
544134,57095,PRODUTO TESTE,16,07/18/2011 00:00,39.17,10005.0,United Kingdom
537505,52159,PRODUTO TESTE,40,09/28/2011 00:00,11.02,10042.0,United Kingdom
542568,98836,PRODUTO TESTE,-1,03/09/2011 00:00,48.16,10178.0,United Kingdom
544774,56817,PRODUTO TESTE,39,08/04/2011 00:00,15.13,10019.0,United Kingdom
537981,80111,PRODUTO TESTE,32,11/30/2011 00:00,31.52,10082.0,United Kingdom
538295,43299,PRODUTO TESTE,23,06/10/2011 00:00,31.13,10041.0,United Kingdom
540275,23037,PRODUTO TESTE,15,01/15/2011 00:00,23.8,10020.0,United Kingdom
542522,54850,PRODUTO TESTE,15,10/04/2011 00:00,32.94,10084.0,United Kingdom
544630,60392,PRODUTO TESTE,14,09/24/2011 00:00,37.31,10104.0,United Kingdom
543162,47606,PRODUTO TESTE,47,09/28/2011 00:00,31.14,10035.0,United Kingdom
543146,78992,PRODUTO TESTE,-4,08/25/2011 00:00,28.22,10015.0,United Kingdom
539970,96798,PRODUTO TESTE,29,02/20/2011 00:00,30.53,10026.0,Germany
541808,17271,PRODUTO TESTE,49,02/11/2011 00:00,20.4,10130.0,United Kingdom
537900,16087,PRODUTO TESTE,24,10/17/2011 00:00,4.01,10172.0,France
540168,34649,PRODUTO TESTE,30,11/09/2011 00:00,8.41,10036.0,United Kingdom
537700,62735,PRODUTO TESTE,27,01/29/2011 00:00,30.53,10064.0,United Kingdom
536244,13824,PRODUTO TESTE,22,08/01/2011 00:00,46.4,10068.0,United Kingdom
543708,27428,PRODUTO TESTE,29,07/02/2011 00:00,1.77,10072.0,United Kingdom
543242,46810,PRODUTO TESTE,44,05/08/2011 00:00,27.43,10048.0,United Kingdom
540596,43789,PRODUTO TESTE,34,08/24/2011 00:00,12.98,10011.0,United Kingdom
536130,86179,PRODUTO TESTE,41,11/30/2011 00:00,28.31,10105.0,United Kingdom
536811,59181,PRODUTO TESTE,25,10/27/2011 00:00,37.61,10071.0,United Kingdom
537005,88504,PRODUTO TESTE,37,02/25/2011 00:00,36.9,10068.0,France
542453,78382,PRODUTO TESTE,43,06/19/2011 00:00,36.38,10052.0,Eire
537831,47267,PRODUTO TESTE,6,12/08/2011 00:00,39.06,10185.0,United Kingdom
538251,97994,PRODUTO TESTE,42,03/28/2011 00:00,4.09,10122.0,United Kingdom
543749,85933,PRODUTO TESTE,32,11/08/2011 00:00,25.72,10083.0,Germany
543887,54425,PRODUTO TESTE,19,06/29/2011 00:00,13.46,10041.0,United Kingdom
542867,86549,PRODUTO TESTE,37,07/10/2011 00:00,46.1,10160.0,United Kingdom
538786,33127,PRODUTO TESTE,4,04/02/2011 00:00,39.25,10177.0,United Kingdom
541219,28738,PRODUTO TESTE,33,12/02/2011 00:00,5.82,10006.0,United Kingdom
537802,81240,PRODUTO TESTE,26,07/12/2011 00:00,12.54,10185.0,United Kingdom
543721,81015,PRODUTO TESTE,43,07/29/2011 00:00,23.03,10139.0,United Kingdom
536763,29941,PRODUTO TESTE,29,06/18/2011 00:00,48.16,10019.0,United Kingdom
542699,77856,PRODUTO TESTE,23,02/02/2011 00:00,5.93,10150.0,United Kingdom
540603,55705,PRODUTO TESTE,23,10/12/2011 00:00,28.61,10021.0,United Kingdom
542817,60272,PRODUTO TESTE,25,04/30/2011 00:00,17.39,10010.0,United Kingdom
540056,86203,PRODUTO TESTE,43,03/29/2011 00:00,32.49,10023.0,United Kingdom
537423,24405,PRODUTO TESTE,38,10/13/2011 00:00,32.61,10091.0,Eire
542761,46341,PRODUTO TESTE,0,03/14/2011 00:00,12.41,10123.0,United Kingdom
541679,36090,PRODUTO TESTE,24,09/07/2011 00:00,39.4,10081.0,United Kingdom
540181,60127,PRODUTO TESTE,10,06/23/2011 00:00,5.02,10024.0,United Kingdom
539354,24211,PRODUTO TESTE,4,10/19/2011 00:00,41.0,10039.0,United Kingdom
539094,20759,PRODUTO TESTE,42,01/19/2011 00:00,10.99,10170.0,United Kingdom
540330,72653,PRODUTO TESTE,42,10/10/2011 00:00,29.68,10192.0,United Kingdom
538354,15037,PRODUTO TESTE,46,03/25/2011 00:00,17.69,10150.0,United Kingdom
538541,47552,PRODUTO TESTE,16,11/14/2011 00:00,30.68,10020.0,United Kingdom
538503,98764,PRODUTO TESTE,18,05/10/2011 00:00,13.74,10163.0,United Kingdom
536114,99900,PRODUTO TESTE,37,01/03/2011 00:00,28.66,10138.0,Germany
544350,26100,PRODUTO TESTE,5,06/27/2011 00:00,0.91,10105.0,United Kingdom
538128,93436,PRODUTO TESTE,-3,01/20/2011 00:00,19.04,10028.0,United Kingdom
537485,40199,PRODUTO TESTE,18,04/09/2011 00:00,41.41,10199.0,United Kingdom
537360,27870,PRODUTO TESTE,29,09/19/2011 00:00,23.42,10088.0,United Kingdom
544893,55421,PRODUTO TESTE,20,07/24/2011 00:00,25.21,10008.0,United Kingdom
540290,53955,PRODUTO TESTE,6,09/16/2011 00:00,31.27,10041.0,United Kingdom
538942,43702,PRODUTO TESTE,23,11/17/2011 00:00,21.99,10080.0,United Kingdom
539635,48446,PRODUTO TESTE,46,06/20/2011 00:00,43.42,10012.0,United Kingdom
536795,18760,PRODUTO TESTE,10,07/18/2011 00:00,20.46,10064.0,United Kingdom
538823,33733,PRODUTO TESTE,17,01/22/2011 00:00,47.16,10093.0,United Kingdom
538238,27722,PRODUTO TESTE,12,04/15/2011 00:00,43.91,10189.0,United Kingdom
543228,93895,PRODUTO TESTE,11,09/22/2011 00:00,21.34,10017.0,United Kingdom
536525,54409,PRODUTO TESTE,31,01/23/2011 00:00,18.61,10115.0,United Kingdom
539829,59156,PRODUTO TESTE,15,05/12/2011 00:00,33.99,10183.0,United Kingdom
543110,49491,PRODUTO TESTE,29,02/19/2011 00:00,37.89,10161.0,United Kingdom
543502,89617,PRODUTO TESTE,-4,11/09/2011 00:00,9.7,10184.0,United Kingdom
540612,81836,PRODUTO TESTE,31,07/24/2011 00:00,12.43,10034.0,United Kingdom
538002,72058,PRODUTO TESTE,0,08/24/2011 00:00,7.74,10160.0,United Kingdom
539032,38060,PRODUTO TESTE,15,09/07/2011 00:00,38.15,10195.0,Eire
538000,37757,PRODUTO TESTE,42,03/23/2011 00:00,35.86,10065.0,United Kingdom
541958,94627,PRODUTO TESTE,13,01/19/2011 00:00,9.86,10099.0,United Kingdom
538633,93705,PRODUTO TESTE,33,05/26/2011 00:00,27.08,10106.0,United Kingdom
541675,35452,PRODUTO TESTE,14,03/09/2011 00:00,38.33,10098.0,United Kingdom
541901,40280,PRODUTO TESTE,44,04/28/2011 00:00,47.38,10057.0,France
544458,39816,PRODUTO TESTE,47,04/27/2011 00:00,9.34,10194.0,United Kingdom
539333,80577,PRODUTO TESTE,44,10/13/2011 00:00,15.56,10191.0,United Kingdom
544651,95437,PRODUTO TESTE,16,04/27/2011 00:00,17.74,10076.0,Eire
539606,89885,PRODUTO TESTE,12,02/25/2011 00:00,31.44,10161.0,United Kingdom
542126,85642,PRODUTO TESTE,28,12/16/2011 00:00,7.25,10079.0,United Kingdom
541954,41357,PRODUTO TESTE,39,01/18/2011 00:00,10.07,10158.0,United Kingdom
543360,38526,PRODUTO TESTE,23,03/16/2011 00:00,39.13,10116.0,United Kingdom
540221,90007,PRODUTO TESTE,35,05/07/2011 00:00,27.33,10094.0,United Kingdom
543131,45575,PRODUTO TESTE,43,01/23/2011 00:00,8.44,10025.0,United Kingdom
539198,29380,PRODUTO TESTE,36,11/25/2011 00:00,19.73,10130.0,Germany
540421,85802,PRODUTO TESTE,15,05/09/2011 00:00,7.16,10064.0,United Kingdom
540497,53162,PRODUTO TESTE,8,10/13/2011 00:00,18.45,10043.0,United Kingdom
542340,17747,PRODUTO TESTE,18,02/19/2011 00:00,20.31,10038.0,United Kingdom
541565,90654,PRODUTO TESTE,26,07/10/2011 00:00,6.05,10196.0,United Kingdom
536704,36520,PRODUTO TESTE,41,02/16/2011 00:00,3.46,10020.0,France
543281,37808,PRODUTO TESTE,11,03/26/2011 00:00,44.14,10159.0,United Kingdom
542822,57839,PRODUTO TESTE,3,05/29/2011 00:00,44.44,10173.0,United Kingdom
536940,34320,PRODUTO TESTE,12,11/11/2011 00:00,0.63,10006.0,Germany
544656,84600,PRODUTO TESTE,27,04/22/2011 00:00,32.24,10117.0,Germany
541946,72247,PRODUTO TESTE,7,10/03/2011 00:00,5.14,10115.0,France
536764,60814,PRODUTO TESTE,16,02/03/2011 00:00,40.6,10071.0,United Kingdom
540422,28007,PRODUTO TESTE,9,04/02/2011 00:00,44.04,10133.0,United Kingdom
543525,54079,PRODUTO TESTE,49,08/09/2011 00:00,31.02,10081.0,United Kingdom
538518,34513,PRODUTO TESTE,23,06/20/2011 00:00,30.85,10087.0,United Kingdom
544396,96589,PRODUTO TESTE,34,07/03/2011 00:00,18.89,10086.0,Germany
539765,81341,PRODUTO TESTE,23,09/05/2011 00:00,12.85,10160.0,United Kingdom
538035,20476,PRODUTO TESTE,-5,01/29/2011 00:00,25.21,10126.0,United Kingdom
539208,57522,PRODUTO TESTE,9,09/11/2011 00:00,7.12,10075.0,Germany
540723,80205,PRODUTO TESTE,41,11/11/2011 00:00,33.78,10185.0,Eire
542193,57096,PRODUTO TESTE,23,10/07/2011 00:00,23.77,10160.0,United Kingdom
544350,21433,PRODUTO TESTE,33,04/14/2011 00:00,9.29,10186.0,France
537754,22581,PRODUTO TESTE,36,05/09/2011 00:00,29.62,10146.0,United Kingdom
544642,75953,PRODUTO TESTE,25,12/17/2011 00:00,39.87,10078.0,United Kingdom
540749,57159,PRODUTO TESTE,26,10/16/2011 00:00,29.65,10154.0,United Kingdom
537150,58877,PRODUTO TESTE,7,12/07/2011 00:00,26.72,10065.0,Eire
544338,34295,PRODUTO TESTE,8,11/30/2011 00:00,42.46,10054.0,Germany
539141,33817,PRODUTO TESTE,3,06/08/2011 00:00,1.03,10090.0,United Kingdom
541585,46651,PRODUTO TESTE,11,02/17/2011 00:00,31.03,10193.0,United Kingdom
542283,58899,PRODUTO TESTE,29,03/25/2011 00:00,20.78,10113.0,United Kingdom
536120,52186,PRODUTO TESTE,46,04/18/2011 00:00,10.08,10076.0,United Kingdom
537994,89146,PRODUTO TESTE,19,11/01/2011 00:00,48.99,10092.0,United Kingdom
542178,27013,PRODUTO TESTE,28,04/11/2011 00:00,20.49,10058.0,United Kingdom
538922,52496,PRODUTO TESTE,42,05/12/2011 00:00,17.1,10131.0,United Kingdom
536083,31173,PRODUTO TESTE,32,11/07/2011 00:00,8.87,10070.0,United Kingdom
536209,10592,PRODUTO TESTE,9,03/01/2011 00:00,49.89,10110.0,United Kingdom
543438,47326,PRODUTO TESTE,10,08/31/2011 00:00,42.87,10073.0,United Kingdom
537381,15094,PRODUTO TESTE,30,07/21/2011 00:00,3.96,10064.0,Eire
536903,43489,PRODUTO TESTE,10,12/26/2011 00:00,28.5,10194.0,United Kingdom
541060,66936,PRODUTO TESTE,8,06/28/2011 00:00,7.8,10069.0,United Kingdom
537070,43824,PRODUTO TESTE,27,07/10/2011 00:00,35.93,10014.0,United Kingdom
541877,71013,PRODUTO TESTE,29,11/07/2011 00:00,24.46,10075.0,Germany
540896,36547,PRODUTO TESTE,8,12/28/2011 00:00,5.96,10106.0,United Kingdom
541840,46159,PRODUTO TESTE,-3,09/24/2011 00:00,28.07,10018.0,United Kingdom
540424,88763,PRODUTO TESTE,37,09/12/2011 00:00,45.58,10061.0,United Kingdom
543005,31849,PRODUTO TESTE,16,11/16/2011 00:00,17.39,10033.0,Germany
541802,55082,PRODUTO TESTE,29,12/24/2011 00:00,3.01,10100.0,United Kingdom
539737,74436,PRODUTO TESTE,4,09/26/2011 00:00,47.29,10144.0,United Kingdom
536138,42582,PRODUTO TESTE,12,04/17/2011 00:00,7.52,10193.0,United Kingdom
538461,37374,PRODUTO TESTE,28,08/23/2011 00:00,24.02,10077.0,United Kingdom
537182,72796,PRODUTO TESTE,1,03/28/2011 00:00,27.46,10172.0,Eire
536140,16660,PRODUTO TESTE,12,07/02/2011 00:00,12.24,10042.0,Eire
538458,33897,PRODUTO TESTE,34,06/12/2011 00:00,9.28,10156.0,United Kingdom
537859,46864,PRODUTO TESTE,37,12/27/2011 00:00,6.1,10112.0,United Kingdom
536690,29562,PRODUTO TESTE,14,07/22/2011 00:00,3.96,10151.0,Germany
538811,58521,PRODUTO TESTE,1,12/17/2011 00:00,25.65,10151.0,Eire
540559,65744,PRODUTO TESTE,-4,10/22/2011 00:00,42.18,10106.0,United Kingdom
537603,96905,PRODUTO TESTE,25,11/06/2011 00:00,6.77,10051.0,United Kingdom
538458,64155,PRODUTO TESTE,33,03/03/2011 00:00,35.18,10105.0,United Kingdom
536181,63299,PRODUTO TESTE,27,10/10/2011 00:00,20.92,10165.0,Germany
536453,75327,PRODUTO TESTE,17,04/02/2011 00:00,2.24,10194.0,United Kingdom
537417,28748,PRODUTO TESTE,-4,07/30/2011 00:00,27.03,10185.0,United Kingdom
540076,52337,PRODUTO TESTE,7,06/27/2011 00:00,12.97,10036.0,United Kingdom
541994,84896,PRODUTO TESTE,-4,04/05/2011 00:00,30.46,10119.0,United Kingdom
543095,25802,PRODUTO TESTE,20,12/26/2011 00:00,17.79,10020.0,United Kingdom
541666,36233,PRODUTO TESTE,11,11/16/2011 00:00,33.49,10133.0,United Kingdom
541551,29794,PRODUTO TESTE,-2,07/29/2011 00:00,45.97,10198.0,United Kingdom
544421,96334,PRODUTO TESTE,28,01/04/2011 00:00,12.6,10010.0,United Kingdom
538300,41874,PRODUTO TESTE,15,03/08/2011 00:00,47.02,10131.0,United Kingdom
543183,39277,PRODUTO TESTE,47,03/25/2011 00:00,10.61,10189.0,United Kingdom
544431,83378,PRODUTO TESTE,17,12/21/2011 00:00,4.0,10169.0,United Kingdom
541109,91855,PRODUTO TESTE,-1,05/28/2011 00:00,10.04,10078.0,United Kingdom
543564,10448,PRODUTO TESTE,33,01/18/2011 00:00,40.84,10020.0,United Kingdom
537238,89104,PRODUTO TESTE,33,08/02/2011 00:00,34.04,10184.0,United Kingdom
543909,73644,PRODUTO TESTE,46,12/13/2011 00:00,48.56,10184.0,United Kingdom
541076,87758,PRODUTO TESTE,33,07/24/2011 00:00,35.64,10115.0,United Kingdom
537993,17808,PRODUTO TESTE,14,06/12/2011 00:00,20.93,10195.0,France
536554,13544,PRODUTO TESTE,31,03/06/2011 00:00,44.68,10000.0,Germany
542479,40222,PRODUTO TESTE,38,11/17/2011 00:00,47.93,10123.0,United Kingdom
539877,86487,PRODUTO TESTE,23,02/08/2011 00:00,39.69,10007.0,United Kingdom
538790,54867,PRODUTO TESTE,38,12/07/2011 00:00,28.05,10187.0,United Kingdom
539512,74916,PRODUTO TESTE,48,03/23/2011 00:00,41.38,10136.0,United Kingdom
544919,32057,PRODUTO TESTE,36,02/20/2011 00:00,9.36,10182.0,Germany
539850,40086,PRODUTO TESTE,22,05/08/2011 00:00,45.07,10112.0,United Kingdom
536708,89010,PRODUTO TESTE,22,01/02/2011 00:00,49.98,10016.0,United Kingdom
538518,54108,PRODUTO TESTE,41,01/06/2011 00:00,33.42,10005.0,United Kingdom
537308,80166,PRODUTO TESTE,43,03/10/2011 00:00,10.2,10067.0,United Kingdom
542172,67591,PRODUTO TESTE,9,09/10/2011 00:00,7.65,10148.0,France
543203,25801,PRODUTO TESTE,-5,10/25/2011 00:00,47.99,10030.0,United Kingdom
543568,94917,PRODUTO TESTE,39,04/01/2011 00:00,43.63,10170.0,United Kingdom
541695,95156,PRODUTO TESTE,7,08/24/2011 00:00,37.56,10047.0,United Kingdom
542916,80206,PRODUTO TESTE,49,05/09/2011 00:00,47.48,10099.0,France
539755,52254,PRODUTO TESTE,-4,06/08/2011 00:00,25.42,10040.0,United Kingdom
541649,48564,PRODUTO TESTE,45,05/03/2011 00:00,44.44,10093.0,United Kingdom
536962,36794,PRODUTO TESTE,32,11/22/2011 00:00,8.56,10090.0,United Kingdom
540845,68087,PRODUTO TESTE,11,07/06/2011 00:00,9.55,10001.0,United Kingdom
541017,37902,PRODUTO TESTE,-4,07/04/2011 00:00,25.86,10113.0,United Kingdom
536279,26728,PRODUTO TESTE,41,11/10/2011 00:00,16.96,10157.0,United Kingdom
540934,15462,PRODUTO TESTE,1,08/28/2011 00:00,21.91,10187.0,United Kingdom
542506,48154,PRODUTO TESTE,0,02/24/2011 00:00,40.01,10066.0,United Kingdom
539308,83381,PRODUTO TESTE,38,03/10/2011 00:00,3.14,10176.0,United Kingdom
540904,81216,PRODUTO TESTE,32,05/05/2011 00:00,36.18,10175.0,United Kingdom
538574,86445,PRODUTO TESTE,2,02/05/2011 00:00,4.87,10197.0,United Kingdom
538436,64592,PRODUTO TESTE,13,09/10/2011 00:00,42.45,10074.0,United Kingdom
537165,88086,PRODUTO TESTE,31,06/30/2011 00:00,10.49,10170.0,United Kingdom
538950,80491,PRODUTO TESTE,31,01/17/2011 00:00,36.88,10113.0,United Kingdom
543228,82600,PRODUTO TESTE,14,05/27/2011 00:00,29.8,10011.0,United Kingdom
544420,55882,PRODUTO TESTE,17,10/30/2011 00:00,19.59,10054.0,United Kingdom
541720,17687,PRODUTO TESTE,-1,11/28/2011 00:00,13.74,10134.0,United Kingdom
541619,44212,PRODUTO TESTE,-5,12/18/2011 00:00,3.34,10032.0,United Kingdom
541524,86247,PRODUTO TESTE,48,12/03/2011 00:00,17.99,10086.0,United Kingdom
540283,76827,PRODUTO TESTE,7,08/10/2011 00:00,10.43,10154.0,Eire
539807,11128,PRODUTO TESTE,45,12/05/2011 00:00,7.23,10029.0,United Kingdom
541588,18437,PRODUTO TESTE,-3,12/16/2011 00:00,37.06,10099.0,France
543059,69270,PRODUTO TESTE,49,08/20/2011 00:00,11.02,10042.0,United Kingdom
539723,98073,PRODUTO TESTE,18,05/31/2011 00:00,11.55,10107.0,United Kingdom
541093,75827,PRODUTO TESTE,39,12/19/2011 00:00,17.35,10048.0,United Kingdom
540231,95352,PRODUTO TESTE,41,06/01/2011 00:00,23.4,10193.0,United Kingdom
538569,15976,PRODUTO TESTE,14,03/02/2011 00:00,25.93,10015.0,United Kingdom
538612,89232,PRODUTO TESTE,35,02/08/2011 00:00,33.4,10192.0,United Kingdom
536708,21545,PRODUTO TESTE,13,07/27/2011 00:00,29.63,10158.0,Eire
539958,89584,PRODUTO TESTE,38,01/13/2011 00:00,24.34,10171.0,United Kingdom
542412,97682,PRODUTO TESTE,47,02/13/2011 00:00,20.0,10170.0,France
542170,55994,PRODUTO TESTE,39,03/31/2011 00:00,13.66,10037.0,United Kingdom
544871,57927,PRODUTO TESTE,35,07/13/2011 00:00,35.64,10186.0,United Kingdom
536359,54814,PRODUTO TESTE,15,06/24/2011 00:00,16.22,10118.0,United Kingdom
542845,59790,PRODUTO TESTE,0,07/06/2011 00:00,42.55,10192.0,United Kingdom
543155,83806,PRODUTO TESTE,22,07/05/2011 00:00,29.52,10175.0,Eire
539927,35333,PRODUTO TESTE,2,12/29/2011 00:00,31.88,10115.0,France
538546,35492,PRODUTO TESTE,22,03/21/2011 00:00,25.69,10074.0,Eire
539213,97160,PRODUTO TESTE,42,06/23/2011 00:00,46.46,10023.0,Eire
542143,86491,PRODUTO TESTE,1,08/12/2011 00:00,21.37,10020.0,United Kingdom
543759,58626,PRODUTO TESTE,44,04/10/2011 00:00,21.63,10077.0,United Kingdom
541784,28079,PRODUTO TESTE,27,03/08/2011 00:00,44.7,10162.0,Germany
540627,95995,PRODUTO TESTE,-3,01/18/2011 00:00,30.44,10101.0,United Kingdom
541873,89118,PRODUTO TESTE,34,04/30/2011 00:00,22.73,10096.0,United Kingdom
536635,39550,PRODUTO TESTE,-5,04/03/2011 00:00,13.48,10048.0,United Kingdom
541473,58697,PRODUTO TESTE,28,03/13/2011 00:00,12.63,10112.0,United Kingdom
536379,47745,PRODUTO TESTE,22,04/10/2011 00:00,40.17,10127.0,United Kingdom
544631,85888,PRODUTO TESTE,36,09/12/2011 00:00,14.33,10196.0,United Kingdom
544002,71849,PRODUTO TESTE,15,10/30/2011 00:00,0.78,10145.0,United Kingdom
540575,54382,PRODUTO TESTE,1,07/08/2011 00:00,1.46,10121.0,United Kingdom
539366,97116,PRODUTO TESTE,16,01/25/2011 00:00,48.93,10182.0,United Kingdom
542590,64758,PRODUTO TESTE,36,09/26/2011 00:00,28.21,10084.0,United Kingdom
541738,53564,PRODUTO TESTE,47,02/25/2011 00:00,24.71,10186.0,United Kingdom
542349,93409,PRODUTO TESTE,6,01/21/2011 00:00,45.93,10073.0,United Kingdom
540640,50480,PRODUTO TESTE,14,07/27/2011 00:00,17.91,10025.0,United Kingdom
538126,47638,PRODUTO TESTE,43,06/05/2011 00:00,39.85,10083.0,United Kingdom
536659,44968,PRODUTO TESTE,12,04/24/2011 00:00,36.23,10025.0,United Kingdom
538549,29825,PRODUTO TESTE,8,12/19/2011 00:00,24.12,10023.0,United Kingdom
540760,35133,PRODUTO TESTE,40,02/03/2011 00:00,38.84,10176.0,United Kingdom
539816,18188,PRODUTO TESTE,22,01/20/2011 00:00,48.31,10158.0,United Kingdom
540557,75532,PRODUTO TESTE,27,08/03/2011 00:00,10.43,10044.0,United Kingdom
538499,63097,PRODUTO TESTE,21,06/02/2011 00:00,1.37,10167.0,United Kingdom
544440,93930,PRODUTO TESTE,28,10/20/2011 00:00,41.16,10013.0,United Kingdom
539300,64997,PRODUTO TESTE,9,01/15/2011 00:00,20.48,10056.0,United Kingdom
543615,17235,PRODUTO TESTE,35,06/03/2011 00:00,27.45,10141.0,United Kingdom
539518,65862,PRODUTO TESTE,14,02/23/2011 00:00,11.51,10060.0,United Kingdom
539992,25772,PRODUTO TESTE,23,01/16/2011 00:00,42.17,10146.0,United Kingdom
541434,13344,PRODUTO TESTE,5,06/18/2011 00:00,36.2,10174.0,United Kingdom
538368,69633,PRODUTO TESTE,-5,09/26/2011 00:00,47.69,10013.0,United Kingdom
537979,12467,PRODUTO TESTE,26,02/27/2011 00:00,24.02,10004.0,United Kingdom
539412,46818,PRODUTO TESTE,2,11/04/2011 00:00,48.84,10188.0,United Kingdom
543238,90586,PRODUTO TESTE,45,07/09/2011 00:00,25.79,10104.0,United Kingdom
537301,33047,PRODUTO TESTE,47,06/25/2011 00:00,31.26,10101.0,United Kingdom
539937,72594,PRODUTO TESTE,12,12/03/2011 00:00,33.87,10092.0,United Kingdom
542049,43897,PRODUTO TESTE,10,05/01/2011 00:00,24.74,10086.0,United Kingdom
542356,20198,PRODUTO TESTE,22,03/15/2011 00:00,28.36,10138.0,United Kingdom
539909,27731,PRODUTO TESTE,6,10/14/2011 00:00,11.55,10115.0,United Kingdom
536732,16717,PRODUTO TESTE,42,02/09/2011 00:00,18.44,10032.0,United Kingdom
536143,23581,PRODUTO TESTE,0,11/15/2011 00:00,35.25,10125.0,United Kingdom
540229,24566,PRODUTO TESTE,19,10/29/2011 00:00,2.43,10133.0,Germany
543290,89493,PRODUTO TESTE,5,12/23/2011 00:00,35.17,10022.0,United Kingdom
536253,82621,PRODUTO TESTE,40,06/17/2011 00:00,15.54,10075.0,United Kingdom
543987,41801,PRODUTO TESTE,2,08/16/2011 00:00,13.96,10158.0,Germany
542083,75077,PRODUTO TESTE,19,11/19/2011 00:00,34.83,10123.0,United Kingdom
536072,28389,PRODUTO TESTE,40,02/18/2011 00:00,11.14,10027.0,United Kingdom
539093,67478,PRODUTO TESTE,19,04/22/2011 00:00,48.1,10008.0,United Kingdom
537984,28216,PRODUTO TESTE,5,06/22/2011 00:00,49.54,10116.0,United Kingdom
544543,67670,PRODUTO TESTE,3,08/18/2011 00:00,23.18,10092.0,United Kingdom
540993,42188,PRODUTO TESTE,28,09/05/2011 00:00,20.37,10192.0,United Kingdom
538917,87297,PRODUTO TESTE,1,12/04/2011 00:00,4.41,10104.0,United Kingdom
538502,85154,PRODUTO TESTE,14,06/28/2011 00:00,39.02,10186.0,United Kingdom
541074,40010,PRODUTO TESTE,28,03/04/2011 00:00,8.55,10042.0,United Kingdom
536045,13703,PRODUTO TESTE,15,03/11/2011 00:00,46.69,10089.0,United Kingdom
538316,39000,PRODUTO TESTE,40,10/20/2011 00:00,49.53,10027.0,United Kingdom
537488,35376,PRODUTO TESTE,32,06/18/2011 00:00,6.56,10114.0,United Kingdom
541581,48287,PRODUTO TESTE,2,08/19/2011 00:00,34.31,10037.0,United Kingdom
542023,61689,PRODUTO TESTE,39,07/25/2011 00:00,23.57,10098.0,United Kingdom
540203,99069,PRODUTO TESTE,45,10/24/2011 00:00,27.29,10068.0,United Kingdom
537260,15645,PRODUTO TESTE,6,03/21/2011 00:00,9.39,10037.0,United Kingdom
539335,59940,PRODUTO TESTE,14,03/04/2011 00:00,36.31,10019.0,United Kingdom
543586,25446,PRODUTO TESTE,16,09/25/2011 00:00,8.75,10102.0,United Kingdom
537833,59220,PRODUTO TESTE,18,06/08/2011 00:00,44.32,10189.0,France
537470,67314,PRODUTO TESTE,20,10/25/2011 00:00,22.97,10039.0,United Kingdom
537003,82862,PRODUTO TESTE,44,02/17/2011 00:00,31.93,10080.0,United Kingdom
543350,60399,PRODUTO TESTE,30,04/10/2011 00:00,46.13,10044.0,United Kingdom
537078,26025,PRODUTO TESTE,44,12/17/2011 00:00,37.03,10161.0,United Kingdom
541234,92228,PRODUTO TESTE,14,11/04/2011 00:00,27.27,10082.0,United Kingdom
544991,46485,PRODUTO TESTE,23,01/23/2011 00:00,20.43,10194.0,United Kingdom
541776,53157,PRODUTO TESTE,0,10/26/2011 00:00,23.38,10049.0,Germany
539710,67721,PRODUTO TESTE,10,01/24/2011 00:00,17.41,10016.0,United Kingdom
537861,33847,PRODUTO TESTE,27,02/13/2011 00:00,47.34,10116.0,Germany
536017,98920,PRODUTO TESTE,4,11/24/2011 00:00,13.02,10130.0,United Kingdom
537400,14010,PRODUTO TESTE,47,02/15/2011 00:00,20.76,10198.0,United Kingdom
544576,23902,PRODUTO TESTE,9,04/20/2011 00:00,39.02,10174.0,Germany
537292,99110,PRODUTO TESTE,3,02/19/2011 00:00,18.53,10176.0,United Kingdom
536179,50681,PRODUTO TESTE,37,08/06/2011 00:00,44.39,10126.0,United Kingdom
543344,90391,PRODUTO TESTE,-1,01/21/2011 00:00,12.53,10071.0,United Kingdom
539767,91501,PRODUTO TESTE,12,04/15/2011 00:00,2.05,10085.0,United Kingdom
539212,99133,PRODUTO TESTE,5,04/30/2011 00:00,31.62,10026.0,United Kingdom
542457,75297,PRODUTO TESTE,33,08/25/2011 00:00,25.66,10086.0,France
540707,71493,PRODUTO TESTE,41,07/01/2011 00:00,46.69,10072.0,United Kingdom
544231,65239,PRODUTO TESTE,5,03/12/2011 00:00,21.45,10007.0,United Kingdom
540208,71497,PRODUTO TESTE,17,06/19/2011 00:00,7.21,10040.0,United Kingdom
542415,33139,PRODUTO TESTE,21,06/17/2011 00:00,16.82,10106.0,United Kingdom
543909,83366,PRODUTO TESTE,33,05/10/2011 00:00,19.96,10073.0,United Kingdom
540172,26848,PRODUTO TESTE,14,07/14/2011 00:00,29.37,10198.0,United Kingdom
538558,53156,PRODUTO TESTE,23,04/30/2011 00:00,14.09,10095.0,Eire
544769,43678,PRODUTO TESTE,22,05/02/2011 00:00,27.74,10191.0,United Kingdom
538041,78531,PRODUTO TESTE,-5,10/13/2011 00:00,45.45,10132.0,United Kingdom
536353,32959,PRODUTO TESTE,26,04/02/2011 00:00,21.47,10008.0,United Kingdom
541203,28587,PRODUTO TESTE,26,05/01/2011 00:00,32.75,10040.0,United Kingdom
544882,82762,PRODUTO TESTE,49,02/21/2011 00:00,11.83,10141.0,France
536777,53816,PRODUTO TESTE,23,09/12/2011 00:00,40.17,10109.0,United Kingdom
543644,74862,PRODUTO TESTE,44,09/15/2011 00:00,13.85,10060.0,United Kingdom
543473,89098,PRODUTO TESTE,14,09/05/2011 00:00,29.2,10104.0,United Kingdom
544360,85166,PRODUTO TESTE,33,03/03/2011 00:00,15.36,10180.0,Germany
539794,45993,PRODUTO TESTE,44,06/14/2011 00:00,3.84,10077.0,United Kingdom
538292,25397,PRODUTO TESTE,3,04/17/2011 00:00,16.32,10009.0,United Kingdom
540609,96400,PRODUTO TESTE,26,10/06/2011 00:00,11.0,10062.0,United Kingdom
537282,37896,PRODUTO TESTE,45,05/03/2011 00:00,44.69,10187.0,United Kingdom
543585,79228,PRODUTO TESTE,25,06/01/2011 00:00,13.68,10152.0,United Kingdom
541969,79168,PRODUTO TESTE,44,06/15/2011 00:00,48.73,10167.0,United Kingdom
540349,49838,PRODUTO TESTE,18,10/05/2011 00:00,24.87,10182.0,United Kingdom
540642,24719,PRODUTO TESTE,43,09/14/2011 00:00,11.44,10023.0,Eire
542409,52491,PRODUTO TESTE,29,10/27/2011 00:00,19.87,10056.0,United Kingdom
540708,23104,PRODUTO TESTE,21,06/06/2011 00:00,9.58,10011.0,United Kingdom
543558,41692,PRODUTO TESTE,6,10/27/2011 00:00,41.77,10000.0,United Kingdom
544321,44474,PRODUTO TESTE,4,11/14/2011 00:00,6.44,10166.0,United Kingdom
544548,56644,PRODUTO TESTE,10,07/11/2011 00:00,43.74,10187.0,United Kingdom
541580,26779,PRODUTO TESTE,36,09/06/2011 00:00,2.77,10031.0,United Kingdom
542682,86125,PRODUTO TESTE,20,11/28/2011 00:00,15.33,10144.0,United Kingdom
538799,17101,PRODUTO TESTE,16,11/03/2011 00:00,7.42,10106.0,United Kingdom
536343,98706,PRODUTO TESTE,20,04/11/2011 00:00,34.42,10013.0,United Kingdom
539600,38149,PRODUTO TESTE,13,09/19/2011 00:00,25.86,10183.0,United Kingdom
543845,54057,PRODUTO TESTE,39,06/12/2011 00:00,47.0,10174.0,United Kingdom
537201,88803,PRODUTO TESTE,16,02/24/2011 00:00,18.63,10113.0,Germany
540911,68880,PRODUTO TESTE,20,05/16/2011 00:00,2.52,10141.0,United Kingdom
537730,15087,PRODUTO TESTE,25,12/23/2011 00:00,38.2,10079.0,United Kingdom
539863,64367,PRODUTO TESTE,30,12/16/2011 00:00,29.19,10158.0,United Kingdom
537290,60948,PRODUTO TESTE,13,10/15/2011 00:00,41.46,10089.0,United Kingdom
542612,93936,PRODUTO TESTE,-1,12/28/2011 00:00,21.59,10197.0,United Kingdom
543292,60669,PRODUTO TESTE,32,07/29/2011 00:00,37.04,10012.0,United Kingdom
542825,99289,PRODUTO TESTE,25,10/04/2011 00:00,8.97,10034.0,United Kingdom
542343,57775,PRODUTO TESTE,30,03/02/2011 00:00,49.98,10193.0,United Kingdom
538116,27309,PRODUTO TESTE,24,04/20/2011 00:00,9.1,10057.0,United Kingdom
540773,55495,PRODUTO TESTE,22,03/05/2011 00:00,41.58,10062.0,United Kingdom
536943,92564,PRODUTO TESTE,47,12/09/2011 00:00,11.02,10158.0,France
539369,11551,PRODUTO TESTE,-3,08/13/2011 00:00,39.23,10037.0,United Kingdom
540552,45902,PRODUTO TESTE,0,12/07/2011 00:00,43.13,10102.0,United Kingdom
542016,14270,PRODUTO TESTE,46,06/01/2011 00:00,43.89,10057.0,United Kingdom
536871,85770,PRODUTO TESTE,43,05/28/2011 00:00,24.05,10039.0,United Kingdom
543316,56008,PRODUTO TESTE,17,09/04/2011 00:00,21.73,10192.0,United Kingdom
540130,74451,PRODUTO TESTE,24,07/27/2011 00:00,41.77,10039.0,United Kingdom
543931,97146,PRODUTO TESTE,19,05/16/2011 00:00,29.18,10018.0,United Kingdom
540747,84903,PRODUTO TESTE,49,04/26/2011 00:00,31.25,10134.0,United Kingdom
540923,46717,PRODUTO TESTE,20,07/07/2011 00:00,12.19,10173.0,United Kingdom
542233,94137,PRODUTO TESTE,36,01/28/2011 00:00,22.58,10025.0,Eire
543378,52508,PRODUTO TESTE,15,03/10/2011 00:00,18.79,10141.0,United Kingdom
537418,98072,PRODUTO TESTE,15,01/16/2011 00:00,33.43,10108.0,United Kingdom
540601,98384,PRODUTO TESTE,32,02/26/2011 00:00,10.23,10166.0,United Kingdom
536269,29946,PRODUTO TESTE,16,03/14/2011 00:00,20.58,10025.0,United Kingdom
540270,80119,PRODUTO TESTE,-5,01/28/2011 00:00,42.51,10195.0,United Kingdom
543321,72809,PRODUTO TESTE,4,01/21/2011 00:00,27.55,10123.0,Eire
543788,79309,PRODUTO TESTE,43,10/27/2011 00:00,44.85,10168.0,United Kingdom
538551,25098,PRODUTO TESTE,15,03/08/2011 00:00,12.01,10072.0,United Kingdom
539477,55425,PRODUTO TESTE,0,07/22/2011 00:00,22.28,10188.0,United Kingdom
540964,23631,PRODUTO TESTE,46,02/05/2011 00:00,25.27,10125.0,United Kingdom
539563,90811,PRODUTO TESTE,49,12/12/2011 00:00,20.33,10025.0,United Kingdom
537602,88598,PRODUTO TESTE,22,03/29/2011 00:00,34.38,10184.0,Eire
538744,62305,PRODUTO TESTE,29,10/01/2011 00:00,7.86,10159.0,United Kingdom
539636,21687,PRODUTO TESTE,36,08/23/2011 00:00,26.21,10060.0,United Kingdom
540668,69102,PRODUTO TESTE,-2,10/08/2011 00:00,7.37,10109.0,United Kingdom
544286,49535,PRODUTO TESTE,11,08/18/2011 00:00,31.65,10077.0,United Kingdom
540903,80879,PRODUTO TESTE,25,07/05/2011 00:00,41.6,10108.0,United Kingdom
539484,18939,PRODUTO TESTE,25,10/09/2011 00:00,1.49,10193.0,United Kingdom
541944,46592,PRODUTO TESTE,13,10/25/2011 00:00,23.12,10179.0,United Kingdom
542957,42542,PRODUTO TESTE,-5,05/19/2011 00:00,24.89,10043.0,United Kingdom
539874,95793,PRODUTO TESTE,47,12/10/2011 00:00,36.15,10194.0,United Kingdom
540403,36842,PRODUTO TESTE,28,12/27/2011 00:00,4.2,10087.0,Germany
537960,98919,PRODUTO TESTE,36,09/21/2011 00:00,20.6,10140.0,United Kingdom
543783,92980,PRODUTO TESTE,19,12/06/2011 00:00,39.38,10152.0,United Kingdom
543801,62841,PRODUTO TESTE,22,02/08/2011 00:00,26.84,10096.0,United Kingdom
537574,25721,PRODUTO TESTE,19,07/17/2011 00:00,37.62,10091.0,United Kingdom
539114,29984,PRODUTO TESTE,18,08/26/2011 00:00,18.52,10091.0,United Kingdom
538447,11546,PRODUTO TESTE,31,12/05/2011 00:00,46.04,10172.0,United Kingdom
544306,79740,PRODUTO TESTE,49,02/13/2011 00:00,4.33,10077.0,United Kingdom
536587,75293,PRODUTO TESTE,37,10/22/2011 00:00,5.01,10055.0,United Kingdom
537866,38992,PRODUTO TESTE,31,01/29/2011 00:00,26.66,10072.0,United Kingdom
538834,75814,PRODUTO TESTE,-5,05/11/2011 00:00,23.81,10038.0,United Kingdom
541040,61938,PRODUTO TESTE,23,09/10/2011 00:00,32.1,10078.0,United Kingdom
538240,83488,PRODUTO TESTE,47,04/17/2011 00:00,11.84,10022.0,United Kingdom
540829,17803,PRODUTO TESTE,16,11/01/2011 00:00,11.69,10017.0,United Kingdom
542725,27899,PRODUTO TESTE,25,12/06/2011 00:00,37.58,10144.0,United Kingdom
543457,82664,PRODUTO TESTE,12,02/27/2011 00:00,14.94,10015.0,United Kingdom
536891,43268,PRODUTO TESTE,5,04/05/2011 00:00,36.5,10113.0,United Kingdom
537249,96316,PRODUTO TESTE,33,01/28/2011 00:00,32.21,10155.0,United Kingdom
536856,89268,PRODUTO TESTE,12,09/17/2011 00:00,4.62,10144.0,United Kingdom
544189,18479,PRODUTO TESTE,27,11/20/2011 00:00,35.7,10089.0,United Kingdom
541868,46324,PRODUTO TESTE,27,08/08/2011 00:00,44.04,10038.0,United Kingdom
540782,75843,PRODUTO TESTE,41,02/18/2011 00:00,40.92,10186.0,United Kingdom
543118,22275,PRODUTO TESTE,46,03/05/2011 00:00,0.94,10167.0,United Kingdom
541274,87474,PRODUTO TESTE,25,01/13/2011 00:00,27.22,10122.0,United Kingdom
538119,18836,PRODUTO TESTE,-3,06/28/2011 00:00,45.71,10017.0,United Kingdom
540591,19855,PRODUTO TESTE,27,09/21/2011 00:00,30.14,10007.0,United Kingdom
542328,58909,PRODUTO TESTE,43,02/24/2011 00:00,14.87,10063.0,United Kingdom
536324,32211,PRODUTO TESTE,21,11/06/2011 00:00,10.13,10031.0,United Kingdom
541457,67523,PRODUTO TESTE,26,04/03/2011 00:00,34.4,10172.0,United Kingdom
540473,45268,PRODUTO TESTE,36,07/07/2011 00:00,38.68,10041.0,United Kingdom
536625,34368,PRODUTO TESTE,19,09/01/2011 00:00,45.67,10056.0,United Kingdom
538371,85307,PRODUTO TESTE,17,07/17/2011 00:00,45.33,10195.0,United Kingdom
540036,24353,PRODUTO TESTE,21,06/24/2011 00:00,17.29,10163.0,United Kingdom
539084,54408,PRODUTO TESTE,41,05/03/2011 00:00,30.39,10043.0,United Kingdom
538610,25163,PRODUTO TESTE,21,06/06/2011 00:00,5.53,10076.0,United Kingdom
541841,22326,PRODUTO TESTE,12,03/29/2011 00:00,5.18,10103.0,United Kingdom
539639,28466,PRODUTO TESTE,27,04/18/2011 00:00,4.04,10132.0,United Kingdom
540479,33073,PRODUTO TESTE,33,10/03/2011 00:00,46.39,10187.0,United Kingdom
543184,47082,PRODUTO TESTE,45,11/19/2011 00:00,8.05,10174.0,Eire
536838,52063,PRODUTO TESTE,44,11/06/2011 00:00,24.38,10195.0,France
539239,22488,PRODUTO TESTE,38,05/01/2011 00:00,21.94,10008.0,United Kingdom
536657,13533,PRODUTO TESTE,37,04/28/2011 00:00,16.58,10047.0,United Kingdom
544345,18519,PRODUTO TESTE,19,01/22/2011 00:00,27.12,10112.0,United Kingdom
537670,66789,PRODUTO TESTE,13,04/10/2011 00:00,0.64,10009.0,United Kingdom
543378,97654,PRODUTO TESTE,25,08/02/2011 00:00,19.32,10071.0,United Kingdom
537717,12278,PRODUTO TESTE,33,04/08/2011 00:00,24.23,10030.0,United Kingdom
538916,13127,PRODUTO TESTE,23,09/25/2011 00:00,40.26,10186.0,United Kingdom
541474,80277,PRODUTO TESTE,6,01/19/2011 00:00,35.2,10012.0,United Kingdom
543482,75245,PRODUTO TESTE,-5,05/31/2011 00:00,42.56,10029.0,United Kingdom
537600,76045,PRODUTO TESTE,-2,04/13/2011 00:00,19.13,10039.0,United Kingdom
537918,25572,PRODUTO TESTE,18,06/30/2011 00:00,7.47,10029.0,United Kingdom
543935,87888,PRODUTO TESTE,38,01/10/2011 00:00,20.35,10113.0,France
538897,66123,PRODUTO TESTE,38,06/02/2011 00:00,48.17,10072.0,United Kingdom
537887,24193,PRODUTO TESTE,39,10/15/2011 00:00,11.11,10182.0,United Kingdom
542691,20406,PRODUTO TESTE,33,11/09/2011 00:00,9.15,10052.0,United Kingdom
536820,64232,PRODUTO TESTE,-4,04/04/2011 00:00,47.24,10107.0,United Kingdom
543802,80111,PRODUTO TESTE,43,06/06/2011 00:00,47.52,10132.0,United Kingdom
543881,80291,PRODUTO TESTE,47,09/09/2011 00:00,7.89,10125.0,United Kingdom
543708,62877,PRODUTO TESTE,41,06/19/2011 00:00,38.59,10159.0,France
538657,56416,PRODUTO TESTE,19,07/18/2011 00:00,21.77,10040.0,United Kingdom
537027,72586,PRODUTO TESTE,6,05/05/2011 00:00,24.86,10101.0,United Kingdom
539828,21772,PRODUTO TESTE,44,11/02/2011 00:00,25.19,10160.0,United Kingdom
539011,42840,PRODUTO TESTE,5,08/19/2011 00:00,48.43,10172.0,France
544631,18903,PRODUTO TESTE,38,12/17/2011 00:00,9.64,10123.0,United Kingdom
541685,85496,PRODUTO TESTE,48,10/12/2011 00:00,38.77,10130.0,France
544499,64530,PRODUTO TESTE,44,05/15/2011 00:00,0.78,10172.0,United Kingdom
542757,79949,PRODUTO TESTE,23,04/30/2011 00:00,31.62,10124.0,United Kingdom
542434,54784,PRODUTO TESTE,40,02/02/2011 00:00,32.81,10189.0,United Kingdom
537006,93687,PRODUTO TESTE,40,08/16/2011 00:00,37.81,10025.0,United Kingdom
536620,93659,PRODUTO TESTE,48,10/01/2011 00:00,46.34,10069.0,United Kingdom
536418,65472,PRODUTO TESTE,14,05/10/2011 00:00,37.81,10022.0,Eire
541340,85044,PRODUTO TESTE,29,01/08/2011 00:00,36.74,10018.0,United Kingdom
537815,69360,PRODUTO TESTE,39,10/29/2011 00:00,13.06,10094.0,United Kingdom
544901,75136,PRODUTO TESTE,7,03/23/2011 00:00,49.65,10045.0,Germany
537193,32245,PRODUTO TESTE,7,08/01/2011 00:00,23.69,10081.0,Germany
544522,98414,PRODUTO TESTE,16,01/20/2011 00:00,21.16,10087.0,Eire
542008,26591,PRODUTO TESTE,14,01/23/2011 00:00,25.34,10124.0,Germany
536954,72514,PRODUTO TESTE,36,11/24/2011 00:00,20.01,10189.0,United Kingdom
536526,64613,PRODUTO TESTE,46,09/03/2011 00:00,29.89,10169.0,France
539563,18312,PRODUTO TESTE,3,01/02/2011 00:00,17.81,10075.0,United Kingdom
539050,79716,PRODUTO TESTE,12,02/06/2011 00:00,12.38,10065.0,United Kingdom
538839,16980,PRODUTO TESTE,46,06/29/2011 00:00,46.44,10154.0,United Kingdom
540757,55861,PRODUTO TESTE,27,09/06/2011 00:00,46.43,10024.0,United Kingdom
537167,83427,PRODUTO TESTE,6,06/04/2011 00:00,25.06,10108.0,United Kingdom
537165,21267,PRODUTO TESTE,28,11/15/2011 00:00,48.13,10084.0,United Kingdom
542253,42462,PRODUTO TESTE,43,08/27/2011 00:00,21.08,10036.0,United Kingdom
544912,55748,PRODUTO TESTE,15,08/13/2011 00:00,19.68,10123.0,United Kingdom
538464,93184,PRODUTO TESTE,21,04/16/2011 00:00,45.89,10064.0,United Kingdom
544387,44376,PRODUTO TESTE,28,09/06/2011 00:00,31.83,10037.0,United Kingdom
539103,20642,PRODUTO TESTE,41,11/15/2011 00:00,38.24,10130.0,United Kingdom
539022,21828,PRODUTO TESTE,26,01/18/2011 00:00,20.93,10034.0,United Kingdom
536813,27890,PRODUTO TESTE,47,09/26/2011 00:00,20.65,10134.0,United Kingdom
539809,87996,PRODUTO TESTE,36,11/18/2011 00:00,4.62,10032.0,United Kingdom
540481,79584,PRODUTO TESTE,18,06/07/2011 00:00,48.35,10086.0,United Kingdom
541973,47600,PRODUTO TESTE,21,10/07/2011 00:00,11.78,10161.0,United Kingdom
537423,86271,PRODUTO TESTE,33,05/11/2011 00:00,24.97,10045.0,United Kingdom
537698,92655,PRODUTO TESTE,-2,03/12/2011 00:00,6.17,10153.0,United Kingdom
539888,88046,PRODUTO TESTE,7,10/25/2011 00:00,32.52,10144.0,United Kingdom
536626,10408,PRODUTO TESTE,8,04/24/2011 00:00,19.85,10180.0,United Kingdom
537290,18922,PRODUTO TESTE,39,10/04/2011 00:00,38.5,10033.0,United Kingdom
541661,75292,PRODUTO TESTE,40,04/26/2011 00:00,26.65,10143.0,United Kingdom
544584,44361,PRODUTO TESTE,40,05/26/2011 00:00,6.91,10187.0,United Kingdom
541156,24299,PRODUTO TESTE,0,09/08/2011 00:00,1.03,10152.0,United Kingdom
537304,68174,PRODUTO TESTE,11,05/05/2011 00:00,11.02,10037.0,United Kingdom
544918,41991,PRODUTO TESTE,12,10/22/2011 00:00,36.36,10164.0,United Kingdom
540696,92690,PRODUTO TESTE,-4,01/15/2011 00:00,41.51,10021.0,United Kingdom
542451,61912,PRODUTO TESTE,9,01/05/2011 00:00,17.4,10117.0,France
537772,31511,PRODUTO TESTE,18,01/30/2011 00:00,27.03,10099.0,United Kingdom
541205,94111,PRODUTO TESTE,43,04/04/2011 00:00,12.38,10106.0,United Kingdom
536687,64030,PRODUTO TESTE,4,01/20/2011 00:00,44.08,10103.0,Germany
541631,36666,PRODUTO TESTE,42,05/19/2011 00:00,48.28,10006.0,United Kingdom
537820,22916,PRODUTO TESTE,40,01/09/2011 00:00,37.77,10101.0,United Kingdom
544185,59950,PRODUTO TESTE,3,10/04/2011 00:00,4.9,10187.0,Germany
536492,77254,PRODUTO TESTE,9,02/25/2011 00:00,22.14,10087.0,United Kingdom
541873,85230,PRODUTO TESTE,20,12/21/2011 00:00,49.53,10055.0,United Kingdom
537254,21477,PRODUTO TESTE,46,11/09/2011 00:00,11.85,10198.0,United Kingdom
542184,48889,PRODUTO TESTE,38,09/11/2011 00:00,33.69,10019.0,United Kingdom
540441,99997,PRODUTO TESTE,48,10/19/2011 00:00,46.96,10097.0,United Kingdom
544707,69477,PRODUTO TESTE,12,10/10/2011 00:00,38.77,10102.0,United Kingdom
541866,18303,PRODUTO TESTE,44,11/05/2011 00:00,30.64,10095.0,France
539347,92535,PRODUTO TESTE,47,07/22/2011 00:00,25.58,10184.0,United Kingdom
536786,71679,PRODUTO TESTE,27,08/16/2011 00:00,46.48,10084.0,United Kingdom
541361,51412,PRODUTO TESTE,3,06/21/2011 00:00,20.04,10194.0,United Kingdom
539969,79932,PRODUTO TESTE,9,08/16/2011 00:00,45.11,10013.0,United Kingdom
536472,68355,PRODUTO TESTE,2,05/20/2011 00:00,21.84,10146.0,United Kingdom
541231,33218,PRODUTO TESTE,39,02/15/2011 00:00,37.95,10118.0,United Kingdom
537889,81679,PRODUTO TESTE,12,12/06/2011 00:00,45.83,10048.0,United Kingdom
538108,32934,PRODUTO TESTE,33,09/13/2011 00:00,27.76,10045.0,United Kingdom
536080,30601,PRODUTO TESTE,9,09/15/2011 00:00,15.84,10143.0,United Kingdom
539348,63652,PRODUTO TESTE,48,04/13/2011 00:00,3.02,10127.0,United Kingdom
537964,11679,PRODUTO TESTE,37,10/09/2011 00:00,40.56,10122.0,United Kingdom
536646,66742,PRODUTO TESTE,15,07/09/2011 00:00,31.29,10010.0,United Kingdom
539908,59551,PRODUTO TESTE,21,01/28/2011 00:00,13.52,10119.0,United Kingdom
537981,74846,PRODUTO TESTE,-2,12/15/2011 00:00,43.93,10196.0,United Kingdom
537207,24336,PRODUTO TESTE,2,12/29/2011 00:00,46.05,10003.0,United Kingdom
540200,62225,PRODUTO TESTE,49,11/14/2011 00:00,44.41,10093.0,Germany
536569,49746,PRODUTO TESTE,39,06/23/2011 00:00,30.28,10098.0,United Kingdom
544913,25701,PRODUTO TESTE,41,03/27/2011 00:00,48.84,10179.0,France
540238,50671,PRODUTO TESTE,30,01/05/2011 00:00,43.8,10056.0,Germany
544966,93171,PRODUTO TESTE,7,09/26/2011 00:00,5.66,10095.0,United Kingdom
543932,84184,PRODUTO TESTE,0,11/22/2011 00:00,49.06,10143.0,United Kingdom
544816,24994,PRODUTO TESTE,34,02/07/2011 00:00,27.67,10012.0,Germany
540884,86205,PRODUTO TESTE,13,09/07/2011 00:00,46.04,10160.0,France
539807,60870,PRODUTO TESTE,-5,01/10/2011 00:00,38.14,10164.0,Eire
542479,14245,PRODUTO TESTE,-4,10/11/2011 00:00,32.55,10143.0,United Kingdom
536726,92799,PRODUTO TESTE,25,01/11/2011 00:00,16.67,10129.0,United Kingdom
543561,57332,PRODUTO TESTE,41,12/23/2011 00:00,1.84,10149.0,France
538912,92166,PRODUTO TESTE,14,03/04/2011 00:00,14.2,10156.0,France
536066,18854,PRODUTO TESTE,49,05/27/2011 00:00,34.45,10180.0,United Kingdom
538139,25111,PRODUTO TESTE,15,09/11/2011 00:00,43.22,10085.0,Germany
538180,91169,PRODUTO TESTE,35,11/05/2011 00:00,0.62,10091.0,United Kingdom
536127,31474,PRODUTO TESTE,8,05/13/2011 00:00,10.79,10127.0,France
542017,59441,PRODUTO TESTE,28,12/24/2011 00:00,33.82,10038.0,United Kingdom
536857,64165,PRODUTO TESTE,10,01/06/2011 00:00,14.54,10171.0,Germany
543620,95345,PRODUTO TESTE,37,06/22/2011 00:00,7.51,10154.0,United Kingdom
540078,40344,PRODUTO TESTE,20,12/27/2011 00:00,4.56,10126.0,United Kingdom
542464,77837,PRODUTO TESTE,-3,04/11/2011 00:00,32.08,10060.0,United Kingdom
539056,75778,PRODUTO TESTE,8,07/14/2011 00:00,29.95,10069.0,United Kingdom
537187,73081,PRODUTO TESTE,14,06/12/2011 00:00,43.0,10086.0,United Kingdom
537623,57015,PRODUTO TESTE,20,05/24/2011 00:00,16.08,10132.0,France
541812,16399,PRODUTO TESTE,9,10/08/2011 00:00,7.27,10155.0,United Kingdom
542444,33947,PRODUTO TESTE,26,07/09/2011 00:00,40.06,10134.0,Germany
538407,60485,PRODUTO TESTE,47,09/18/2011 00:00,49.42,10185.0,United Kingdom
539214,46993,PRODUTO TESTE,34,07/09/2011 00:00,18.34,10192.0,United Kingdom
544505,26610,PRODUTO TESTE,12,12/31/2011 00:00,43.33,10140.0,United Kingdom
543666,72199,PRODUTO TESTE,32,06/21/2011 00:00,38.25,10074.0,United Kingdom
539717,51507,PRODUTO TESTE,48,10/18/2011 00:00,45.62,10119.0,United Kingdom
538168,80661,PRODUTO TESTE,8,08/12/2011 00:00,21.51,10085.0,United Kingdom
538712,59345,PRODUTO TESTE,7,10/20/2011 00:00,5.51,10125.0,United Kingdom
540845,43260,PRODUTO TESTE,-3,11/20/2011 00:00,6.36,10162.0,United Kingdom
541101,19794,PRODUTO TESTE,41,03/24/2011 00:00,38.28,10073.0,Eire
537657,19448,PRODUTO TESTE,40,04/21/2011 00:00,43.23,10101.0,United Kingdom
536592,55642,PRODUTO TESTE,17,04/21/2011 00:00,23.12,10009.0,United Kingdom
540457,41794,PRODUTO TESTE,42,06/27/2011 00:00,3.45,10147.0,United Kingdom
543177,74638,PRODUTO TESTE,30,06/29/2011 00:00,3.8,10097.0,United Kingdom
537372,66741,PRODUTO TESTE,48,01/02/2011 00:00,30.13,10091.0,United Kingdom
539675,35587,PRODUTO TESTE,45,11/23/2011 00:00,45.97,10106.0,United Kingdom
537454,78384,PRODUTO TESTE,47,11/10/2011 00:00,20.28,10043.0,United Kingdom
538179,60922,PRODUTO TESTE,16,08/08/2011 00:00,32.71,10119.0,United Kingdom
541510,89168,PRODUTO TESTE,29,04/22/2011 00:00,27.33,10149.0,United Kingdom
538575,95779,PRODUTO TESTE,4,10/29/2011 00:00,44.54,10069.0,United Kingdom
538374,96573,PRODUTO TESTE,44,04/10/2011 00:00,41.7,10026.0,United Kingdom
544960,21420,PRODUTO TESTE,12,04/22/2011 00:00,10.37,10077.0,France
537551,57642,PRODUTO TESTE,19,12/31/2011 00:00,34.04,10039.0,United Kingdom
537703,12592,PRODUTO TESTE,27,12/04/2011 00:00,42.45,10074.0,United Kingdom
544367,89217,PRODUTO TESTE,38,08/02/2011 00:00,46.55,10125.0,United Kingdom
540951,73233,PRODUTO TESTE,35,03/03/2011 00:00,29.7,10022.0,United Kingdom
536387,33586,PRODUTO TESTE,47,02/14/2011 00:00,9.21,10149.0,United Kingdom
539824,64654,PRODUTO TESTE,34,12/18/2011 00:00,28.13,10044.0,Eire
541086,60368,PRODUTO TESTE,38,04/07/2011 00:00,33.46,10178.0,United Kingdom
538278,58896,PRODUTO TESTE,26,09/06/2011 00:00,13.99,10146.0,United Kingdom
540934,58544,PRODUTO TESTE,17,05/09/2011 00:00,48.66,10054.0,United Kingdom
541836,98573,PRODUTO TESTE,45,07/01/2011 00:00,11.85,10112.0,United Kingdom
538255,79181,PRODUTO TESTE,15,12/26/2011 00:00,45.61,10022.0,United Kingdom
543311,46224,PRODUTO TESTE,29,08/05/2011 00:00,21.55,10019.0,United Kingdom
540074,79580,PRODUTO TESTE,11,06/07/2011 00:00,0.53,10191.0,Germany
544671,22689,PRODUTO TESTE,21,06/01/2011 00:00,27.39,10160.0,United Kingdom
536789,35680,PRODUTO TESTE,15,03/25/2011 00:00,31.6,10030.0,United Kingdom
538918,20560,PRODUTO TESTE,9,07/23/2011 00:00,43.53,10056.0,United Kingdom
542491,89726,PRODUTO TESTE,40,07/27/2011 00:00,27.26,10039.0,United Kingdom
544054,12145,PRODUTO TESTE,37,02/04/2011 00:00,5.16,10079.0,United Kingdom
537995,90233,PRODUTO TESTE,33,05/28/2011 00:00,46.38,10058.0,United Kingdom
544822,84903,PRODUTO TESTE,-1,08/24/2011 00:00,28.49,10065.0,United Kingdom
537740,95340,PRODUTO TESTE,8,01/21/2011 00:00,13.94,10105.0,United Kingdom
539745,78930,PRODUTO TESTE,6,12/23/2011 00:00,44.99,10037.0,France
538833,51187,PRODUTO TESTE,34,11/11/2011 00:00,6.49,10176.0,United Kingdom
539818,83041,PRODUTO TESTE,44,08/21/2011 00:00,5.33,10145.0,United Kingdom
544121,98866,PRODUTO TESTE,15,01/06/2011 00:00,26.98,10152.0,Eire
542592,90324,PRODUTO TESTE,13,07/09/2011 00:00,31.43,10033.0,United Kingdom
543168,80641,PRODUTO TESTE,25,11/24/2011 00:00,25.79,10141.0,United Kingdom
538285,79006,PRODUTO TESTE,49,01/09/2011 00:00,46.49,10167.0,United Kingdom
544522,68786,PRODUTO TESTE,15,10/17/2011 00:00,13.51,10035.0,United Kingdom
539919,90260,PRODUTO TESTE,10,11/03/2011 00:00,49.52,10150.0,Germany
541867,48902,PRODUTO TESTE,23,01/28/2011 00:00,1.46,10071.0,United Kingdom
542279,55070,PRODUTO TESTE,45,03/26/2011 00:00,6.37,10157.0,France
541966,85817,PRODUTO TESTE,35,09/22/2011 00:00,9.69,10095.0,United Kingdom
541416,33620,PRODUTO TESTE,23,11/29/2011 00:00,4.44,10160.0,United Kingdom
540320,78771,PRODUTO TESTE,35,10/09/2011 00:00,22.19,10029.0,United Kingdom
541828,19933,PRODUTO TESTE,-5,07/11/2011 00:00,43.34,10077.0,United Kingdom
544146,62699,PRODUTO TESTE,36,08/08/2011 00:00,41.13,10054.0,Germany
539507,13136,PRODUTO TESTE,0,07/11/2011 00:00,37.37,10049.0,United Kingdom
540597,99742,PRODUTO TESTE,16,07/30/2011 00:00,0.87,10061.0,United Kingdom
537620,85779,PRODUTO TESTE,14,10/09/2011 00:00,43.35,10076.0,United Kingdom
539195,32451,PRODUTO TESTE,32,01/19/2011 00:00,20.13,10025.0,United Kingdom
542948,23518,PRODUTO TESTE,8,03/18/2011 00:00,36.72,10141.0,France
541763,67757,PRODUTO TESTE,8,01/22/2011 00:00,36.48,10110.0,United Kingdom
537900,91144,PRODUTO TESTE,43,10/18/2011 00:00,9.29,10165.0,United Kingdom
540915,38901,PRODUTO TESTE,21,09/23/2011 00:00,26.01,10141.0,United Kingdom
543307,96535,PRODUTO TESTE,35,01/20/2011 00:00,46.35,10029.0,United Kingdom
537116,51205,PRODUTO TESTE,27,02/08/2011 00:00,13.52,10013.0,Eire
536557,49755,PRODUTO TESTE,29,04/07/2011 00:00,35.89,10084.0,United Kingdom
539534,40504,PRODUTO TESTE,32,03/30/2011 00:00,47.92,10096.0,United Kingdom
541908,34361,PRODUTO TESTE,31,07/09/2011 00:00,18.35,10048.0,United Kingdom
538819,40109,PRODUTO TESTE,45,07/02/2011 00:00,19.69,10156.0,United Kingdom
543389,25565,PRODUTO TESTE,38,05/11/2011 00:00,22.9,10116.0,Eire
543621,43913,PRODUTO TESTE,11,03/01/2011 00:00,40.55,10149.0,United Kingdom
540792,36079,PRODUTO TESTE,4,08/26/2011 00:00,22.24,10021.0,United Kingdom
539409,15101,PRODUTO TESTE,41,10/16/2011 00:00,24.57,10163.0,United Kingdom
536375,42633,PRODUTO TESTE,15,08/22/2011 00:00,11.5,10041.0,Eire
543393,13587,PRODUTO TESTE,12,10/22/2011 00:00,49.42,10089.0,Eire
544057,26287,PRODUTO TESTE,1,11/30/2011 00:00,44.67,10087.0,United Kingdom
539981,75242,PRODUTO TESTE,25,11/04/2011 00:00,30.21,10164.0,United Kingdom
540648,12264,PRODUTO TESTE,23,08/26/2011 00:00,48.05,10055.0,United Kingdom
542781,37981,PRODUTO TESTE,40,01/19/2011 00:00,34.51,10048.0,United Kingdom
542258,71576,PRODUTO TESTE,36,05/03/2011 00:00,47.98,10067.0,United Kingdom
537217,11909,PRODUTO TESTE,34,06/06/2011 00:00,8.5,10072.0,United Kingdom
542050,76359,PRODUTO TESTE,24,09/18/2011 00:00,11.66,10036.0,France
544321,17333,PRODUTO TESTE,42,11/06/2011 00:00,44.32,10035.0,United Kingdom
542756,14968,PRODUTO TESTE,49,08/22/2011 00:00,21.28,10046.0,United Kingdom
540325,27626,PRODUTO TESTE,39,05/13/2011 00:00,18.87,10093.0,United Kingdom
540708,87430,PRODUTO TESTE,14,10/15/2011 00:00,37.84,10068.0,United Kingdom
538338,14339,PRODUTO TESTE,10,09/11/2011 00:00,31.7,10078.0,United Kingdom
541946,18885,PRODUTO TESTE,-5,10/19/2011 00:00,17.53,10143.0,United Kingdom
538173,95152,PRODUTO TESTE,49,08/04/2011 00:00,20.19,10048.0,Eire
539076,64905,PRODUTO TESTE,35,08/25/2011 00:00,20.71,10181.0,United Kingdom
538385,61151,PRODUTO TESTE,46,05/07/2011 00:00,6.75,10150.0,Germany
539017,13637,PRODUTO TESTE,38,05/26/2011 00:00,11.86,10034.0,United Kingdom
539300,45461,PRODUTO TESTE,18,04/11/2011 00:00,27.11,10062.0,United Kingdom
536746,61875,PRODUTO TESTE,2,04/04/2011 00:00,39.2,10036.0,United Kingdom
542457,57943,PRODUTO TESTE,-3,08/27/2011 00:00,21.24,10054.0,France
539968,56918,PRODUTO TESTE,38,05/21/2011 00:00,19.48,10073.0,United Kingdom
544546,20153,PRODUTO TESTE,11,02/18/2011 00:00,32.7,10026.0,United Kingdom
537627,98999,PRODUTO TESTE,15,01/13/2011 00:00,8.28,10002.0,United Kingdom
542021,73165,PRODUTO TESTE,40,11/10/2011 00:00,19.35,10087.0,United Kingdom
537612,31741,PRODUTO TESTE,21,06/08/2011 00:00,10.8,10140.0,United Kingdom
540924,97262,PRODUTO TESTE,47,07/30/2011 00:00,32.76,10060.0,United Kingdom
540417,37133,PRODUTO TESTE,25,11/27/2011 00:00,6.06,10172.0,United Kingdom
540037,21759,PRODUTO TESTE,40,02/10/2011 00:00,22.67,10073.0,United Kingdom
541892,90371,PRODUTO TESTE,1,12/09/2011 00:00,30.01,10180.0,United Kingdom
543453,23733,PRODUTO TESTE,16,09/14/2011 00:00,41.77,10047.0,United Kingdom
538850,15477,PRODUTO TESTE,5,08/22/2011 00:00,36.37,10107.0,United Kingdom
543646,66579,PRODUTO TESTE,-2,06/07/2011 00:00,47.17,10152.0,United Kingdom
537663,33761,PRODUTO TESTE,49,09/15/2011 00:00,34.15,10011.0,France
538637,23673,PRODUTO TESTE,23,03/16/2011 00:00,17.78,10186.0,United Kingdom
538796,19212,PRODUTO TESTE,14,04/21/2011 00:00,11.97,10072.0,United Kingdom
544580,21344,PRODUTO TESTE,15,12/17/2011 00:00,3.3,10099.0,France
537067,96487,PRODUTO TESTE,8,04/11/2011 00:00,14.24,10125.0,United Kingdom
539556,70342,PRODUTO TESTE,1,09/20/2011 00:00,7.27,10128.0,United Kingdom
539819,85853,PRODUTO TESTE,45,12/06/2011 00:00,18.78,10004.0,United Kingdom
543200,65678,PRODUTO TESTE,0,08/05/2011 00:00,35.28,10173.0,United Kingdom
540373,58900,PRODUTO TESTE,16,04/19/2011 00:00,34.76,10124.0,United Kingdom
544701,29596,PRODUTO TESTE,3,11/06/2011 00:00,16.25,10199.0,United Kingdom
542662,97056,PRODUTO TESTE,46,10/29/2011 00:00,25.67,10094.0,United Kingdom
542332,84085,PRODUTO TESTE,6,07/18/2011 00:00,11.23,10122.0,United Kingdom
542776,57547,PRODUTO TESTE,16,02/11/2011 00:00,25.4,10088.0,France
537453,19472,PRODUTO TESTE,36,06/11/2011 00:00,25.75,10177.0,United Kingdom
540041,78412,PRODUTO TESTE,26,06/07/2011 00:00,15.41,10166.0,United Kingdom
541275,39931,PRODUTO TESTE,15,03/11/2011 00:00,13.34,10181.0,United Kingdom
537876,28824,PRODUTO TESTE,26,05/27/2011 00:00,48.99,10100.0,United Kingdom
537068,76497,PRODUTO TESTE,19,02/25/2011 00:00,27.09,10158.0,United Kingdom
537221,85341,PRODUTO TESTE,10,09/10/2011 00:00,28.32,10071.0,United Kingdom
543102,65250,PRODUTO TESTE,27,06/07/2011 00:00,0.89,10092.0,Germany
541911,16657,PRODUTO TESTE,15,09/24/2011 00:00,9.5,10152.0,United Kingdom
538531,64005,PRODUTO TESTE,47,06/16/2011 00:00,18.15,10016.0,United Kingdom
542634,92696,PRODUTO TESTE,20,09/18/2011 00:00,48.32,10142.0,United Kingdom
542256,71763,PRODUTO TESTE,36,09/25/2011 00:00,9.17,10003.0,United Kingdom
543348,33892,PRODUTO TESTE,7,02/28/2011 00:00,15.51,10116.0,United Kingdom
544190,68180,PRODUTO TESTE,30,06/11/2011 00:00,49.51,10095.0,United Kingdom
543940,32409,PRODUTO TESTE,25,10/01/2011 00:00,24.31,10093.0,United Kingdom
537629,88683,PRODUTO TESTE,35,08/05/2011 00:00,16.26,10098.0,United Kingdom
542923,86120,PRODUTO TESTE,20,03/22/2011 00:00,31.9,10098.0,United Kingdom
539535,61188,PRODUTO TESTE,34,10/31/2011 00:00,25.07,10081.0,United Kingdom
539628,22173,PRODUTO TESTE,-2,03/14/2011 00:00,47.89,10090.0,United Kingdom
541824,46115,PRODUTO TESTE,32,12/29/2011 00:00,4.62,10113.0,United Kingdom
541419,20872,PRODUTO TESTE,36,09/16/2011 00:00,39.63,10152.0,United Kingdom
539776,78947,PRODUTO TESTE,22,04/28/2011 00:00,14.31,10110.0,United Kingdom
544995,71258,PRODUTO TESTE,-4,03/13/2011 00:00,40.43,10128.0,United Kingdom
537573,33331,PRODUTO TESTE,26,11/26/2011 00:00,42.46,10167.0,United Kingdom
536872,87062,PRODUTO TESTE,37,07/11/2011 00:00,42.54,10197.0,United Kingdom
536261,78362,PRODUTO TESTE,20,10/22/2011 00:00,43.4,10021.0,United Kingdom
543328,94273,PRODUTO TESTE,0,10/31/2011 00:00,36.05,10142.0,United Kingdom
539659,35198,PRODUTO TESTE,16,01/25/2011 00:00,7.55,10045.0,United Kingdom
539936,25723,PRODUTO TESTE,49,09/07/2011 00:00,3.07,10039.0,United Kingdom
541842,53233,PRODUTO TESTE,9,05/02/2011 00:00,17.37,10158.0,Germany
539918,33862,PRODUTO TESTE,24,11/28/2011 00:00,25.01,10013.0,United Kingdom
541165,76526,PRODUTO TESTE,14,03/21/2011 00:00,15.48,10169.0,Eire
536526,48292,PRODUTO TESTE,34,01/13/2011 00:00,37.24,10154.0,Germany
537406,66488,PRODUTO TESTE,18,08/31/2011 00:00,36.26,10198.0,United Kingdom
544388,25459,PRODUTO TESTE,16,07/21/2011 00:00,48.61,10133.0,United Kingdom
540056,17711,PRODUTO TESTE,26,07/22/2011 00:00,20.33,10174.0,United Kingdom
537506,94384,PRODUTO TESTE,26,04/07/2011 00:00,39.39,10023.0,United Kingdom
539325,50189,PRODUTO TESTE,22,06/30/2011 00:00,37.19,10177.0,United Kingdom
539013,22542,PRODUTO TESTE,9,12/18/2011 00:00,49.44,10032.0,United Kingdom
538467,83066,PRODUTO TESTE,0,10/06/2011 00:00,38.79,10062.0,United Kingdom
538642,21944,PRODUTO TESTE,32,12/26/2011 00:00,14.54,10025.0,United Kingdom
542563,99707,PRODUTO TESTE,13,05/02/2011 00:00,1.26,10080.0,United Kingdom
536960,44744,PRODUTO TESTE,28,11/14/2011 00:00,48.42,10149.0,United Kingdom
538786,52011,PRODUTO TESTE,15,05/20/2011 00:00,35.95,10053.0,Eire
540211,33341,PRODUTO TESTE,41,12/08/2011 00:00,40.72,10164.0,United Kingdom
540861,17733,PRODUTO TESTE,33,11/12/2011 00:00,39.77,10121.0,United Kingdom
543924,46790,PRODUTO TESTE,17,03/02/2011 00:00,36.92,10125.0,Eire
544309,42956,PRODUTO TESTE,13,12/21/2011 00:00,37.7,10187.0,United Kingdom
538676,50323,PRODUTO TESTE,36,08/10/2011 00:00,46.51,10086.0,United Kingdom
540853,54092,PRODUTO TESTE,-5,10/11/2011 00:00,45.75,10068.0,United Kingdom
536201,66753,PRODUTO TESTE,-2,07/31/2011 00:00,19.27,10198.0,United Kingdom
541553,16608,PRODUTO TESTE,-1,03/21/2011 00:00,2.03,10111.0,Germany
537376,42631,PRODUTO TESTE,14,12/26/2011 00:00,2.41,10122.0,United Kingdom
536659,87782,PRODUTO TESTE,22,02/11/2011 00:00,22.61,10059.0,United Kingdom
542045,95661,PRODUTO TESTE,11,10/23/2011 00:00,41.83,10043.0,United Kingdom
537603,58490,PRODUTO TESTE,5,03/18/2011 00:00,42.46,10033.0,United Kingdom
540296,42955,PRODUTO TESTE,12,10/14/2011 00:00,20.52,10044.0,United Kingdom
536908,47449,PRODUTO TESTE,22,06/04/2011 00:00,15.43,10039.0,United Kingdom
542711,80396,PRODUTO TESTE,11,03/28/2011 00:00,25.58,10149.0,United Kingdom
542883,45746,PRODUTO TESTE,26,03/28/2011 00:00,41.71,10011.0,United Kingdom
541173,95041,PRODUTO TESTE,16,04/27/2011 00:00,32.01,10125.0,United Kingdom
543523,12547,PRODUTO TESTE,46,11/25/2011 00:00,7.42,10189.0,France
539931,64534,PRODUTO TESTE,49,10/08/2011 00:00,18.43,10153.0,United Kingdom
537678,56698,PRODUTO TESTE,31,09/02/2011 00:00,27.99,10080.0,United Kingdom
537362,50644,PRODUTO TESTE,25,08/18/2011 00:00,27.14,10011.0,United Kingdom
537973,52801,PRODUTO TESTE,-4,06/02/2011 00:00,41.62,10166.0,United Kingdom
537802,24297,PRODUTO TESTE,29,11/26/2011 00:00,46.64,10000.0,United Kingdom
538908,41129,PRODUTO TESTE,15,04/10/2011 00:00,5.47,10136.0,Germany
537929,41806,PRODUTO TESTE,10,12/11/2011 00:00,11.61,10134.0,United Kingdom
541319,69280,PRODUTO TESTE,38,05/19/2011 00:00,19.91,10038.0,France
537335,63839,PRODUTO TESTE,-3,05/05/2011 00:00,15.17,10147.0,Germany
541596,46992,PRODUTO TESTE,9,06/23/2011 00:00,20.71,10035.0,United Kingdom
539006,56556,PRODUTO TESTE,37,10/01/2011 00:00,2.52,10045.0,United Kingdom
542180,61458,PRODUTO TESTE,45,09/18/2011 00:00,3.77,10162.0,United Kingdom
540616,14246,PRODUTO TESTE,23,10/07/2011 00:00,42.0,10195.0,United Kingdom
544146,89652,PRODUTO TESTE,24,02/02/2011 00:00,5.58,10052.0,United Kingdom
539958,90316,PRODUTO TESTE,48,02/28/2011 00:00,41.29,10184.0,United Kingdom
538655,42749,PRODUTO TESTE,0,11/06/2011 00:00,15.67,10182.0,Eire
541302,78494,PRODUTO TESTE,21,12/25/2011 00:00,15.81,10153.0,United Kingdom
541928,45812,PRODUTO TESTE,8,02/16/2011 00:00,5.49,10028.0,United Kingdom
539953,16085,PRODUTO TESTE,21,11/27/2011 00:00,1.16,10059.0,United Kingdom
541037,87930,PRODUTO TESTE,44,04/06/2011 00:00,18.09,10135.0,United Kingdom
540237,34089,PRODUTO TESTE,27,12/24/2011 00:00,41.85,10199.0,United Kingdom
538752,42228,PRODUTO TESTE,49,12/29/2011 00:00,46.04,10162.0,United Kingdom
538822,61816,PRODUTO TESTE,22,08/21/2011 00:00,3.55,10084.0,United Kingdom
544166,49542,PRODUTO TESTE,42,03/11/2011 00:00,2.03,10047.0,Eire
542078,33922,PRODUTO TESTE,4,10/15/2011 00:00,8.36,10192.0,United Kingdom
536859,82072,PRODUTO TESTE,12,02/06/2011 00:00,38.43,10055.0,Eire
544658,42041,PRODUTO TESTE,10,05/02/2011 00:00,10.64,10068.0,United Kingdom
542408,63267,PRODUTO TESTE,37,08/22/2011 00:00,11.93,10192.0,United Kingdom
536451,69893,PRODUTO TESTE,23,01/25/2011 00:00,44.5,10112.0,United Kingdom
542550,94048,PRODUTO TESTE,7,05/24/2011 00:00,43.81,10052.0,United Kingdom
541306,53103,PRODUTO TESTE,4,10/18/2011 00:00,33.68,10001.0,Germany
544237,52359,PRODUTO TESTE,16,02/03/2011 00:00,8.62,10085.0,United Kingdom
540404,92179,PRODUTO TESTE,3,05/14/2011 00:00,19.37,10197.0,United Kingdom
540667,53111,PRODUTO TESTE,33,01/02/2011 00:00,12.19,10086.0,United Kingdom
538832,36805,PRODUTO TESTE,41,08/29/2011 00:00,33.76,10139.0,United Kingdom
538894,13863,PRODUTO TESTE,48,01/29/2011 00:00,39.11,10050.0,United Kingdom
541561,39235,PRODUTO TESTE,7,04/13/2011 00:00,7.54,10155.0,United Kingdom
543449,27757,PRODUTO TESTE,19,07/10/2011 00:00,44.95,10155.0,France
544016,37432,PRODUTO TESTE,22,03/20/2011 00:00,23.41,10121.0,United Kingdom
542937,58599,PRODUTO TESTE,22,03/26/2011 00:00,39.85,10154.0,United Kingdom
541487,57234,PRODUTO TESTE,19,11/01/2011 00:00,3.06,10115.0,United Kingdom
540502,26839,PRODUTO TESTE,7,10/11/2011 00:00,18.35,10075.0,United Kingdom
539056,51768,PRODUTO TESTE,1,01/30/2011 00:00,1.23,10147.0,France
542910,50822,PRODUTO TESTE,17,11/09/2011 00:00,36.06,10167.0,United Kingdom
538863,13854,PRODUTO TESTE,0,06/20/2011 00:00,4.43,10168.0,United Kingdom
538410,35498,PRODUTO TESTE,-2,02/22/2011 00:00,17.25,10042.0,United Kingdom
543810,75046,PRODUTO TESTE,23,11/27/2011 00:00,39.2,10135.0,France
541305,11873,PRODUTO TESTE,42,05/04/2011 00:00,37.57,10000.0,United Kingdom
539187,37083,PRODUTO TESTE,24,04/29/2011 00:00,32.19,10114.0,Germany
543786,52759,PRODUTO TESTE,-4,02/23/2011 00:00,34.85,10114.0,United Kingdom
544664,24985,PRODUTO TESTE,41,11/20/2011 00:00,32.74,10072.0,France
538861,68163,PRODUTO TESTE,32,04/15/2011 00:00,32.24,10198.0,United Kingdom
540692,74419,PRODUTO TESTE,11,08/05/2011 00:00,17.81,10176.0,United Kingdom
540351,40440,PRODUTO TESTE,10,03/29/2011 00:00,1.89,10007.0,United Kingdom
542314,30719,PRODUTO TESTE,44,11/23/2011 00:00,22.37,10041.0,United Kingdom
544559,79886,PRODUTO TESTE,21,10/15/2011 00:00,2.75,10041.0,France
540936,29354,PRODUTO TESTE,2,07/03/2011 00:00,23.71,10179.0,Eire
543183,23144,PRODUTO TESTE,10,05/07/2011 00:00,23.47,10103.0,United Kingdom
541360,12971,PRODUTO TESTE,9,08/28/2011 00:00,9.35,10145.0,France
543983,18216,PRODUTO TESTE,17,06/30/2011 00:00,39.32,10161.0,United Kingdom
539641,88444,PRODUTO TESTE,14,12/10/2011 00:00,35.36,10153.0,United Kingdom
539467,94134,PRODUTO TESTE,25,09/03/2011 00:00,28.2,10017.0,United Kingdom
539801,59128,PRODUTO TESTE,12,01/10/2011 00:00,46.33,10028.0,United Kingdom
544968,92948,PRODUTO TESTE,30,10/28/2011 00:00,14.72,10079.0,United Kingdom
541502,73620,PRODUTO TESTE,22,03/12/2011 00:00,13.47,10067.0,United Kingdom
537373,46588,PRODUTO TESTE,46,04/20/2011 00:00,9.58,10149.0,United Kingdom
536368,74194,PRODUTO TESTE,40,06/09/2011 00:00,27.45,10031.0,United Kingdom
540668,47793,PRODUTO TESTE,13,03/18/2011 00:00,10.67,10074.0,United Kingdom
543251,96573,PRODUTO TESTE,-3,12/10/2011 00:00,43.51,10047.0,United Kingdom
540313,86592,PRODUTO TESTE,27,12/24/2011 00:00,15.56,10037.0,United Kingdom
541041,86026,PRODUTO TESTE,13,02/26/2011 00:00,24.8,10034.0,United Kingdom
543185,57746,PRODUTO TESTE,44,04/27/2011 00:00,26.71,10039.0,United Kingdom
540647,56645,PRODUTO TESTE,17,05/16/2011 00:00,15.73,10112.0,United Kingdom
544177,20540,PRODUTO TESTE,10,09/02/2011 00:00,37.05,10082.0,United Kingdom
541741,68746,PRODUTO TESTE,13,08/07/2011 00:00,34.76,10087.0,United Kingdom
542580,20338,PRODUTO TESTE,42,09/05/2011 00:00,38.16,10095.0,United Kingdom
543033,58642,PRODUTO TESTE,1,01/12/2011 00:00,30.49,10148.0,United Kingdom
541641,21801,PRODUTO TESTE,47,07/07/2011 00:00,23.28,10172.0,France
536450,52837,PRODUTO TESTE,7,03/18/2011 00:00,22.72,10105.0,United Kingdom
539846,80268,PRODUTO TESTE,41,03/25/2011 00:00,35.97,10128.0,Eire
537273,37752,PRODUTO TESTE,24,10/10/2011 00:00,19.16,10147.0,France
540592,64170,PRODUTO TESTE,26,02/21/2011 00:00,22.14,10138.0,United Kingdom
537288,33395,PRODUTO TESTE,6,01/12/2011 00:00,8.6,10026.0,United Kingdom
540583,36978,PRODUTO TESTE,34,06/27/2011 00:00,34.14,10196.0,United Kingdom
539094,26453,PRODUTO TESTE,30,09/26/2011 00:00,4.31,10032.0,United Kingdom
536183,24586,PRODUTO TESTE,21,07/06/2011 00:00,49.53,10082.0,United Kingdom
537123,43483,PRODUTO TESTE,20,02/28/2011 00:00,7.62,10130.0,Eire
540527,21111,PRODUTO TESTE,27,10/10/2011 00:00,19.46,10080.0,United Kingdom
536709,90236,PRODUTO TESTE,20,05/20/2011 00:00,12.27,10048.0,United Kingdom
543703,76724,PRODUTO TESTE,48,09/17/2011 00:00,14.89,10184.0,United Kingdom
542828,29946,PRODUTO TESTE,-3,03/15/2011 00:00,16.46,10014.0,United Kingdom
542383,89726,PRODUTO TESTE,8,11/29/2011 00:00,36.06,10049.0,United Kingdom
537549,42879,PRODUTO TESTE,41,04/14/2011 00:00,9.25,10198.0,France
543161,57796,PRODUTO TESTE,38,12/21/2011 00:00,13.56,10145.0,United Kingdom
541712,72907,PRODUTO TESTE,14,05/18/2011 00:00,5.51,10017.0,United Kingdom
539514,79543,PRODUTO TESTE,22,09/23/2011 00:00,16.91,10150.0,United Kingdom
536003,10697,PRODUTO TESTE,-4,07/03/2011 00:00,47.09,10193.0,United Kingdom
540760,35481,PRODUTO TESTE,4,01/28/2011 00:00,19.32,10019.0,United Kingdom
543163,40293,PRODUTO TESTE,46,02/05/2011 00:00,38.98,10082.0,United Kingdom
536301,62709,PRODUTO TESTE,30,05/28/2011 00:00,23.35,10093.0,United Kingdom
536473,88515,PRODUTO TESTE,-3,03/12/2011 00:00,22.76,10026.0,United Kingdom
539446,49423,PRODUTO TESTE,38,08/11/2011 00:00,41.29,10040.0,France
540604,51714,PRODUTO TESTE,17,02/20/2011 00:00,1.83,10034.0,United Kingdom
540269,17892,PRODUTO TESTE,26,08/04/2011 00:00,43.31,10037.0,United Kingdom
539835,57347,PRODUTO TESTE,42,03/16/2011 00:00,24.52,10080.0,United Kingdom
538296,53862,PRODUTO TESTE,41,03/08/2011 00:00,17.88,10092.0,France
536538,67300,PRODUTO TESTE,2,05/14/2011 00:00,45.39,10047.0,United Kingdom
536281,86209,PRODUTO TESTE,15,08/01/2011 00:00,17.32,10057.0,United Kingdom
536889,61046,PRODUTO TESTE,9,05/26/2011 00:00,48.9,10038.0,United Kingdom
542213,14660,PRODUTO TESTE,45,05/08/2011 00:00,46.85,10159.0,United Kingdom
543073,83551,PRODUTO TESTE,37,05/05/2011 00:00,13.76,10042.0,United Kingdom
539915,52939,PRODUTO TESTE,30,05/04/2011 00:00,17.36,10181.0,United Kingdom
536696,53785,PRODUTO TESTE,-2,05/28/2011 00:00,40.7,10107.0,United Kingdom
539741,88592,PRODUTO TESTE,39,11/01/2011 00:00,10.18,10160.0,United Kingdom
544870,63081,PRODUTO TESTE,25,07/30/2011 00:00,36.73,10127.0,United Kingdom
538249,81105,PRODUTO TESTE,10,06/04/2011 00:00,6.89,10053.0,United Kingdom
540420,89210,PRODUTO TESTE,19,10/01/2011 00:00,10.68,10120.0,United Kingdom
540840,54410,PRODUTO TESTE,19,07/12/2011 00:00,25.28,10054.0,United Kingdom
538969,98419,PRODUTO TESTE,11,12/13/2011 00:00,37.42,10023.0,United Kingdom
539942,25420,PRODUTO TESTE,45,07/25/2011 00:00,37.1,10050.0,United Kingdom
540245,88413,PRODUTO TESTE,45,03/20/2011 00:00,30.64,10055.0,United Kingdom
540265,86366,PRODUTO TESTE,-3,07/25/2011 00:00,13.97,10027.0,United Kingdom
542459,18974,PRODUTO TESTE,46,10/10/2011 00:00,21.06,10004.0,United Kingdom
541227,23781,PRODUTO TESTE,17,03/19/2011 00:00,12.69,10188.0,Eire
536480,13325,PRODUTO TESTE,38,03/15/2011 00:00,14.21,10102.0,Germany
536056,34913,PRODUTO TESTE,37,08/07/2011 00:00,16.5,10080.0,United Kingdom
539696,99232,PRODUTO TESTE,27,11/19/2011 00:00,30.14,10185.0,United Kingdom
544169,21184,PRODUTO TESTE,35,05/03/2011 00:00,10.78,10044.0,United Kingdom
536332,13037,PRODUTO TESTE,32,07/04/2011 00:00,2.61,10080.0,United Kingdom
536639,51310,PRODUTO TESTE,41,08/28/2011 00:00,34.78,10169.0,United Kingdom
542113,41814,PRODUTO TESTE,18,08/31/2011 00:00,1.58,10126.0,France
540058,66627,PRODUTO TESTE,35,02/23/2011 00:00,48.55,10079.0,Germany
538075,64586,PRODUTO TESTE,48,05/25/2011 00:00,17.84,10051.0,United Kingdom
537866,84439,PRODUTO TESTE,47,12/29/2011 00:00,0.83,10007.0,United Kingdom
541985,47343,PRODUTO TESTE,3,11/21/2011 00:00,44.29,10017.0,United Kingdom
540714,51519,PRODUTO TESTE,22,10/09/2011 00:00,30.19,10032.0,United Kingdom
541744,12036,PRODUTO TESTE,23,01/09/2011 00:00,40.96,10157.0,United Kingdom
538522,97363,PRODUTO TESTE,29,06/02/2011 00:00,22.03,10127.0,France
540737,29191,PRODUTO TESTE,30,01/19/2011 00:00,18.03,10086.0,Germany
543740,63626,PRODUTO TESTE,41,04/20/2011 00:00,32.93,10156.0,United Kingdom
538849,89258,PRODUTO TESTE,24,11/12/2011 00:00,20.6,10032.0,United Kingdom
539567,64396,PRODUTO TESTE,33,05/22/2011 00:00,28.03,10042.0,United Kingdom
537473,66284,PRODUTO TESTE,44,03/03/2011 00:00,14.25,10078.0,United Kingdom
541748,25775,PRODUTO TESTE,0,09/21/2011 00:00,16.97,10183.0,United Kingdom
536292,73811,PRODUTO TESTE,30,10/05/2011 00:00,4.57,10122.0,United Kingdom
538239,27110,PRODUTO TESTE,15,08/28/2011 00:00,39.18,10170.0,United Kingdom
542417,72260,PRODUTO TESTE,44,10/23/2011 00:00,17.77,10049.0,United Kingdom
536174,61895,PRODUTO TESTE,25,09/14/2011 00:00,48.76,10169.0,United Kingdom
544901,54060,PRODUTO TESTE,28,08/20/2011 00:00,13.36,10014.0,United Kingdom
539637,74878,PRODUTO TESTE,36,11/21/2011 00:00,24.02,10045.0,United Kingdom
539588,74779,PRODUTO TESTE,8,04/29/2011 00:00,15.62,10104.0,United Kingdom
540828,28423,PRODUTO TESTE,24,06/16/2011 00:00,34.85,10010.0,United Kingdom
541752,43799,PRODUTO TESTE,37,07/25/2011 00:00,40.51,10171.0,United Kingdom
540135,53561,PRODUTO TESTE,37,09/02/2011 00:00,24.61,10173.0,United Kingdom
543958,23658,PRODUTO TESTE,7,06/23/2011 00:00,18.66,10108.0,United Kingdom
544658,42057,PRODUTO TESTE,41,06/11/2011 00:00,37.37,10061.0,United Kingdom
537803,13727,PRODUTO TESTE,3,03/02/2011 00:00,9.98,10019.0,United Kingdom
542361,49488,PRODUTO TESTE,9,08/21/2011 00:00,30.17,10123.0,United Kingdom
538708,28517,PRODUTO TESTE,42,02/15/2011 00:00,36.81,10107.0,United Kingdom
544961,29991,PRODUTO TESTE,28,06/23/2011 00:00,13.83,10151.0,United Kingdom
538279,83654,PRODUTO TESTE,24,05/30/2011 00:00,32.96,10120.0,United Kingdom
538655,22664,PRODUTO TESTE,25,10/11/2011 00:00,36.89,10025.0,United Kingdom
542428,20864,PRODUTO TESTE,48,06/23/2011 00:00,6.31,10024.0,United Kingdom
543101,38844,PRODUTO TESTE,7,01/02/2011 00:00,16.53,10156.0,United Kingdom
537157,12114,PRODUTO TESTE,11,07/04/2011 00:00,20.61,10031.0,Germany
541000,88201,PRODUTO TESTE,21,03/20/2011 00:00,38.91,10187.0,Germany
539111,98821,PRODUTO TESTE,41,05/19/2011 00:00,28.59,10021.0,United Kingdom
541505,82469,PRODUTO TESTE,25,04/19/2011 00:00,22.75,10145.0,United Kingdom
541010,81937,PRODUTO TESTE,34,03/02/2011 00:00,16.28,10195.0,United Kingdom
544872,19148,PRODUTO TESTE,39,12/12/2011 00:00,0.7,10088.0,United Kingdom
544403,59910,PRODUTO TESTE,44,04/03/2011 00:00,1.5,10011.0,United Kingdom
541885,17902,PRODUTO TESTE,20,07/05/2011 00:00,12.4,10175.0,United Kingdom
542114,37072,PRODUTO TESTE,20,10/30/2011 00:00,6.28,10037.0,Germany
544089,54365,PRODUTO TESTE,-1,05/13/2011 00:00,6.42,10105.0,United Kingdom
537651,71335,PRODUTO TESTE,-1,12/09/2011 00:00,30.34,10196.0,United Kingdom
542531,34964,PRODUTO TESTE,21,05/28/2011 00:00,30.47,10148.0,Germany
542948,33054,PRODUTO TESTE,36,12/12/2011 00:00,2.72,10009.0,United Kingdom
537146,84107,PRODUTO TESTE,41,06/14/2011 00:00,29.9,10164.0,United Kingdom
543931,30180,PRODUTO TESTE,17,01/06/2011 00:00,7.72,10032.0,United Kingdom
542294,53755,PRODUTO TESTE,26,11/13/2011 00:00,19.17,10149.0,Eire
539124,35813,PRODUTO TESTE,39,11/12/2011 00:00,49.49,10124.0,United Kingdom
540358,86742,PRODUTO TESTE,12,12/18/2011 00:00,26.34,10057.0,United Kingdom
540406,58135,PRODUTO TESTE,3,02/15/2011 00:00,2.19,10084.0,United Kingdom
544269,19737,PRODUTO TESTE,45,11/05/2011 00:00,17.71,10023.0,United Kingdom
544723,23315,PRODUTO TESTE,25,05/05/2011 00:00,33.71,10197.0,United Kingdom
543261,97305,PRODUTO TESTE,3,11/04/2011 00:00,11.62,10047.0,United Kingdom
541869,94629,PRODUTO TESTE,8,12/18/2011 00:00,48.24,10061.0,United Kingdom
536937,79038,PRODUTO TESTE,12,03/14/2011 00:00,21.55,10100.0,United Kingdom
544233,16975,PRODUTO TESTE,6,05/16/2011 00:00,1.54,10134.0,United Kingdom
537205,75868,PRODUTO TESTE,19,04/09/2011 00:00,27.26,10101.0,United Kingdom
537501,69470,PRODUTO TESTE,39,04/22/2011 00:00,33.97,10101.0,United Kingdom
536626,94618,PRODUTO TESTE,35,08/06/2011 00:00,23.07,10116.0,United Kingdom
544529,53766,PRODUTO TESTE,45,05/31/2011 00:00,46.44,10171.0,United Kingdom
540439,52326,PRODUTO TESTE,40,08/28/2011 00:00,45.15,10079.0,United Kingdom
538123,66933,PRODUTO TESTE,12,09/04/2011 00:00,7.38,10166.0,United Kingdom
536726,23399,PRODUTO TESTE,-2,03/15/2011 00:00,4.46,10157.0,United Kingdom
539707,77087,PRODUTO TESTE,3,01/17/2011 00:00,15.96,10192.0,United Kingdom
542513,54720,PRODUTO TESTE,38,09/30/2011 00:00,30.6,10182.0,United Kingdom
544951,26911,PRODUTO TESTE,13,03/08/2011 00:00,30.28,10159.0,United Kingdom
540971,83369,PRODUTO TESTE,34,03/14/2011 00:00,13.95,10049.0,United Kingdom
541464,33801,PRODUTO TESTE,20,08/08/2011 00:00,47.58,10154.0,Eire
543522,87358,PRODUTO TESTE,44,04/06/2011 00:00,15.71,10147.0,United Kingdom
544116,34550,PRODUTO TESTE,22,03/11/2011 00:00,40.31,10057.0,United Kingdom
538518,53968,PRODUTO TESTE,44,04/22/2011 00:00,41.68,10135.0,United Kingdom
544927,49310,PRODUTO TESTE,8,07/10/2011 00:00,5.37,10050.0,United Kingdom
540672,75906,PRODUTO TESTE,37,11/05/2011 00:00,12.01,10104.0,United Kingdom
544371,26758,PRODUTO TESTE,23,12/27/2011 00:00,11.15,10159.0,United Kingdom
537057,32225,PRODUTO TESTE,5,09/25/2011 00:00,46.02,10037.0,United Kingdom
536876,27321,PRODUTO TESTE,7,11/25/2011 00:00,17.88,10067.0,United Kingdom
543961,30749,PRODUTO TESTE,12,07/13/2011 00:00,41.91,10159.0,United Kingdom
542053,50758,PRODUTO TESTE,3,05/30/2011 00:00,24.16,10090.0,United Kingdom
537575,62762,PRODUTO TESTE,46,10/27/2011 00:00,23.13,10192.0,United Kingdom
544054,87729,PRODUTO TESTE,6,04/21/2011 00:00,45.22,10001.0,Eire
536921,47957,PRODUTO TESTE,27,10/24/2011 00:00,22.32,10144.0,United Kingdom
542140,46891,PRODUTO TESTE,26,12/31/2011 00:00,37.37,10162.0,United Kingdom
537845,24494,PRODUTO TESTE,24,05/23/2011 00:00,21.51,10183.0,United Kingdom
536635,18903,PRODUTO TESTE,29,08/20/2011 00:00,5.54,10031.0,United Kingdom
543256,78521,PRODUTO TESTE,45,10/13/2011 00:00,3.13,10196.0,United Kingdom
543626,66958,PRODUTO TESTE,48,10/13/2011 00:00,10.81,10078.0,France
536952,57892,PRODUTO TESTE,43,03/17/2011 00:00,36.25,10070.0,United Kingdom
536838,49968,PRODUTO TESTE,20,12/18/2011 00:00,19.0,10071.0,United Kingdom
541529,56834,PRODUTO TESTE,35,07/03/2011 00:00,22.98,10127.0,United Kingdom
536258,86111,PRODUTO TESTE,5,01/16/2011 00:00,5.54,10131.0,Germany
542715,27037,PRODUTO TESTE,43,02/13/2011 00:00,31.34,10094.0,United Kingdom
544240,54890,PRODUTO TESTE,5,09/23/2011 00:00,40.27,10014.0,United Kingdom
542759,31702,PRODUTO TESTE,1,06/05/2011 00:00,31.42,10197.0,United Kingdom
538076,19441,PRODUTO TESTE,40,02/09/2011 00:00,49.24,10044.0,United Kingdom
537710,72343,PRODUTO TESTE,36,07/09/2011 00:00,1.31,10018.0,United Kingdom
542125,73438,PRODUTO TESTE,2,08/07/2011 00:00,1.28,10119.0,United Kingdom
536554,86670,PRODUTO TESTE,48,01/30/2011 00:00,25.25,10082.0,United Kingdom
540839,11928,PRODUTO TESTE,1,05/08/2011 00:00,13.69,10123.0,France
540039,25948,PRODUTO TESTE,-3,06/18/2011 00:00,34.48,10175.0,Germany
542701,61708,PRODUTO TESTE,47,10/12/2011 00:00,39.76,10019.0,United Kingdom
537822,83110,PRODUTO TESTE,7,08/26/2011 00:00,5.57,10056.0,United Kingdom
542860,94601,PRODUTO TESTE,7,02/01/2011 00:00,45.91,10103.0,United Kingdom
542293,80927,PRODUTO TESTE,38,08/13/2011 00:00,1.98,10157.0,United Kingdom
538148,91441,PRODUTO TESTE,28,11/26/2011 00:00,34.58,10120.0,United Kingdom
539210,83341,PRODUTO TESTE,23,01/20/2011 00:00,19.53,10076.0,Eire
536594,38414,PRODUTO TESTE,49,12/27/2011 00:00,33.54,10122.0,United Kingdom
540044,62356,PRODUTO TESTE,-1,02/04/2011 00:00,5.33,10195.0,United Kingdom
538345,67185,PRODUTO TESTE,45,08/16/2011 00:00,46.89,10096.0,United Kingdom
537021,41665,PRODUTO TESTE,9,05/09/2011 00:00,46.9,10176.0,United Kingdom
541039,89700,PRODUTO TESTE,29,09/24/2011 00:00,26.21,10155.0,Eire
541107,79391,PRODUTO TESTE,12,11/04/2011 00:00,25.72,10060.0,United Kingdom
536773,56514,PRODUTO TESTE,11,11/07/2011 00:00,31.92,10049.0,United Kingdom
537669,53194,PRODUTO TESTE,12,11/14/2011 00:00,29.21,10154.0,United Kingdom
536743,81336,PRODUTO TESTE,25,10/25/2011 00:00,27.41,10041.0,Germany
542110,29967,PRODUTO TESTE,43,04/24/2011 00:00,29.66,10067.0,United Kingdom
539042,29671,PRODUTO TESTE,1,06/19/2011 00:00,43.0,10047.0,United Kingdom
536640,46214,PRODUTO TESTE,31,09/20/2011 00:00,30.75,10121.0,United Kingdom
537723,21476,PRODUTO TESTE,42,03/03/2011 00:00,10.19,10058.0,United Kingdom
544783,51194,PRODUTO TESTE,35,07/30/2011 00:00,45.74,10131.0,United Kingdom
538301,48922,PRODUTO TESTE,48,07/13/2011 00:00,11.19,10186.0,France
542160,55480,PRODUTO TESTE,-5,12/25/2011 00:00,8.68,10165.0,United Kingdom
540215,51540,PRODUTO TESTE,14,01/19/2011 00:00,49.85,10189.0,United Kingdom
537635,90779,PRODUTO TESTE,18,02/04/2011 00:00,11.06,10004.0,United Kingdom
538766,34704,PRODUTO TESTE,24,01/11/2011 00:00,5.45,10091.0,United Kingdom
536126,47004,PRODUTO TESTE,12,07/19/2011 00:00,28.32,10044.0,United Kingdom
542722,76438,PRODUTO TESTE,8,07/21/2011 00:00,41.45,10183.0,Germany
539010,35632,PRODUTO TESTE,41,08/05/2011 00:00,3.51,10142.0,United Kingdom
540493,69087,PRODUTO TESTE,7,03/30/2011 00:00,24.76,10064.0,United Kingdom
537375,96610,PRODUTO TESTE,47,04/23/2011 00:00,3.89,10112.0,United Kingdom
543417,43785,PRODUTO TESTE,-3,06/02/2011 00:00,21.72,10121.0,United Kingdom
537965,31775,PRODUTO TESTE,18,01/18/2011 00:00,17.53,10099.0,United Kingdom
541096,27110,PRODUTO TESTE,28,10/02/2011 00:00,7.29,10094.0,France
543854,11000,PRODUTO TESTE,48,01/20/2011 00:00,46.59,10011.0,United Kingdom
542418,35567,PRODUTO TESTE,37,09/01/2011 00:00,31.93,10090.0,United Kingdom
541428,86483,PRODUTO TESTE,-5,06/15/2011 00:00,42.23,10069.0,Eire
543992,32927,PRODUTO TESTE,36,12/31/2011 00:00,45.34,10163.0,United Kingdom
537588,95899,PRODUTO TESTE,12,09/10/2011 00:00,46.54,10173.0,United Kingdom
544671,95766,PRODUTO TESTE,42,06/23/2011 00:00,37.53,10150.0,France
541009,71391,PRODUTO TESTE,37,09/13/2011 00:00,15.69,10006.0,Germany
539688,98277,PRODUTO TESTE,5,02/12/2011 00:00,41.53,10168.0,United Kingdom
538302,46688,PRODUTO TESTE,14,03/08/2011 00:00,26.25,10079.0,United Kingdom
542704,96066,PRODUTO TESTE,40,07/02/2011 00:00,13.95,10083.0,France
544785,58937,PRODUTO TESTE,45,11/10/2011 00:00,19.6,10189.0,United Kingdom
542211,17268,PRODUTO TESTE,28,10/27/2011 00:00,15.41,10173.0,United Kingdom
536294,84879,PRODUTO TESTE,7,05/18/2011 00:00,23.58,10010.0,United Kingdom
540221,95541,PRODUTO TESTE,16,04/14/2011 00:00,39.18,10071.0,United Kingdom
542590,89679,PRODUTO TESTE,38,12/18/2011 00:00,24.5,10149.0,United Kingdom
539576,47511,PRODUTO TESTE,27,07/26/2011 00:00,13.76,10107.0,United Kingdom
542956,19227,PRODUTO TESTE,6,02/13/2011 00:00,4.83,10051.0,United Kingdom
542365,62691,PRODUTO TESTE,10,03/24/2011 00:00,42.86,10104.0,United Kingdom
536604,88118,PRODUTO TESTE,5,11/02/2011 00:00,21.16,10173.0,United Kingdom
541021,85661,PRODUTO TESTE,20,11/24/2011 00:00,22.38,10044.0,United Kingdom
537546,65560,PRODUTO TESTE,19,11/28/2011 00:00,38.3,10149.0,United Kingdom
540378,80769,PRODUTO TESTE,24,01/03/2011 00:00,42.56,10146.0,United Kingdom
539458,12905,PRODUTO TESTE,46,10/28/2011 00:00,25.8,10177.0,United Kingdom
543262,66108,PRODUTO TESTE,30,02/10/2011 00:00,31.8,10059.0,United Kingdom
543813,19763,PRODUTO TESTE,27,10/23/2011 00:00,12.34,10043.0,United Kingdom
540153,77442,PRODUTO TESTE,15,11/18/2011 00:00,46.79,10109.0,United Kingdom
540832,14098,PRODUTO TESTE,29,05/12/2011 00:00,28.61,10106.0,United Kingdom
541634,63541,PRODUTO TESTE,47,03/12/2011 00:00,36.12,10081.0,United Kingdom
541897,95369,PRODUTO TESTE,-5,09/18/2011 00:00,6.15,10155.0,United Kingdom
541718,20072,PRODUTO TESTE,14,01/25/2011 00:00,32.03,10159.0,United Kingdom
543047,48386,PRODUTO TESTE,-2,07/31/2011 00:00,18.76,10049.0,United Kingdom
544837,13678,PRODUTO TESTE,6,05/02/2011 00:00,22.78,10159.0,United Kingdom
543453,74404,PRODUTO TESTE,-2,06/04/2011 00:00,34.27,10046.0,United Kingdom
537212,93280,PRODUTO TESTE,27,10/29/2011 00:00,39.92,10081.0,United Kingdom
540286,10154,PRODUTO TESTE,40,12/29/2011 00:00,17.79,10005.0,United Kingdom
540151,59135,PRODUTO TESTE,46,05/27/2011 00:00,43.73,10068.0,France
540579,81384,PRODUTO TESTE,8,04/17/2011 00:00,11.34,10191.0,United Kingdom
540756,12284,PRODUTO TESTE,33,11/01/2011 00:00,28.36,10088.0,United Kingdom
542462,53382,PRODUTO TESTE,13,05/31/2011 00:00,7.99,10142.0,United Kingdom
539789,21609,PRODUTO TESTE,12,03/14/2011 00:00,14.82,10021.0,United Kingdom
538370,93123,PRODUTO TESTE,28,11/26/2011 00:00,44.82,10127.0,France
540118,55853,PRODUTO TESTE,32,12/28/2011 00:00,1.07,10074.0,United Kingdom
543690,56880,PRODUTO TESTE,27,04/16/2011 00:00,45.82,10148.0,Germany
538802,99748,PRODUTO TESTE,0,02/27/2011 00:00,16.76,10185.0,United Kingdom
536187,80991,PRODUTO TESTE,17,02/25/2011 00:00,34.94,10106.0,United Kingdom
544786,38249,PRODUTO TESTE,10,08/07/2011 00:00,5.04,10020.0,United Kingdom
537761,66651,PRODUTO TESTE,-5,04/24/2011 00:00,32.24,10095.0,France
541425,36725,PRODUTO TESTE,-3,08/16/2011 00:00,45.52,10024.0,United Kingdom
543201,56847,PRODUTO TESTE,19,10/05/2011 00:00,27.98,10089.0,United Kingdom
538470,83102,PRODUTO TESTE,0,01/03/2011 00:00,18.43,10012.0,United Kingdom
539062,95341,PRODUTO TESTE,35,11/10/2011 00:00,39.78,10128.0,United Kingdom
538524,95636,PRODUTO TESTE,-2,01/11/2011 00:00,35.78,10062.0,United Kingdom
537348,54603,PRODUTO TESTE,7,02/11/2011 00:00,6.33,10040.0,United Kingdom
537376,90549,PRODUTO TESTE,49,09/22/2011 00:00,33.45,10003.0,United Kingdom
537680,90314,PRODUTO TESTE,33,08/15/2011 00:00,33.4,10177.0,United Kingdom
540122,59179,PRODUTO TESTE,25,12/24/2011 00:00,37.72,10167.0,United Kingdom
540776,13246,PRODUTO TESTE,-5,07/27/2011 00:00,16.16,10162.0,United Kingdom
536143,20714,PRODUTO TESTE,-3,06/02/2011 00:00,20.36,10011.0,France
543615,69167,PRODUTO TESTE,44,09/02/2011 00:00,48.02,10069.0,Germany
542083,84732,PRODUTO TESTE,38,10/06/2011 00:00,28.89,10194.0,United Kingdom
536635,92048,PRODUTO TESTE,47,09/02/2011 00:00,25.67,10115.0,United Kingdom
543584,31885,PRODUTO TESTE,39,05/16/2011 00:00,49.35,10025.0,United Kingdom
536274,90933,PRODUTO TESTE,-5,12/17/2011 00:00,11.86,10028.0,Eire
541044,84388,PRODUTO TESTE,39,04/21/2011 00:00,20.2,10052.0,United Kingdom
540186,53654,PRODUTO TESTE,20,05/07/2011 00:00,38.11,10194.0,United Kingdom
540519,43665,PRODUTO TESTE,33,04/12/2011 00:00,35.8,10033.0,France
544605,52488,PRODUTO TESTE,17,04/20/2011 00:00,48.35,10180.0,United Kingdom
544343,70789,PRODUTO TESTE,34,03/19/2011 00:00,32.89,10135.0,United Kingdom
538511,82945,PRODUTO TESTE,41,08/01/2011 00:00,16.0,10184.0,United Kingdom
541216,25447,PRODUTO TESTE,48,09/23/2011 00:00,20.18,10165.0,United Kingdom
544632,40151,PRODUTO TESTE,24,06/06/2011 00:00,4.94,10066.0,United Kingdom
542559,20809,PRODUTO TESTE,10,12/03/2011 00:00,46.22,10165.0,Eire
543989,94343,PRODUTO TESTE,28,06/22/2011 00:00,6.87,10033.0,United Kingdom
539913,46635,PRODUTO TESTE,22,06/20/2011 00:00,27.51,10058.0,United Kingdom
538548,32561,PRODUTO TESTE,6,01/26/2011 00:00,20.37,10042.0,United Kingdom
540595,28297,PRODUTO TESTE,34,11/26/2011 00:00,7.14,10026.0,United Kingdom
543352,16695,PRODUTO TESTE,-1,02/24/2011 00:00,15.0,10018.0,United Kingdom
544359,52414,PRODUTO TESTE,17,03/02/2011 00:00,31.86,10037.0,United Kingdom
542172,79472,PRODUTO TESTE,33,12/08/2011 00:00,2.05,10024.0,United Kingdom
542358,39075,PRODUTO TESTE,45,07/09/2011 00:00,48.32,10076.0,United Kingdom
540606,46424,PRODUTO TESTE,29,01/25/2011 00:00,45.5,10014.0,United Kingdom
538876,67282,PRODUTO TESTE,48,06/11/2011 00:00,4.69,10012.0,United Kingdom
539806,42019,PRODUTO TESTE,40,08/04/2011 00:00,43.48,10197.0,France
540479,76523,PRODUTO TESTE,7,01/04/2011 00:00,16.76,10017.0,United Kingdom
543339,38881,PRODUTO TESTE,41,10/03/2011 00:00,3.84,10014.0,United Kingdom
540998,50158,PRODUTO TESTE,13,09/02/2011 00:00,15.65,10006.0,United Kingdom
543137,98238,PRODUTO TESTE,29,01/05/2011 00:00,40.54,10026.0,France
536246,85257,PRODUTO TESTE,6,08/14/2011 00:00,33.46,10105.0,United Kingdom
542812,61450,PRODUTO TESTE,24,03/23/2011 00:00,12.31,10165.0,United Kingdom
540563,45268,PRODUTO TESTE,32,09/26/2011 00:00,36.1,10146.0,United Kingdom
544984,99271,PRODUTO TESTE,45,05/18/2011 00:00,35.54,10116.0,United Kingdom
540245,51629,PRODUTO TESTE,46,03/15/2011 00:00,37.27,10017.0,United Kingdom
540306,40921,PRODUTO TESTE,39,07/04/2011 00:00,27.26,10154.0,Eire
537147,63644,PRODUTO TESTE,25,06/11/2011 00:00,41.04,10007.0,United Kingdom
543262,47256,PRODUTO TESTE,43,05/05/2011 00:00,32.25,10126.0,United Kingdom
542313,90049,PRODUTO TESTE,0,11/17/2011 00:00,6.71,10081.0,United Kingdom
543762,29058,PRODUTO TESTE,49,08/25/2011 00:00,40.61,10176.0,United Kingdom
536834,14509,PRODUTO TESTE,6,06/27/2011 00:00,16.53,10061.0,United Kingdom
537904,48732,PRODUTO TESTE,17,03/24/2011 00:00,35.4,10127.0,United Kingdom
543892,95345,PRODUTO TESTE,44,07/27/2011 00:00,33.92,10087.0,United Kingdom
536378,15580,PRODUTO TESTE,34,01/10/2011 00:00,17.13,10104.0,United Kingdom
540573,82736,PRODUTO TESTE,41,11/19/2011 00:00,8.5,10187.0,United Kingdom
539642,10050,PRODUTO TESTE,32,01/01/2011 00:00,34.9,10142.0,United Kingdom
544454,60177,PRODUTO TESTE,28,09/13/2011 00:00,42.53,10082.0,United Kingdom
543710,50776,PRODUTO TESTE,4,05/07/2011 00:00,41.99,10089.0,United Kingdom
544070,24377,PRODUTO TESTE,49,09/20/2011 00:00,31.51,10140.0,United Kingdom
538601,77141,PRODUTO TESTE,30,05/13/2011 00:00,11.76,10069.0,United Kingdom
541287,25778,PRODUTO TESTE,31,01/10/2011 00:00,16.15,10033.0,United Kingdom
542300,49335,PRODUTO TESTE,18,12/13/2011 00:00,37.85,10093.0,Germany
544707,60247,PRODUTO TESTE,47,10/07/2011 00:00,20.84,10013.0,United Kingdom
536066,56619,PRODUTO TESTE,19,01/17/2011 00:00,36.76,10033.0,United Kingdom
544793,12850,PRODUTO TESTE,5,01/12/2011 00:00,15.82,10084.0,Germany
539198,50104,PRODUTO TESTE,4,07/13/2011 00:00,0.81,10159.0,United Kingdom
537154,68929,PRODUTO TESTE,33,12/16/2011 00:00,30.37,10156.0,United Kingdom
541539,57411,PRODUTO TESTE,35,07/30/2011 00:00,30.25,10052.0,United Kingdom
543033,75706,PRODUTO TESTE,6,01/04/2011 00:00,31.56,10084.0,Germany
537167,79803,PRODUTO TESTE,33,09/13/2011 00:00,13.78,10030.0,United Kingdom
536366,26143,PRODUTO TESTE,49,06/06/2011 00:00,40.65,10151.0,United Kingdom
544069,82339,PRODUTO TESTE,24,08/22/2011 00:00,24.63,10049.0,United Kingdom
544403,90531,PRODUTO TESTE,48,05/08/2011 00:00,38.24,10159.0,United Kingdom
537406,85424,PRODUTO TESTE,3,01/03/2011 00:00,30.75,10168.0,France
544136,86615,PRODUTO TESTE,17,01/07/2011 00:00,21.1,10137.0,United Kingdom
544188,29118,PRODUTO TESTE,25,08/19/2011 00:00,34.14,10066.0,United Kingdom
544976,68681,PRODUTO TESTE,14,08/20/2011 00:00,28.96,10190.0,France
537947,51205,PRODUTO TESTE,0,04/28/2011 00:00,25.78,10137.0,United Kingdom
541209,98563,PRODUTO TESTE,20,01/31/2011 00:00,32.6,10129.0,United Kingdom
544948,84789,PRODUTO TESTE,13,10/10/2011 00:00,4.75,10171.0,United Kingdom
544123,24536,PRODUTO TESTE,6,02/25/2011 00:00,45.56,10176.0,United Kingdom
541442,94768,PRODUTO TESTE,15,03/10/2011 00:00,17.09,10015.0,United Kingdom
537774,72741,PRODUTO TESTE,17,06/15/2011 00:00,11.62,10176.0,United Kingdom
536759,58867,PRODUTO TESTE,43,09/19/2011 00:00,38.7,10153.0,United Kingdom
538332,50144,PRODUTO TESTE,22,12/30/2011 00:00,11.95,10041.0,United Kingdom
536587,54369,PRODUTO TESTE,17,08/17/2011 00:00,49.79,10061.0,United Kingdom
537757,79384,PRODUTO TESTE,16,12/17/2011 00:00,21.31,10150.0,United Kingdom
536674,78812,PRODUTO TESTE,27,08/27/2011 00:00,15.18,10043.0,United Kingdom
542860,59686,PRODUTO TESTE,10,11/06/2011 00:00,3.57,10090.0,United Kingdom
541309,99251,PRODUTO TESTE,43,03/06/2011 00:00,2.57,10137.0,United Kingdom
540660,30908,PRODUTO TESTE,18,01/21/2011 00:00,5.21,10130.0,United Kingdom
543286,48333,PRODUTO TESTE,18,09/02/2011 00:00,0.75,10181.0,United Kingdom
539697,63885,PRODUTO TESTE,-2,12/22/2011 00:00,16.69,10022.0,United Kingdom
539626,24858,PRODUTO TESTE,43,09/26/2011 00:00,15.87,10059.0,United Kingdom
537862,54892,PRODUTO TESTE,20,05/06/2011 00:00,21.79,10196.0,Germany
540003,85086,PRODUTO TESTE,2,06/28/2011 00:00,12.03,10113.0,United Kingdom
537570,70794,PRODUTO TESTE,4,02/10/2011 00:00,3.61,10049.0,United Kingdom
541303,73937,PRODUTO TESTE,15,05/05/2011 00:00,4.02,10057.0,United Kingdom
544977,24551,PRODUTO TESTE,37,09/07/2011 00:00,9.52,10067.0,United Kingdom
540797,23056,PRODUTO TESTE,0,03/02/2011 00:00,16.17,10110.0,United Kingdom
538691,49769,PRODUTO TESTE,1,06/25/2011 00:00,7.83,10056.0,United Kingdom
542192,39115,PRODUTO TESTE,25,04/16/2011 00:00,18.57,10124.0,United Kingdom
543380,10907,PRODUTO TESTE,22,06/29/2011 00:00,46.15,10089.0,United Kingdom
540246,59789,PRODUTO TESTE,47,10/06/2011 00:00,13.45,10122.0,United Kingdom
538252,77881,PRODUTO TESTE,36,11/19/2011 00:00,8.84,10031.0,United Kingdom
542424,75831,PRODUTO TESTE,31,05/30/2011 00:00,33.41,10124.0,Eire
537685,19281,PRODUTO TESTE,13,10/29/2011 00:00,24.8,10184.0,United Kingdom
544975,80257,PRODUTO TESTE,29,09/14/2011 00:00,2.84,10027.0,United Kingdom
538860,44268,PRODUTO TESTE,27,12/03/2011 00:00,39.5,10065.0,United Kingdom
539152,24015,PRODUTO TESTE,10,09/28/2011 00:00,35.91,10138.0,United Kingdom
542542,52476,PRODUTO TESTE,15,07/21/2011 00:00,48.88,10123.0,United Kingdom
536109,29507,PRODUTO TESTE,46,09/04/2011 00:00,46.95,10134.0,United Kingdom
537825,70556,PRODUTO TESTE,24,04/26/2011 00:00,29.42,10111.0,United Kingdom
537130,76970,PRODUTO TESTE,20,09/03/2011 00:00,34.46,10136.0,United Kingdom
539519,75308,PRODUTO TESTE,38,09/16/2011 00:00,20.77,10121.0,United Kingdom
540981,20449,PRODUTO TESTE,9,08/11/2011 00:00,44.48,10014.0,United Kingdom
537616,41368,PRODUTO TESTE,7,02/07/2011 00:00,27.86,10150.0,United Kingdom
539098,54833,PRODUTO TESTE,49,07/09/2011 00:00,16.61,10089.0,United Kingdom
542949,98631,PRODUTO TESTE,39,09/17/2011 00:00,0.97,10010.0,United Kingdom
544459,59138,PRODUTO TESTE,18,03/14/2011 00:00,29.53,10081.0,United Kingdom
536128,68806,PRODUTO TESTE,47,10/15/2011 00:00,26.51,10087.0,United Kingdom
541647,40541,PRODUTO TESTE,15,11/04/2011 00:00,40.69,10017.0,United Kingdom
536231,36586,PRODUTO TESTE,32,07/16/2011 00:00,9.76,10199.0,France
540683,81669,PRODUTO TESTE,-4,12/18/2011 00:00,40.86,10044.0,United Kingdom
543915,85103,PRODUTO TESTE,33,11/10/2011 00:00,1.26,10066.0,United Kingdom
543182,14987,PRODUTO TESTE,4,06/20/2011 00:00,29.57,10088.0,United Kingdom
538094,58488,PRODUTO TESTE,8,11/19/2011 00:00,20.14,10166.0,United Kingdom
538327,79969,PRODUTO TESTE,39,12/07/2011 00:00,16.91,10148.0,United Kingdom
543051,24208,PRODUTO TESTE,6,02/09/2011 00:00,21.95,10154.0,United Kingdom
543377,68142,PRODUTO TESTE,21,12/31/2011 00:00,11.57,10047.0,Germany
538528,52627,PRODUTO TESTE,45,01/02/2011 00:00,9.58,10169.0,United Kingdom
536027,55649,PRODUTO TESTE,47,06/27/2011 00:00,40.35,10165.0,Germany
540000,63450,PRODUTO TESTE,19,12/09/2011 00:00,11.77,10092.0,United Kingdom
541577,88512,PRODUTO TESTE,-1,09/22/2011 00:00,36.98,10109.0,United Kingdom
539993,17817,PRODUTO TESTE,10,04/08/2011 00:00,35.71,10007.0,United Kingdom
544412,28201,PRODUTO TESTE,28,08/23/2011 00:00,2.15,10152.0,United Kingdom
543322,41052,PRODUTO TESTE,13,03/20/2011 00:00,44.11,10192.0,United Kingdom
543090,82068,PRODUTO TESTE,34,03/28/2011 00:00,39.57,10094.0,United Kingdom
536182,63302,PRODUTO TESTE,49,11/29/2011 00:00,39.91,10108.0,United Kingdom
543682,26899,PRODUTO TESTE,29,01/18/2011 00:00,40.55,10099.0,United Kingdom
542797,12126,PRODUTO TESTE,29,12/18/2011 00:00,29.34,10016.0,United Kingdom
539572,99139,PRODUTO TESTE,24,06/15/2011 00:00,49.67,10123.0,United Kingdom
541305,22393,PRODUTO TESTE,5,01/24/2011 00:00,9.37,10144.0,United Kingdom
543418,12948,PRODUTO TESTE,26,10/15/2011 00:00,4.08,10185.0,Eire
544155,46590,PRODUTO TESTE,46,01/18/2011 00:00,35.36,10185.0,United Kingdom
540957,59787,PRODUTO TESTE,32,04/29/2011 00:00,15.05,10098.0,United Kingdom
536372,33276,PRODUTO TESTE,36,03/29/2011 00:00,30.61,10191.0,United Kingdom
541566,25121,PRODUTO TESTE,42,10/14/2011 00:00,19.89,10105.0,United Kingdom
542120,17790,PRODUTO TESTE,16,05/25/2011 00:00,17.01,10128.0,United Kingdom
536530,46717,PRODUTO TESTE,13,08/28/2011 00:00,44.72,10120.0,United Kingdom
543355,95664,PRODUTO TESTE,48,01/27/2011 00:00,7.53,10199.0,United Kingdom
537813,23315,PRODUTO TESTE,20,09/11/2011 00:00,9.85,10147.0,United Kingdom
544014,61550,PRODUTO TESTE,35,09/17/2011 00:00,33.56,10024.0,United Kingdom
540958,27444,PRODUTO TESTE,29,04/15/2011 00:00,39.24,10014.0,France
538899,70633,PRODUTO TESTE,1,11/18/2011 00:00,41.69,10081.0,Eire
536529,15488,PRODUTO TESTE,12,06/21/2011 00:00,11.94,10103.0,United Kingdom
536160,28291,PRODUTO TESTE,12,09/01/2011 00:00,44.16,10133.0,United Kingdom
542673,10720,PRODUTO TESTE,4,03/08/2011 00:00,30.67,10096.0,United Kingdom
539394,68358,PRODUTO TESTE,37,12/07/2011 00:00,41.25,10102.0,United Kingdom
543560,74736,PRODUTO TESTE,48,04/01/2011 00:00,3.89,10184.0,United Kingdom
538074,25438,PRODUTO TESTE,48,08/17/2011 00:00,18.17,10066.0,United Kingdom
544283,50810,PRODUTO TESTE,5,02/02/2011 00:00,26.48,10098.0,United Kingdom
544474,36388,PRODUTO TESTE,19,01/17/2011 00:00,29.06,10111.0,United Kingdom
536915,14103,PRODUTO TESTE,7,02/16/2011 00:00,5.4,10093.0,United Kingdom
541822,13354,PRODUTO TESTE,-2,12/11/2011 00:00,27.16,10193.0,Eire
544457,94506,PRODUTO TESTE,29,03/18/2011 00:00,33.44,10192.0,France
538907,68263,PRODUTO TESTE,42,11/18/2011 00:00,18.4,10102.0,United Kingdom
536608,69904,PRODUTO TESTE,-1,07/31/2011 00:00,25.29,10090.0,United Kingdom
543879,36580,PRODUTO TESTE,30,02/02/2011 00:00,14.98,10117.0,United Kingdom
540266,33784,PRODUTO TESTE,-4,06/11/2011 00:00,43.59,10036.0,United Kingdom
536243,81525,PRODUTO TESTE,41,06/24/2011 00:00,30.16,10085.0,United Kingdom
543562,49482,PRODUTO TESTE,-2,04/08/2011 00:00,27.79,10043.0,Germany
542109,19188,PRODUTO TESTE,18,08/09/2011 00:00,47.25,10028.0,United Kingdom
536632,54033,PRODUTO TESTE,1,11/11/2011 00:00,33.41,10019.0,United Kingdom
538328,56944,PRODUTO TESTE,17,11/19/2011 00:00,14.35,10117.0,Eire
536164,61292,PRODUTO TESTE,18,07/11/2011 00:00,32.27,10000.0,United Kingdom
544593,58319,PRODUTO TESTE,24,11/23/2011 00:00,48.1,10129.0,United Kingdom
536224,87169,PRODUTO TESTE,40,12/03/2011 00:00,1.67,10086.0,United Kingdom
543162,31990,PRODUTO TESTE,49,02/02/2011 00:00,31.52,10073.0,United Kingdom
540601,63090,PRODUTO TESTE,13,08/20/2011 00:00,8.26,10153.0,United Kingdom
541244,89892,PRODUTO TESTE,45,10/10/2011 00:00,40.91,10107.0,United Kingdom
543304,98084,PRODUTO TESTE,18,01/06/2011 00:00,32.21,10146.0,United Kingdom
544054,96847,PRODUTO TESTE,1,08/09/2011 00:00,46.88,10141.0,United Kingdom
537146,75412,PRODUTO TESTE,28,11/30/2011 00:00,33.64,10006.0,United Kingdom
536160,19600,PRODUTO TESTE,34,04/08/2011 00:00,1.35,10043.0,United Kingdom
537121,98965,PRODUTO TESTE,11,11/09/2011 00:00,25.76,10113.0,Germany
542142,12901,PRODUTO TESTE,27,12/07/2011 00:00,45.23,10195.0,United Kingdom
541116,59566,PRODUTO TESTE,18,08/20/2011 00:00,12.0,10030.0,United Kingdom
536754,50203,PRODUTO TESTE,2,08/18/2011 00:00,4.6,10021.0,United Kingdom
538108,71059,PRODUTO TESTE,16,07/15/2011 00:00,36.13,10188.0,United Kingdom
540835,80447,PRODUTO TESTE,18,05/30/2011 00:00,25.37,10193.0,United Kingdom
542571,76410,PRODUTO TESTE,13,06/15/2011 00:00,2.86,10033.0,United Kingdom
539090,30413,PRODUTO TESTE,45,07/10/2011 00:00,14.36,10080.0,United Kingdom
544546,77926,PRODUTO TESTE,16,06/25/2011 00:00,16.67,10125.0,United Kingdom
544930,78201,PRODUTO TESTE,29,10/29/2011 00:00,33.56,10039.0,United Kingdom
542894,12198,PRODUTO TESTE,-5,10/08/2011 00:00,23.84,10065.0,United Kingdom
540088,67358,PRODUTO TESTE,12,05/07/2011 00:00,24.62,10079.0,United Kingdom
543894,21472,PRODUTO TESTE,43,07/07/2011 00:00,40.43,10128.0,United Kingdom
542551,60581,PRODUTO TESTE,44,03/20/2011 00:00,14.28,10061.0,United Kingdom
540676,30494,PRODUTO TESTE,48,03/06/2011 00:00,33.79,10082.0,United Kingdom
539994,42254,PRODUTO TESTE,-2,05/15/2011 00:00,18.69,10057.0,United Kingdom
543490,34434,PRODUTO TESTE,42,01/22/2011 00:00,21.21,10151.0,United Kingdom
541013,87592,PRODUTO TESTE,9,11/08/2011 00:00,28.02,10030.0,United Kingdom
537646,91482,PRODUTO TESTE,-5,02/16/2011 00:00,34.93,10046.0,United Kingdom
544998,81845,PRODUTO TESTE,0,04/30/2011 00:00,47.29,10049.0,United Kingdom
536615,75033,PRODUTO TESTE,36,04/02/2011 00:00,13.82,10181.0,United Kingdom
542255,42698,PRODUTO TESTE,27,03/17/2011 00:00,5.64,10188.0,United Kingdom
541903,22895,PRODUTO TESTE,26,05/15/2011 00:00,21.73,10100.0,United Kingdom
541275,61140,PRODUTO TESTE,43,09/20/2011 00:00,27.56,10031.0,United Kingdom
536467,48371,PRODUTO TESTE,0,11/22/2011 00:00,11.79,10151.0,United Kingdom
540433,35415,PRODUTO TESTE,-1,03/10/2011 00:00,44.58,10098.0,United Kingdom
544032,31880,PRODUTO TESTE,46,03/29/2011 00:00,40.04,10169.0,United Kingdom
538155,24483,PRODUTO TESTE,28,06/21/2011 00:00,24.94,10071.0,United Kingdom
542223,84686,PRODUTO TESTE,37,04/27/2011 00:00,22.78,10199.0,United Kingdom
543728,38922,PRODUTO TESTE,23,10/19/2011 00:00,2.52,10161.0,United Kingdom
544569,92600,PRODUTO TESTE,2,03/23/2011 00:00,27.08,10044.0,United Kingdom
540645,70275,PRODUTO TESTE,23,05/27/2011 00:00,29.99,10145.0,United Kingdom
538824,24785,PRODUTO TESTE,48,07/19/2011 00:00,44.64,10057.0,United Kingdom
542296,15629,PRODUTO TESTE,1,05/20/2011 00:00,25.3,10069.0,United Kingdom
540375,47490,PRODUTO TESTE,1,08/14/2011 00:00,8.29,10050.0,United Kingdom
541643,17341,PRODUTO TESTE,14,10/19/2011 00:00,9.41,10136.0,United Kingdom
542675,95754,PRODUTO TESTE,20,07/14/2011 00:00,8.41,10052.0,United Kingdom
542392,91650,PRODUTO TESTE,29,06/16/2011 00:00,46.96,10127.0,United Kingdom
538185,69137,PRODUTO TESTE,3,12/14/2011 00:00,39.77,10116.0,United Kingdom
542802,36362,PRODUTO TESTE,46,12/25/2011 00:00,41.33,10150.0,United Kingdom
540876,88127,PRODUTO TESTE,3,12/30/2011 00:00,42.1,10198.0,United Kingdom
544376,68235,PRODUTO TESTE,6,01/07/2011 00:00,5.23,10001.0,United Kingdom
541935,42192,PRODUTO TESTE,48,11/02/2011 00:00,35.26,10198.0,France
544026,89188,PRODUTO TESTE,15,11/25/2011 00:00,35.36,10021.0,Eire
544809,28873,PRODUTO TESTE,26,10/21/2011 00:00,11.63,10105.0,United Kingdom
544950,61101,PRODUTO TESTE,18,10/01/2011 00:00,24.79,10068.0,United Kingdom
542702,72216,PRODUTO TESTE,9,05/14/2011 00:00,33.29,10127.0,United Kingdom
541375,91707,PRODUTO TESTE,22,09/22/2011 00:00,44.92,10144.0,United Kingdom
537063,22368,PRODUTO TESTE,37,07/31/2011 00:00,5.97,10171.0,United Kingdom
539475,35888,PRODUTO TESTE,-5,10/31/2011 00:00,44.66,10080.0,United Kingdom
540278,85590,PRODUTO TESTE,43,05/09/2011 00:00,46.16,10186.0,United Kingdom
543024,54964,PRODUTO TESTE,5,09/29/2011 00:00,46.22,10064.0,United Kingdom
541298,77934,PRODUTO TESTE,45,10/14/2011 00:00,0.74,10040.0,United Kingdom
539952,79616,PRODUTO TESTE,47,11/01/2011 00:00,11.44,10075.0,United Kingdom
537319,37441,PRODUTO TESTE,46,03/04/2011 00:00,34.72,10105.0,United Kingdom
542442,39828,PRODUTO TESTE,30,11/12/2011 00:00,16.43,10133.0,United Kingdom
539887,54883,PRODUTO TESTE,44,03/21/2011 00:00,3.52,10166.0,United Kingdom
536325,12512,PRODUTO TESTE,42,12/09/2011 00:00,38.27,10044.0,United Kingdom
538556,81926,PRODUTO TESTE,30,01/15/2011 00:00,1.92,10060.0,United Kingdom
543915,20392,PRODUTO TESTE,44,03/23/2011 00:00,22.58,10187.0,United Kingdom
537069,94140,PRODUTO TESTE,13,08/11/2011 00:00,47.41,10087.0,United Kingdom
539655,80089,PRODUTO TESTE,40,07/18/2011 00:00,22.29,10048.0,United Kingdom
540608,41694,PRODUTO TESTE,45,09/09/2011 00:00,45.64,10197.0,United Kingdom
536753,16505,PRODUTO TESTE,29,05/28/2011 00:00,20.75,10089.0,United Kingdom
537490,81098,PRODUTO TESTE,1,01/02/2011 00:00,17.66,10197.0,Germany
544462,50366,PRODUTO TESTE,6,08/14/2011 00:00,5.82,10183.0,United Kingdom
541314,27501,PRODUTO TESTE,4,07/06/2011 00:00,18.23,10181.0,United Kingdom
537893,48661,PRODUTO TESTE,24,07/05/2011 00:00,17.18,10116.0,United Kingdom
537527,91317,PRODUTO TESTE,18,05/18/2011 00:00,42.4,10159.0,United Kingdom
539831,71962,PRODUTO TESTE,40,11/22/2011 00:00,46.04,10192.0,United Kingdom
542512,71761,PRODUTO TESTE,10,10/17/2011 00:00,1.59,10053.0,United Kingdom
542573,56310,PRODUTO TESTE,4,03/08/2011 00:00,5.36,10007.0,United Kingdom
537757,23746,PRODUTO TESTE,28,01/15/2011 00:00,32.34,10064.0,United Kingdom
542530,95463,PRODUTO TESTE,2,03/08/2011 00:00,24.49,10127.0,United Kingdom
544066,76583,PRODUTO TESTE,44,01/18/2011 00:00,15.2,10109.0,United Kingdom
538037,56366,PRODUTO TESTE,-1,09/16/2011 00:00,13.37,10016.0,United Kingdom
536235,75164,PRODUTO TESTE,22,08/15/2011 00:00,11.62,10112.0,United Kingdom
544630,42657,PRODUTO TESTE,47,06/18/2011 00:00,26.51,10034.0,United Kingdom
540697,76806,PRODUTO TESTE,25,08/04/2011 00:00,1.37,10101.0,United Kingdom
542988,97114,PRODUTO TESTE,39,10/23/2011 00:00,37.07,10115.0,United Kingdom
538880,41038,PRODUTO TESTE,18,10/31/2011 00:00,15.37,10127.0,United Kingdom
538692,10754,PRODUTO TESTE,36,06/08/2011 00:00,21.63,10082.0,United Kingdom
538025,76581,PRODUTO TESTE,33,08/05/2011 00:00,26.59,10081.0,United Kingdom
537953,86684,PRODUTO TESTE,23,07/30/2011 00:00,10.96,10135.0,United Kingdom
540244,84390,PRODUTO TESTE,0,12/13/2011 00:00,44.24,10149.0,Eire
536952,97757,PRODUTO TESTE,48,10/05/2011 00:00,34.26,10161.0,United Kingdom
543578,41241,PRODUTO TESTE,-3,04/25/2011 00:00,43.58,10066.0,United Kingdom
540601,92624,PRODUTO TESTE,14,11/20/2011 00:00,24.03,10084.0,United Kingdom
544237,28715,PRODUTO TESTE,30,05/26/2011 00:00,21.91,10066.0,Eire
540519,62841,PRODUTO TESTE,37,10/04/2011 00:00,12.24,10105.0,United Kingdom
538729,89908,PRODUTO TESTE,24,12/23/2011 00:00,27.47,10025.0,United Kingdom
540634,92386,PRODUTO TESTE,17,10/23/2011 00:00,29.86,10086.0,United Kingdom
537388,65861,PRODUTO TESTE,17,02/09/2011 00:00,21.29,10037.0,United Kingdom
543416,59146,PRODUTO TESTE,48,03/17/2011 00:00,7.7,10106.0,United Kingdom
542481,51434,PRODUTO TESTE,13,10/18/2011 00:00,14.02,10170.0,United Kingdom
537324,88078,PRODUTO TESTE,42,02/15/2011 00:00,1.21,10197.0,Germany
541237,89176,PRODUTO TESTE,-3,01/05/2011 00:00,16.3,10089.0,United Kingdom
540841,31561,PRODUTO TESTE,31,04/05/2011 00:00,29.25,10011.0,United Kingdom
537809,22240,PRODUTO TESTE,32,06/27/2011 00:00,47.81,10045.0,United Kingdom
537098,83253,PRODUTO TESTE,32,02/16/2011 00:00,9.31,10020.0,France
542842,82951,PRODUTO TESTE,18,02/25/2011 00:00,3.25,10151.0,United Kingdom
538376,18980,PRODUTO TESTE,32,05/04/2011 00:00,15.17,10196.0,United Kingdom
540670,54173,PRODUTO TESTE,19,08/07/2011 00:00,8.26,10110.0,United Kingdom
538229,55584,PRODUTO TESTE,27,07/18/2011 00:00,34.93,10035.0,United Kingdom
541880,13827,PRODUTO TESTE,44,10/19/2011 00:00,0.78,10004.0,United Kingdom
536440,69763,PRODUTO TESTE,31,12/24/2011 00:00,49.05,10195.0,United Kingdom
539234,97534,PRODUTO TESTE,35,01/13/2011 00:00,42.86,10063.0,United Kingdom
540923,29036,PRODUTO TESTE,48,09/09/2011 00:00,24.79,10022.0,Germany
539951,80025,PRODUTO TESTE,7,03/01/2011 00:00,46.09,10035.0,Germany
541511,17285,PRODUTO TESTE,27,05/12/2011 00:00,31.59,10051.0,United Kingdom
537623,29327,PRODUTO TESTE,31,05/06/2011 00:00,49.69,10131.0,United Kingdom
539976,60866,PRODUTO TESTE,33,09/13/2011 00:00,14.28,10178.0,United Kingdom
542808,93131,PRODUTO TESTE,2,04/04/2011 00:00,49.85,10055.0,United Kingdom
539002,89687,PRODUTO TESTE,36,11/23/2011 00:00,9.42,10137.0,United Kingdom
537413,94180,PRODUTO TESTE,5,05/20/2011 00:00,17.99,10012.0,United Kingdom
543629,98879,PRODUTO TESTE,17,10/25/2011 00:00,46.8,10002.0,United Kingdom
543004,82041,PRODUTO TESTE,34,12/14/2011 00:00,18.84,10010.0,United Kingdom
542123,42702,PRODUTO TESTE,9,07/06/2011 00:00,10.89,10184.0,United Kingdom
543182,21445,PRODUTO TESTE,1,02/06/2011 00:00,3.44,10116.0,United Kingdom
543009,83998,PRODUTO TESTE,32,09/14/2011 00:00,7.87,10161.0,United Kingdom
542719,26774,PRODUTO TESTE,10,06/04/2011 00:00,18.08,10004.0,United Kingdom
540584,56857,PRODUTO TESTE,40,05/04/2011 00:00,21.35,10004.0,United Kingdom
536174,77862,PRODUTO TESTE,44,06/16/2011 00:00,27.35,10169.0,United Kingdom
541373,13116,PRODUTO TESTE,14,04/20/2011 00:00,40.77,10020.0,United Kingdom
538458,92241,PRODUTO TESTE,35,04/13/2011 00:00,1.16,10031.0,United Kingdom
542959,37301,PRODUTO TESTE,7,12/28/2011 00:00,42.14,10103.0,Germany
540215,29351,PRODUTO TESTE,46,04/12/2011 00:00,29.07,10121.0,Germany
544147,43465,PRODUTO TESTE,8,06/17/2011 00:00,37.95,10045.0,United Kingdom
541359,51474,PRODUTO TESTE,43,09/18/2011 00:00,37.97,10088.0,Eire
540954,50902,PRODUTO TESTE,38,03/22/2011 00:00,45.21,10134.0,United Kingdom
544272,23931,PRODUTO TESTE,12,08/14/2011 00:00,5.12,10088.0,Eire
540275,27040,PRODUTO TESTE,40,11/23/2011 00:00,28.79,10076.0,France
539380,53020,PRODUTO TESTE,29,10/24/2011 00:00,45.5,10014.0,United Kingdom
539343,30382,PRODUTO TESTE,31,01/11/2011 00:00,36.1,10090.0,Germany
543875,67826,PRODUTO TESTE,15,05/28/2011 00:00,5.28,10160.0,United Kingdom
542806,90920,PRODUTO TESTE,7,01/01/2011 00:00,30.89,10125.0,United Kingdom
537470,11669,PRODUTO TESTE,33,08/10/2011 00:00,40.09,10178.0,Germany
540432,13251,PRODUTO TESTE,-3,04/29/2011 00:00,14.11,10025.0,United Kingdom
539341,67862,PRODUTO TESTE,14,11/23/2011 00:00,31.81,10002.0,United Kingdom
541820,12573,PRODUTO TESTE,2,03/06/2011 00:00,42.1,10109.0,United Kingdom
536470,67576,PRODUTO TESTE,-5,11/07/2011 00:00,26.43,10035.0,United Kingdom
542427,54131,PRODUTO TESTE,-5,05/05/2011 00:00,10.11,10118.0,Germany
542682,50950,PRODUTO TESTE,0,12/02/2011 00:00,27.71,10180.0,Germany
538039,64588,PRODUTO TESTE,46,03/14/2011 00:00,29.61,10067.0,United Kingdom
537355,90585,PRODUTO TESTE,37,04/09/2011 00:00,20.44,10109.0,France
541647,21473,PRODUTO TESTE,49,05/09/2011 00:00,34.14,10136.0,United Kingdom
538313,22133,PRODUTO TESTE,-1,12/26/2011 00:00,21.95,10030.0,France
544474,72696,PRODUTO TESTE,49,09/25/2011 00:00,43.93,10179.0,United Kingdom
542977,14618,PRODUTO TESTE,27,10/25/2011 00:00,39.69,10040.0,United Kingdom
544595,48599,PRODUTO TESTE,38,07/21/2011 00:00,40.34,10161.0,United Kingdom
540812,54624,PRODUTO TESTE,42,10/18/2011 00:00,26.54,10131.0,United Kingdom
544446,45254,PRODUTO TESTE,9,08/17/2011 00:00,10.22,10028.0,United Kingdom
536125,57972,PRODUTO TESTE,35,09/01/2011 00:00,36.36,10144.0,United Kingdom
538609,20213,PRODUTO TESTE,30,11/02/2011 00:00,3.91,10039.0,United Kingdom
536020,34001,PRODUTO TESTE,17,12/25/2011 00:00,26.12,10119.0,United Kingdom
542098,10455,PRODUTO TESTE,22,07/30/2011 00:00,3.12,10191.0,United Kingdom
540595,96545,PRODUTO TESTE,6,06/11/2011 00:00,26.66,10190.0,United Kingdom
538589,84876,PRODUTO TESTE,5,08/27/2011 00:00,34.45,10174.0,United Kingdom
538744,32835,PRODUTO TESTE,45,09/28/2011 00:00,21.25,10098.0,United Kingdom
541793,13270,PRODUTO TESTE,35,12/27/2011 00:00,21.14,10111.0,United Kingdom
537622,34314,PRODUTO TESTE,26,09/13/2011 00:00,6.58,10060.0,United Kingdom
540631,96044,PRODUTO TESTE,33,12/15/2011 00:00,15.44,10184.0,United Kingdom
541522,82987,PRODUTO TESTE,17,09/25/2011 00:00,22.49,10095.0,United Kingdom
538159,69314,PRODUTO TESTE,8,12/14/2011 00:00,43.25,10154.0,United Kingdom
538055,93053,PRODUTO TESTE,46,10/02/2011 00:00,44.95,10071.0,United Kingdom
539188,25895,PRODUTO TESTE,49,11/20/2011 00:00,47.7,10148.0,United Kingdom
541329,58252,PRODUTO TESTE,6,03/11/2011 00:00,5.46,10044.0,Eire
538289,81450,PRODUTO TESTE,39,12/29/2011 00:00,15.16,10146.0,United Kingdom
539413,11714,PRODUTO TESTE,19,05/08/2011 00:00,23.41,10009.0,United Kingdom
540891,49151,PRODUTO TESTE,33,10/19/2011 00:00,32.27,10020.0,United Kingdom
537680,41988,PRODUTO TESTE,0,05/24/2011 00:00,35.29,10070.0,United Kingdom
541120,25913,PRODUTO TESTE,21,06/17/2011 00:00,39.41,10096.0,United Kingdom
537242,30154,PRODUTO TESTE,1,10/01/2011 00:00,25.05,10142.0,United Kingdom
537282,97130,PRODUTO TESTE,39,07/17/2011 00:00,28.05,10071.0,Germany
538131,55991,PRODUTO TESTE,16,09/19/2011 00:00,48.05,10003.0,France
538578,17345,PRODUTO TESTE,9,01/29/2011 00:00,12.38,10065.0,United Kingdom
536268,71430,PRODUTO TESTE,33,11/01/2011 00:00,40.29,10087.0,United Kingdom
544654,63201,PRODUTO TESTE,47,05/30/2011 00:00,35.73,10108.0,United Kingdom
538773,45318,PRODUTO TESTE,13,10/15/2011 00:00,7.43,10128.0,United Kingdom
543241,45732,PRODUTO TESTE,34,04/15/2011 00:00,46.36,10049.0,Germany
544117,58361,PRODUTO TESTE,32,08/06/2011 00:00,42.84,10122.0,United Kingdom
543205,93592,PRODUTO TESTE,21,08/03/2011 00:00,39.09,10126.0,United Kingdom
543482,78386,PRODUTO TESTE,39,02/21/2011 00:00,6.78,10155.0,United Kingdom
536900,46043,PRODUTO TESTE,2,06/23/2011 00:00,7.41,10104.0,United Kingdom
539348,32152,PRODUTO TESTE,43,08/20/2011 00:00,34.32,10162.0,United Kingdom
542715,19783,PRODUTO TESTE,17,11/02/2011 00:00,5.81,10044.0,United Kingdom
541182,27636,PRODUTO TESTE,-3,11/20/2011 00:00,6.11,10142.0,United Kingdom
536050,22369,PRODUTO TESTE,49,05/21/2011 00:00,20.31,10009.0,United Kingdom
541106,82506,PRODUTO TESTE,37,08/23/2011 00:00,0.77,10020.0,Germany
543240,61820,PRODUTO TESTE,39,03/05/2011 00:00,36.21,10172.0,United Kingdom
543458,13332,PRODUTO TESTE,3,11/23/2011 00:00,27.24,10095.0,United Kingdom
539454,93357,PRODUTO TESTE,36,11/13/2011 00:00,4.37,10124.0,United Kingdom
538126,23553,PRODUTO TESTE,33,12/31/2011 00:00,27.41,10120.0,United Kingdom
538785,68089,PRODUTO TESTE,44,06/27/2011 00:00,3.18,10138.0,Germany
538667,11112,PRODUTO TESTE,15,05/12/2011 00:00,4.0,10049.0,United Kingdom
539119,62994,PRODUTO TESTE,46,10/04/2011 00:00,24.53,10035.0,United Kingdom
538716,59984,PRODUTO TESTE,33,09/22/2011 00:00,25.24,10008.0,United Kingdom
540114,91797,PRODUTO TESTE,8,03/19/2011 00:00,17.28,10172.0,United Kingdom
536367,64007,PRODUTO TESTE,6,07/17/2011 00:00,31.28,10044.0,France
538476,54026,PRODUTO TESTE,44,08/23/2011 00:00,19.67,10115.0,United Kingdom
538832,57792,PRODUTO TESTE,30,06/16/2011 00:00,29.55,10090.0,United Kingdom
537380,66998,PRODUTO TESTE,1,05/16/2011 00:00,17.81,10032.0,United Kingdom
543901,47283,PRODUTO TESTE,1,03/29/2011 00:00,35.89,10082.0,United Kingdom
542079,74245,PRODUTO TESTE,40,05/31/2011 00:00,29.17,10016.0,United Kingdom
544207,57612,PRODUTO TESTE,4,03/31/2011 00:00,8.42,10035.0,United Kingdom
541054,97226,PRODUTO TESTE,7,04/20/2011 00:00,34.47,10027.0,United Kingdom
536986,27454,PRODUTO TESTE,28,03/09/2011 00:00,39.3,10164.0,United Kingdom
544141,75629,PRODUTO TESTE,42,05/18/2011 00:00,3.76,10113.0,United Kingdom
540122,84361,PRODUTO TESTE,13,08/19/2011 00:00,30.69,10185.0,United Kingdom
542159,74632,PRODUTO TESTE,31,05/18/2011 00:00,39.63,10087.0,United Kingdom
539432,98268,PRODUTO TESTE,33,02/21/2011 00:00,6.18,10040.0,United Kingdom
540448,49064,PRODUTO TESTE,28,10/20/2011 00:00,45.13,10121.0,United Kingdom
540404,58655,PRODUTO TESTE,32,06/07/2011 00:00,21.03,10185.0,United Kingdom
538562,23856,PRODUTO TESTE,7,08/02/2011 00:00,37.02,10106.0,United Kingdom
540992,43691,PRODUTO TESTE,29,07/11/2011 00:00,45.0,10003.0,United Kingdom
542603,24370,PRODUTO TESTE,-5,07/04/2011 00:00,49.49,10060.0,United Kingdom
536182,81259,PRODUTO TESTE,35,06/09/2011 00:00,29.4,10184.0,United Kingdom
537178,80395,PRODUTO TESTE,38,10/03/2011 00:00,35.36,10103.0,United Kingdom
543580,27376,PRODUTO TESTE,38,11/09/2011 00:00,12.96,10190.0,Germany
541126,82260,PRODUTO TESTE,-4,11/26/2011 00:00,14.86,10101.0,United Kingdom
544762,38869,PRODUTO TESTE,45,06/11/2011 00:00,42.61,10002.0,United Kingdom
541442,75674,PRODUTO TESTE,18,05/05/2011 00:00,20.21,10174.0,France
541880,94597,PRODUTO TESTE,-1,01/31/2011 00:00,41.21,10152.0,United Kingdom
544091,84646,PRODUTO TESTE,24,06/11/2011 00:00,3.0,10143.0,United Kingdom
541944,26766,PRODUTO TESTE,26,12/29/2011 00:00,11.3,10194.0,United Kingdom
538966,26223,PRODUTO TESTE,17,04/05/2011 00:00,8.92,10039.0,United Kingdom
540751,20090,PRODUTO TESTE,36,11/05/2011 00:00,26.59,10181.0,United Kingdom
538120,85776,PRODUTO TESTE,24,10/04/2011 00:00,4.49,10046.0,United Kingdom
539008,59171,PRODUTO TESTE,6,08/29/2011 00:00,17.52,10194.0,United Kingdom
542122,24027,PRODUTO TESTE,29,07/26/2011 00:00,49.32,10038.0,United Kingdom
537340,62866,PRODUTO TESTE,9,10/04/2011 00:00,39.81,10110.0,United Kingdom
542047,57690,PRODUTO TESTE,1,02/05/2011 00:00,38.15,10157.0,United Kingdom
541256,63742,PRODUTO TESTE,9,02/16/2011 00:00,7.19,10015.0,United Kingdom
538775,67124,PRODUTO TESTE,44,03/13/2011 00:00,18.55,10013.0,United Kingdom
536404,24802,PRODUTO TESTE,26,10/07/2011 00:00,34.19,10169.0,United Kingdom
542341,44850,PRODUTO TESTE,12,06/07/2011 00:00,1.57,10012.0,Germany
543420,74902,PRODUTO TESTE,15,03/17/2011 00:00,21.98,10122.0,United Kingdom
542570,91817,PRODUTO TESTE,42,01/17/2011 00:00,46.47,10187.0,United Kingdom
539788,31805,PRODUTO TESTE,31,06/28/2011 00:00,4.58,10122.0,United Kingdom
541881,61398,PRODUTO TESTE,37,05/26/2011 00:00,45.36,10096.0,United Kingdom
539732,95328,PRODUTO TESTE,28,03/06/2011 00:00,10.13,10083.0,United Kingdom
539224,64106,PRODUTO TESTE,49,01/09/2011 00:00,9.86,10127.0,United Kingdom
538944,30515,PRODUTO TESTE,31,10/03/2011 00:00,10.17,10114.0,United Kingdom
537897,62543,PRODUTO TESTE,17,10/12/2011 00:00,46.6,10100.0,United Kingdom
544724,11558,PRODUTO TESTE,8,03/31/2011 00:00,30.39,10030.0,Eire
541995,54018,PRODUTO TESTE,-3,06/30/2011 00:00,37.66,10132.0,United Kingdom
537574,61105,PRODUTO TESTE,37,04/03/2011 00:00,18.64,10147.0,United Kingdom
543785,15083,PRODUTO TESTE,46,05/30/2011 00:00,43.73,10141.0,United Kingdom
537361,28256,PRODUTO TESTE,31,02/09/2011 00:00,29.31,10015.0,United Kingdom
541343,98986,PRODUTO TESTE,21,12/12/2011 00:00,30.19,10140.0,United Kingdom
537489,66571,PRODUTO TESTE,2,09/21/2011 00:00,37.74,10145.0,Eire
539251,51262,PRODUTO TESTE,30,11/25/2011 00:00,38.8,10036.0,United Kingdom
541926,30628,PRODUTO TESTE,6,04/18/2011 00:00,34.25,10169.0,France
544992,21173,PRODUTO TESTE,29,11/15/2011 00:00,6.39,10104.0,United Kingdom
544927,48527,PRODUTO TESTE,11,07/09/2011 00:00,43.4,10094.0,United Kingdom
544060,59099,PRODUTO TESTE,42,03/14/2011 00:00,13.41,10144.0,United Kingdom
538119,26156,PRODUTO TESTE,46,05/02/2011 00:00,49.81,10101.0,France
536841,82077,PRODUTO TESTE,7,10/24/2011 00:00,19.58,10108.0,United Kingdom
544150,48592,PRODUTO TESTE,12,10/10/2011 00:00,6.44,10062.0,United Kingdom
544308,15024,PRODUTO TESTE,45,09/20/2011 00:00,16.15,10185.0,United Kingdom
538507,22286,PRODUTO TESTE,-4,03/24/2011 00:00,28.89,10193.0,United Kingdom
536172,87545,PRODUTO TESTE,23,08/25/2011 00:00,19.88,10026.0,United Kingdom
541831,40417,PRODUTO TESTE,2,12/10/2011 00:00,41.52,10146.0,United Kingdom
536684,43557,PRODUTO TESTE,18,01/18/2011 00:00,34.27,10004.0,United Kingdom
536364,27903,PRODUTO TESTE,-4,04/28/2011 00:00,11.07,10073.0,United Kingdom
544434,82701,PRODUTO TESTE,2,01/30/2011 00:00,27.17,10193.0,United Kingdom
540460,83448,PRODUTO TESTE,17,02/07/2011 00:00,39.48,10034.0,United Kingdom
537008,31822,PRODUTO TESTE,-2,12/31/2011 00:00,44.62,10075.0,United Kingdom
541891,75641,PRODUTO TESTE,38,03/29/2011 00:00,20.05,10043.0,United Kingdom
539322,50708,PRODUTO TESTE,26,03/07/2011 00:00,46.26,10145.0,United Kingdom
540826,25013,PRODUTO TESTE,19,01/27/2011 00:00,2.28,10092.0,Eire
544089,81629,PRODUTO TESTE,20,12/25/2011 00:00,34.0,10118.0,United Kingdom
538140,17461,PRODUTO TESTE,41,06/21/2011 00:00,39.21,10188.0,United Kingdom
541818,88691,PRODUTO TESTE,41,10/16/2011 00:00,21.54,10104.0,United Kingdom
543456,12316,PRODUTO TESTE,-3,04/02/2011 00:00,1.04,10146.0,United Kingdom
539814,39069,PRODUTO TESTE,32,08/22/2011 00:00,34.51,10019.0,United Kingdom
544731,30400,PRODUTO TESTE,20,11/20/2011 00:00,17.46,10043.0,United Kingdom
540034,31176,PRODUTO TESTE,38,09/02/2011 00:00,8.01,10189.0,United Kingdom
540132,53215,PRODUTO TESTE,38,07/08/2011 00:00,8.28,10171.0,United Kingdom
543957,77649,PRODUTO TESTE,33,03/18/2011 00:00,38.57,10131.0,United Kingdom
541723,45989,PRODUTO TESTE,32,03/27/2011 00:00,9.78,10075.0,United Kingdom
543818,56426,PRODUTO TESTE,6,08/06/2011 00:00,24.46,10039.0,United Kingdom
543113,97433,PRODUTO TESTE,41,06/14/2011 00:00,48.53,10170.0,United Kingdom
542411,54806,PRODUTO TESTE,33,01/17/2011 00:00,38.06,10157.0,United Kingdom
538173,81301,PRODUTO TESTE,10,03/13/2011 00:00,27.59,10048.0,United Kingdom
539589,44632,PRODUTO TESTE,7,06/07/2011 00:00,26.65,10117.0,France
543780,17036,PRODUTO TESTE,22,03/07/2011 00:00,8.78,10123.0,United Kingdom
541544,33028,PRODUTO TESTE,13,07/22/2011 00:00,22.6,10095.0,Germany
538521,24303,PRODUTO TESTE,32,04/20/2011 00:00,7.67,10185.0,United Kingdom
538946,91639,PRODUTO TESTE,17,04/17/2011 00:00,4.64,10024.0,United Kingdom
542982,12393,PRODUTO TESTE,4,02/09/2011 00:00,5.9,10051.0,United Kingdom
537603,84014,PRODUTO TESTE,16,07/03/2011 00:00,30.53,10019.0,United Kingdom
537008,22440,PRODUTO TESTE,39,03/10/2011 00:00,10.08,10138.0,United Kingdom
542885,23543,PRODUTO TESTE,40,08/19/2011 00:00,7.89,10128.0,United Kingdom
538595,57647,PRODUTO TESTE,12,12/09/2011 00:00,43.42,10197.0,France
542888,17295,PRODUTO TESTE,38,11/29/2011 00:00,6.54,10108.0,United Kingdom
540802,16906,PRODUTO TESTE,0,09/01/2011 00:00,35.43,10030.0,United Kingdom
544980,79807,PRODUTO TESTE,49,10/22/2011 00:00,21.14,10090.0,United Kingdom
540724,15388,PRODUTO TESTE,37,12/03/2011 00:00,29.16,10017.0,United Kingdom
543807,63747,PRODUTO TESTE,-3,09/06/2011 00:00,1.66,10134.0,United Kingdom
543653,20634,PRODUTO TESTE,33,04/04/2011 00:00,0.5,10134.0,United Kingdom
537907,17704,PRODUTO TESTE,22,07/02/2011 00:00,40.95,10171.0,United Kingdom
544965,70246,PRODUTO TESTE,43,11/09/2011 00:00,24.03,10067.0,United Kingdom
542712,45298,PRODUTO TESTE,8,09/01/2011 00:00,4.03,10062.0,United Kingdom
536964,11742,PRODUTO TESTE,44,05/13/2011 00:00,17.5,10014.0,Eire
536054,71335,PRODUTO TESTE,42,03/03/2011 00:00,25.56,10083.0,United Kingdom
538442,97265,PRODUTO TESTE,10,02/22/2011 00:00,7.21,10095.0,United Kingdom
536146,60493,PRODUTO TESTE,18,05/18/2011 00:00,27.54,10150.0,Germany
539218,44270,PRODUTO TESTE,30,10/21/2011 00:00,26.67,10150.0,United Kingdom
544967,85943,PRODUTO TESTE,8,07/21/2011 00:00,30.34,10028.0,United Kingdom
540310,40292,PRODUTO TESTE,49,01/22/2011 00:00,40.61,10057.0,United Kingdom
536215,65173,PRODUTO TESTE,5,12/02/2011 00:00,20.93,10102.0,United Kingdom
540445,52732,PRODUTO TESTE,8,05/28/2011 00:00,44.48,10067.0,France
537971,75366,PRODUTO TESTE,22,05/23/2011 00:00,24.0,10005.0,United Kingdom
543705,56607,PRODUTO TESTE,21,10/27/2011 00:00,23.13,10169.0,United Kingdom
536815,53360,PRODUTO TESTE,-3,05/18/2011 00:00,32.96,10146.0,Eire
542935,47800,PRODUTO TESTE,45,08/14/2011 00:00,31.07,10104.0,United Kingdom
540013,36626,PRODUTO TESTE,8,12/03/2011 00:00,1.07,10063.0,Germany
536169,53768,PRODUTO TESTE,0,07/09/2011 00:00,49.13,10168.0,United Kingdom
542058,15462,PRODUTO TESTE,23,08/13/2011 00:00,47.16,10007.0,United Kingdom
540095,40575,PRODUTO TESTE,46,05/10/2011 00:00,14.42,10089.0,United Kingdom
542944,16880,PRODUTO TESTE,-5,11/22/2011 00:00,28.15,10160.0,United Kingdom
541562,38980,PRODUTO TESTE,21,01/28/2011 00:00,38.64,10190.0,United Kingdom
543085,41645,PRODUTO TESTE,45,04/11/2011 00:00,46.06,10050.0,United Kingdom
540143,12458,PRODUTO TESTE,44,12/28/2011 00:00,29.5,10130.0,United Kingdom
536071,36662,PRODUTO TESTE,4,06/26/2011 00:00,1.44,10037.0,United Kingdom
537175,70461,PRODUTO TESTE,29,03/05/2011 00:00,34.19,10023.0,United Kingdom
540130,97287,PRODUTO TESTE,40,06/01/2011 00:00,5.11,10070.0,United Kingdom
539577,65553,PRODUTO TESTE,31,04/04/2011 00:00,33.72,10177.0,United Kingdom
543149,74077,PRODUTO TESTE,31,07/11/2011 00:00,29.58,10137.0,Germany
539704,70193,PRODUTO TESTE,37,03/28/2011 00:00,32.21,10097.0,United Kingdom
543741,95010,PRODUTO TESTE,19,05/26/2011 00:00,9.87,10056.0,Eire
537689,94694,PRODUTO TESTE,-2,11/28/2011 00:00,24.93,10028.0,United Kingdom
539463,20275,PRODUTO TESTE,30,01/31/2011 00:00,31.09,10054.0,United Kingdom
542806,52577,PRODUTO TESTE,29,10/06/2011 00:00,15.36,10030.0,United Kingdom
537116,91705,PRODUTO TESTE,41,01/29/2011 00:00,9.49,10037.0,United Kingdom
538892,89358,PRODUTO TESTE,45,06/16/2011 00:00,11.52,10137.0,United Kingdom
542766,58105,PRODUTO TESTE,13,09/01/2011 00:00,42.97,10026.0,United Kingdom
541300,49954,PRODUTO TESTE,47,12/15/2011 00:00,23.49,10009.0,Eire
543002,15242,PRODUTO TESTE,-5,04/02/2011 00:00,33.22,10108.0,Germany
540641,52984,PRODUTO TESTE,48,01/20/2011 00:00,25.99,10057.0,United Kingdom
543732,55567,PRODUTO TESTE,2,10/02/2011 00:00,41.79,10090.0,United Kingdom
543896,66965,PRODUTO TESTE,30,11/23/2011 00:00,25.67,10027.0,United Kingdom
544771,56967,PRODUTO TESTE,32,07/26/2011 00:00,5.12,10041.0,United Kingdom
537098,29430,PRODUTO TESTE,29,01/23/2011 00:00,10.3,10088.0,United Kingdom
541320,97130,PRODUTO TESTE,49,07/02/2011 00:00,1.16,10138.0,United Kingdom
537028,29561,PRODUTO TESTE,25,05/23/2011 00:00,41.66,10082.0,United Kingdom
538060,44434,PRODUTO TESTE,2,06/14/2011 00:00,33.33,10108.0,United Kingdom
538702,55884,PRODUTO TESTE,28,01/20/2011 00:00,38.08,10104.0,France
541815,36386,PRODUTO TESTE,10,04/26/2011 00:00,35.89,10053.0,United Kingdom
539880,16174,PRODUTO TESTE,28,12/31/2011 00:00,41.31,10055.0,Germany
543782,65007,PRODUTO TESTE,15,01/17/2011 00:00,49.35,10085.0,United Kingdom
538686,31298,PRODUTO TESTE,-3,11/30/2011 00:00,32.85,10006.0,United Kingdom
541555,89115,PRODUTO TESTE,30,07/08/2011 00:00,12.99,10137.0,Germany
542868,81406,PRODUTO TESTE,-1,08/02/2011 00:00,5.52,10122.0,United Kingdom
544822,48536,PRODUTO TESTE,13,12/07/2011 00:00,29.69,10061.0,United Kingdom
538207,51735,PRODUTO TESTE,29,03/21/2011 00:00,38.65,10074.0,United Kingdom
542602,95475,PRODUTO TESTE,43,12/26/2011 00:00,28.3,10065.0,United Kingdom
536762,12395,PRODUTO TESTE,12,04/12/2011 00:00,15.53,10130.0,United Kingdom
540890,44081,PRODUTO TESTE,11,05/08/2011 00:00,36.13,10151.0,United Kingdom
539724,15466,PRODUTO TESTE,11,06/14/2011 00:00,22.67,10021.0,United Kingdom
544626,22466,PRODUTO TESTE,26,08/08/2011 00:00,14.69,10082.0,United Kingdom
542960,92755,PRODUTO TESTE,5,04/28/2011 00:00,42.13,10002.0,United Kingdom
544345,19127,PRODUTO TESTE,23,10/17/2011 00:00,29.04,10090.0,United Kingdom
543655,96103,PRODUTO TESTE,39,01/08/2011 00:00,14.53,10049.0,United Kingdom
539696,80540,PRODUTO TESTE,-1,09/01/2011 00:00,16.77,10067.0,Eire
542600,67698,PRODUTO TESTE,48,08/28/2011 00:00,28.8,10091.0,United Kingdom
536274,76776,PRODUTO TESTE,24,07/15/2011 00:00,21.43,10064.0,United Kingdom
541020,26644,PRODUTO TESTE,29,08/12/2011 00:00,8.45,10078.0,United Kingdom
536425,20553,PRODUTO TESTE,28,09/30/2011 00:00,30.72,10152.0,France
542517,43127,PRODUTO TESTE,46,11/27/2011 00:00,34.61,10162.0,United Kingdom
544700,78793,PRODUTO TESTE,31,03/21/2011 00:00,0.51,10001.0,United Kingdom
542132,37491,PRODUTO TESTE,43,06/24/2011 00:00,27.08,10075.0,France
543559,25818,PRODUTO TESTE,10,07/25/2011 00:00,29.07,10169.0,United Kingdom
538109,80663,PRODUTO TESTE,6,05/06/2011 00:00,16.94,10106.0,Eire
544945,67068,PRODUTO TESTE,30,12/22/2011 00:00,17.27,10041.0,United Kingdom
540956,58337,PRODUTO TESTE,3,07/06/2011 00:00,16.22,10118.0,United Kingdom
542070,47111,PRODUTO TESTE,1,08/05/2011 00:00,22.54,10028.0,Germany
542935,80168,PRODUTO TESTE,6,03/13/2011 00:00,40.69,10004.0,France
541756,76097,PRODUTO TESTE,9,06/01/2011 00:00,23.72,10126.0,United Kingdom
538854,42445,PRODUTO TESTE,0,08/17/2011 00:00,49.69,10103.0,United Kingdom
541502,21659,PRODUTO TESTE,35,06/06/2011 00:00,19.12,10151.0,United Kingdom
541885,88255,PRODUTO TESTE,27,10/09/2011 00:00,35.11,10068.0,United Kingdom
543716,22312,PRODUTO TESTE,6,02/19/2011 00:00,27.67,10170.0,United Kingdom
540333,48624,PRODUTO TESTE,10,02/26/2011 00:00,38.23,10084.0,United Kingdom
540516,90631,PRODUTO TESTE,46,05/04/2011 00:00,44.47,10147.0,United Kingdom
540528,47563,PRODUTO TESTE,45,04/27/2011 00:00,25.83,10020.0,United Kingdom
537029,84813,PRODUTO TESTE,1,10/25/2011 00:00,24.98,10019.0,United Kingdom
536810,54018,PRODUTO TESTE,28,11/13/2011 00:00,47.16,10156.0,United Kingdom
536183,77057,PRODUTO TESTE,12,06/22/2011 00:00,46.72,10166.0,United Kingdom
541995,63261,PRODUTO TESTE,14,07/04/2011 00:00,49.85,10188.0,United Kingdom
539769,35210,PRODUTO TESTE,27,04/18/2011 00:00,8.25,10064.0,United Kingdom
543791,90469,PRODUTO TESTE,49,07/14/2011 00:00,0.68,10004.0,United Kingdom
542320,52069,PRODUTO TESTE,27,09/15/2011 00:00,22.15,10195.0,United Kingdom
537272,51197,PRODUTO TESTE,47,09/21/2011 00:00,36.8,10120.0,United Kingdom
536900,69268,PRODUTO TESTE,40,12/20/2011 00:00,4.11,10049.0,United Kingdom
539294,93711,PRODUTO TESTE,37,07/30/2011 00:00,18.99,10152.0,United Kingdom
544288,88435,PRODUTO TESTE,38,05/05/2011 00:00,29.28,10180.0,United Kingdom
536438,45429,PRODUTO TESTE,38,01/26/2011 00:00,11.02,10056.0,United Kingdom
537686,30813,PRODUTO TESTE,9,09/09/2011 00:00,36.69,10153.0,United Kingdom
536266,39211,PRODUTO TESTE,48,10/21/2011 00:00,11.86,10157.0,United Kingdom
539722,33638,PRODUTO TESTE,45,07/21/2011 00:00,42.11,10100.0,United Kingdom
544906,36553,PRODUTO TESTE,28,12/03/2011 00:00,17.74,10126.0,United Kingdom
542153,48767,PRODUTO TESTE,34,04/26/2011 00:00,30.13,10053.0,United Kingdom
540441,11903,PRODUTO TESTE,43,01/20/2011 00:00,27.44,10185.0,United Kingdom
537299,57976,PRODUTO TESTE,3,08/20/2011 00:00,15.17,10196.0,United Kingdom
539199,86422,PRODUTO TESTE,-2,02/14/2011 00:00,22.23,10196.0,United Kingdom
540720,48731,PRODUTO TESTE,49,01/31/2011 00:00,42.38,10147.0,United Kingdom
538473,17130,PRODUTO TESTE,25,09/14/2011 00:00,27.64,10008.0,United Kingdom
542345,45078,PRODUTO TESTE,34,06/08/2011 00:00,3.25,10073.0,United Kingdom
544820,40089,PRODUTO TESTE,22,08/09/2011 00:00,35.8,10088.0,United Kingdom
537853,63496,PRODUTO TESTE,23,09/30/2011 00:00,9.53,10191.0,United Kingdom
538270,32540,PRODUTO TESTE,-3,05/20/2011 00:00,24.56,10109.0,United Kingdom
537136,37083,PRODUTO TESTE,10,08/12/2011 00:00,23.69,10107.0,United Kingdom
542531,76998,PRODUTO TESTE,-1,07/16/2011 00:00,24.58,10029.0,United Kingdom
540155,25796,PRODUTO TESTE,18,07/31/2011 00:00,2.04,10158.0,United Kingdom
538553,93931,PRODUTO TESTE,-4,09/14/2011 00:00,13.98,10067.0,Eire
537972,36784,PRODUTO TESTE,39,05/19/2011 00:00,3.01,10018.0,United Kingdom
536634,83503,PRODUTO TESTE,11,07/04/2011 00:00,21.04,10197.0,United Kingdom
540285,17382,PRODUTO TESTE,35,08/04/2011 00:00,31.26,10038.0,United Kingdom
542149,38799,PRODUTO TESTE,-3,02/21/2011 00:00,32.88,10003.0,United Kingdom
538115,43945,PRODUTO TESTE,-4,03/19/2011 00:00,3.7,10015.0,United Kingdom
536014,51017,PRODUTO TESTE,18,02/02/2011 00:00,6.39,10090.0,United Kingdom
540259,18278,PRODUTO TESTE,38,03/14/2011 00:00,33.24,10020.0,United Kingdom
542081,32233,PRODUTO TESTE,39,06/10/2011 00:00,26.79,10168.0,United Kingdom
539104,88938,PRODUTO TESTE,24,12/09/2011 00:00,41.75,10102.0,United Kingdom
538253,93157,PRODUTO TESTE,28,12/03/2011 00:00,10.65,10064.0,United Kingdom
537388,49686,PRODUTO TESTE,32,10/06/2011 00:00,6.46,10000.0,Eire
542714,20686,PRODUTO TESTE,32,07/23/2011 00:00,18.42,10095.0,United Kingdom
543754,34794,PRODUTO TESTE,35,03/15/2011 00:00,32.03,10030.0,United Kingdom
542927,95674,PRODUTO TESTE,-4,05/11/2011 00:00,24.56,10195.0,United Kingdom
540663,92696,PRODUTO TESTE,18,10/07/2011 00:00,5.38,10058.0,United Kingdom
542516,83228,PRODUTO TESTE,41,11/28/2011 00:00,4.03,10094.0,United Kingdom
539572,87668,PRODUTO TESTE,19,12/18/2011 00:00,34.05,10003.0,United Kingdom
536220,74041,PRODUTO TESTE,3,05/22/2011 00:00,15.2,10026.0,United Kingdom
539308,66101,PRODUTO TESTE,31,06/27/2011 00:00,33.64,10041.0,United Kingdom
542333,79658,PRODUTO TESTE,11,07/05/2011 00:00,15.1,10010.0,Germany
541826,68168,PRODUTO TESTE,23,01/21/2011 00:00,16.08,10145.0,United Kingdom
544911,40540,PRODUTO TESTE,23,02/12/2011 00:00,10.89,10189.0,Eire
544977,67708,PRODUTO TESTE,33,01/17/2011 00:00,49.19,10197.0,Germany
538183,36629,PRODUTO TESTE,46,09/27/2011 00:00,1.3,10053.0,United Kingdom
536086,66256,PRODUTO TESTE,33,03/23/2011 00:00,6.8,10157.0,Germany
538468,44327,PRODUTO TESTE,49,09/13/2011 00:00,41.9,10100.0,France
543885,53871,PRODUTO TESTE,-4,05/17/2011 00:00,7.34,10009.0,United Kingdom
543321,26345,PRODUTO TESTE,38,10/17/2011 00:00,14.39,10018.0,United Kingdom
536888,96132,PRODUTO TESTE,17,02/12/2011 00:00,13.51,10109.0,United Kingdom
537443,77171,PRODUTO TESTE,35,04/29/2011 00:00,35.0,10084.0,United Kingdom
541071,19648,PRODUTO TESTE,-1,03/16/2011 00:00,20.85,10001.0,United Kingdom
541945,52753,PRODUTO TESTE,24,06/09/2011 00:00,42.11,10186.0,United Kingdom
544841,50887,PRODUTO TESTE,-4,07/25/2011 00:00,37.5,10146.0,United Kingdom
542795,89722,PRODUTO TESTE,31,03/03/2011 00:00,26.79,10100.0,United Kingdom
537906,77967,PRODUTO TESTE,6,09/01/2011 00:00,12.83,10197.0,United Kingdom
536334,89053,PRODUTO TESTE,2,12/19/2011 00:00,39.72,10194.0,United Kingdom
541702,52010,PRODUTO TESTE,-1,01/16/2011 00:00,43.37,10194.0,United Kingdom
540983,24026,PRODUTO TESTE,9,02/01/2011 00:00,41.9,10051.0,United Kingdom
544295,74912,PRODUTO TESTE,47,12/14/2011 00:00,3.06,10176.0,United Kingdom
541182,29693,PRODUTO TESTE,49,08/25/2011 00:00,35.05,10100.0,United Kingdom
540511,67293,PRODUTO TESTE,-1,12/02/2011 00:00,35.34,10145.0,United Kingdom
538730,46957,PRODUTO TESTE,48,09/15/2011 00:00,47.18,10171.0,France
536776,41468,PRODUTO TESTE,27,09/19/2011 00:00,13.54,10032.0,United Kingdom
543887,20693,PRODUTO TESTE,12,02/27/2011 00:00,39.42,10089.0,United Kingdom
543434,82005,PRODUTO TESTE,46,07/06/2011 00:00,34.61,10025.0,United Kingdom
537464,72048,PRODUTO TESTE,8,05/14/2011 00:00,44.0,10055.0,United Kingdom
542335,40777,PRODUTO TESTE,4,11/01/2011 00:00,34.82,10082.0,United Kingdom
539277,76382,PRODUTO TESTE,7,01/16/2011 00:00,42.7,10171.0,United Kingdom
539933,98774,PRODUTO TESTE,3,01/07/2011 00:00,18.3,10172.0,United Kingdom
543638,74920,PRODUTO TESTE,21,07/23/2011 00:00,8.3,10077.0,United Kingdom
543578,95453,PRODUTO TESTE,2,12/21/2011 00:00,18.49,10065.0,United Kingdom
537715,52318,PRODUTO TESTE,7,12/30/2011 00:00,40.85,10106.0,United Kingdom
538768,43919,PRODUTO TESTE,15,08/05/2011 00:00,7.02,10182.0,United Kingdom
543392,85888,PRODUTO TESTE,30,06/06/2011 00:00,32.08,10195.0,Eire
544252,69668,PRODUTO TESTE,42,04/10/2011 00:00,49.38,10045.0,United Kingdom
536711,64525,PRODUTO TESTE,-1,12/28/2011 00:00,44.8,10037.0,France
543502,67775,PRODUTO TESTE,29,03/08/2011 00:00,33.72,10141.0,United Kingdom
540403,99424,PRODUTO TESTE,0,02/16/2011 00:00,39.74,10060.0,United Kingdom
541312,71868,PRODUTO TESTE,49,07/05/2011 00:00,6.27,10039.0,United Kingdom
536677,83388,PRODUTO TESTE,10,05/24/2011 00:00,25.19,10006.0,United Kingdom
542123,13234,PRODUTO TESTE,42,06/30/2011 00:00,26.83,10080.0,United Kingdom
542101,75002,PRODUTO TESTE,37,11/26/2011 00:00,39.24,10078.0,Germany
541964,38599,PRODUTO TESTE,12,04/09/2011 00:00,14.49,10112.0,United Kingdom
543115,21097,PRODUTO TESTE,12,11/16/2011 00:00,5.77,10040.0,United Kingdom
544514,34879,PRODUTO TESTE,12,03/19/2011 00:00,35.06,10142.0,United Kingdom
543648,84933,PRODUTO TESTE,20,04/29/2011 00:00,24.88,10136.0,United Kingdom
542703,83581,PRODUTO TESTE,19,01/02/2011 00:00,42.19,10092.0,United Kingdom
544831,37501,PRODUTO TESTE,31,09/05/2011 00:00,24.33,10036.0,United Kingdom
542070,27284,PRODUTO TESTE,20,11/10/2011 00:00,42.39,10101.0,United Kingdom
542048,47701,PRODUTO TESTE,38,11/20/2011 00:00,25.64,10134.0,United Kingdom
540878,39859,PRODUTO TESTE,20,03/03/2011 00:00,39.24,10074.0,United Kingdom
542921,51647,PRODUTO TESTE,11,10/07/2011 00:00,36.18,10052.0,United Kingdom
536642,80560,PRODUTO TESTE,12,02/21/2011 00:00,13.67,10101.0,United Kingdom
540551,39817,PRODUTO TESTE,35,08/18/2011 00:00,15.82,10071.0,United Kingdom
539827,25614,PRODUTO TESTE,2,09/14/2011 00:00,45.01,10080.0,Germany
544214,19759,PRODUTO TESTE,10,02/25/2011 00:00,11.93,10069.0,Eire
536653,71666,PRODUTO TESTE,12,02/10/2011 00:00,35.03,10060.0,United Kingdom
541793,27942,PRODUTO TESTE,30,01/27/2011 00:00,7.68,10143.0,United Kingdom
537658,29767,PRODUTO TESTE,2,09/16/2011 00:00,37.88,10092.0,United Kingdom
543951,82311,PRODUTO TESTE,19,08/13/2011 00:00,11.55,10093.0,United Kingdom
543666,18352,PRODUTO TESTE,32,02/13/2011 00:00,29.91,10130.0,United Kingdom
538119,68703,PRODUTO TESTE,45,07/02/2011 00:00,28.43,10072.0,United Kingdom
543845,11014,PRODUTO TESTE,19,10/18/2011 00:00,10.57,10020.0,United Kingdom
540470,94854,PRODUTO TESTE,49,03/28/2011 00:00,24.82,10170.0,Eire
544739,74223,PRODUTO TESTE,28,08/10/2011 00:00,44.02,10011.0,United Kingdom
542568,83895,PRODUTO TESTE,37,04/17/2011 00:00,34.19,10114.0,Eire
536310,69973,PRODUTO TESTE,8,04/06/2011 00:00,49.64,10053.0,United Kingdom
537824,46199,PRODUTO TESTE,45,05/24/2011 00:00,39.34,10042.0,United Kingdom
539632,99578,PRODUTO TESTE,9,05/09/2011 00:00,32.35,10008.0,United Kingdom
537902,80757,PRODUTO TESTE,2,06/30/2011 00:00,28.38,10180.0,United Kingdom
537191,17989,PRODUTO TESTE,-1,03/16/2011 00:00,46.9,10085.0,United Kingdom
544802,61878,PRODUTO TESTE,30,05/23/2011 00:00,26.59,10068.0,United Kingdom
543821,58837,PRODUTO TESTE,29,08/16/2011 00:00,20.43,10148.0,United Kingdom
539911,35766,PRODUTO TESTE,5,05/22/2011 00:00,41.81,10007.0,United Kingdom
537935,51048,PRODUTO TESTE,43,08/28/2011 00:00,47.04,10112.0,United Kingdom
537636,97757,PRODUTO TESTE,10,02/12/2011 00:00,24.21,10098.0,United Kingdom
544241,17787,PRODUTO TESTE,28,02/20/2011 00:00,7.29,10110.0,United Kingdom
538983,93563,PRODUTO TESTE,23,11/12/2011 00:00,30.61,10024.0,United Kingdom
536113,73032,PRODUTO TESTE,27,06/18/2011 00:00,37.17,10190.0,United Kingdom
539576,20097,PRODUTO TESTE,35,08/11/2011 00:00,18.99,10047.0,United Kingdom
540089,37471,PRODUTO TESTE,46,09/28/2011 00:00,37.52,10135.0,United Kingdom
541607,85547,PRODUTO TESTE,34,02/23/2011 00:00,26.79,10149.0,Eire
539048,73322,PRODUTO TESTE,44,12/21/2011 00:00,15.42,10068.0,United Kingdom
544307,16991,PRODUTO TESTE,42,06/04/2011 00:00,31.66,10026.0,United Kingdom
541791,23267,PRODUTO TESTE,14,11/21/2011 00:00,19.75,10059.0,United Kingdom
544879,93592,PRODUTO TESTE,25,06/02/2011 00:00,39.45,10161.0,United Kingdom
539303,24182,PRODUTO TESTE,5,05/29/2011 00:00,0.65,10181.0,United Kingdom
541865,66174,PRODUTO TESTE,45,08/08/2011 00:00,41.0,10187.0,United Kingdom
539288,99599,PRODUTO TESTE,48,03/11/2011 00:00,15.68,10045.0,United Kingdom
542299,24992,PRODUTO TESTE,43,08/11/2011 00:00,48.0,10121.0,United Kingdom
542711,13995,PRODUTO TESTE,35,12/25/2011 00:00,38.08,10030.0,France
538896,83552,PRODUTO TESTE,41,08/24/2011 00:00,12.43,10142.0,United Kingdom
544439,95494,PRODUTO TESTE,38,01/26/2011 00:00,48.95,10083.0,United Kingdom
543714,56419,PRODUTO TESTE,7,09/12/2011 00:00,25.23,10142.0,United Kingdom
544050,30998,PRODUTO TESTE,9,01/13/2011 00:00,26.38,10137.0,United Kingdom
537960,15359,PRODUTO TESTE,24,02/07/2011 00:00,45.52,10198.0,United Kingdom
542460,92016,PRODUTO TESTE,18,04/14/2011 00:00,45.96,10097.0,Eire
536957,81857,PRODUTO TESTE,35,04/22/2011 00:00,35.0,10068.0,Eire
536949,90677,PRODUTO TESTE,35,01/02/2011 00:00,48.93,10105.0,United Kingdom
544759,80949,PRODUTO TESTE,48,01/07/2011 00:00,16.78,10032.0,United Kingdom
537376,48958,PRODUTO TESTE,38,10/16/2011 00:00,12.0,10022.0,Eire
543777,53384,PRODUTO TESTE,-5,06/15/2011 00:00,1.95,10103.0,United Kingdom
539877,44408,PRODUTO TESTE,13,03/14/2011 00:00,17.64,10165.0,United Kingdom
538732,75799,PRODUTO TESTE,12,06/06/2011 00:00,30.33,10106.0,United Kingdom
536661,19015,PRODUTO TESTE,29,09/10/2011 00:00,15.62,10156.0,United Kingdom
542076,13613,PRODUTO TESTE,13,09/26/2011 00:00,29.19,10035.0,United Kingdom
542491,96514,PRODUTO TESTE,48,04/16/2011 00:00,2.9,10089.0,Eire
540203,38629,PRODUTO TESTE,10,03/02/2011 00:00,18.03,10122.0,United Kingdom
543289,13119,PRODUTO TESTE,19,12/17/2011 00:00,37.53,10069.0,United Kingdom
538908,70589,PRODUTO TESTE,39,08/19/2011 00:00,5.66,10002.0,United Kingdom
540965,45905,PRODUTO TESTE,15,12/25/2011 00:00,35.88,10014.0,United Kingdom
538580,30754,PRODUTO TESTE,-3,04/22/2011 00:00,38.28,10185.0,United Kingdom
541240,49108,PRODUTO TESTE,13,02/10/2011 00:00,28.65,10121.0,United Kingdom
537224,50536,PRODUTO TESTE,14,05/20/2011 00:00,44.36,10052.0,Germany
540285,65079,PRODUTO TESTE,28,04/30/2011 00:00,47.75,10051.0,United Kingdom
540943,93874,PRODUTO TESTE,34,09/20/2011 00:00,2.22,10007.0,United Kingdom
541008,89292,PRODUTO TESTE,25,09/19/2011 00:00,34.11,10188.0,United Kingdom
540019,84406,PRODUTO TESTE,17,01/27/2011 00:00,12.24,10021.0,United Kingdom
541792,54299,PRODUTO TESTE,22,08/03/2011 00:00,20.71,10151.0,United Kingdom
540609,60219,PRODUTO TESTE,2,05/06/2011 00:00,31.35,10048.0,Eire
538549,21895,PRODUTO TESTE,4,08/13/2011 00:00,35.76,10067.0,United Kingdom
537938,61903,PRODUTO TESTE,28,05/23/2011 00:00,42.09,10054.0,United Kingdom
541829,70424,PRODUTO TESTE,42,07/16/2011 00:00,35.42,10164.0,United Kingdom
544447,89829,PRODUTO TESTE,23,09/19/2011 00:00,38.98,10006.0,United Kingdom
542778,14163,PRODUTO TESTE,-2,04/18/2011 00:00,30.15,10070.0,United Kingdom
541747,87674,PRODUTO TESTE,49,03/14/2011 00:00,6.29,10055.0,United Kingdom
544293,56659,PRODUTO TESTE,12,09/15/2011 00:00,1.56,10054.0,United Kingdom
544096,17946,PRODUTO TESTE,36,12/12/2011 00:00,26.72,10038.0,United Kingdom
540558,99604,PRODUTO TESTE,44,06/12/2011 00:00,35.92,10182.0,United Kingdom
536983,51901,PRODUTO TESTE,49,12/31/2011 00:00,5.89,10075.0,United Kingdom
541708,47030,PRODUTO TESTE,1,03/09/2011 00:00,21.75,10083.0,United Kingdom
541605,27176,PRODUTO TESTE,5,10/26/2011 00:00,13.18,10077.0,United Kingdom
538496,16600,PRODUTO TESTE,30,12/27/2011 00:00,28.57,10196.0,United Kingdom
543645,17489,PRODUTO TESTE,36,04/20/2011 00:00,19.83,10067.0,United Kingdom
543829,34041,PRODUTO TESTE,40,02/23/2011 00:00,10.47,10068.0,United Kingdom
538978,36315,PRODUTO TESTE,25,08/31/2011 00:00,0.72,10065.0,United Kingdom
540291,51677,PRODUTO TESTE,3,11/14/2011 00:00,16.42,10065.0,United Kingdom
537756,64957,PRODUTO TESTE,34,01/31/2011 00:00,26.05,10017.0,Germany
537605,99263,PRODUTO TESTE,31,08/22/2011 00:00,46.5,10120.0,United Kingdom
538385,81492,PRODUTO TESTE,20,11/15/2011 00:00,11.76,10005.0,United Kingdom
539292,53726,PRODUTO TESTE,30,01/12/2011 00:00,25.86,10045.0,Eire
538456,92121,PRODUTO TESTE,6,07/08/2011 00:00,28.54,10040.0,United Kingdom
537364,60201,PRODUTO TESTE,39,01/29/2011 00:00,32.64,10058.0,United Kingdom
540024,48065,PRODUTO TESTE,-3,03/06/2011 00:00,16.76,10151.0,Germany
541612,29562,PRODUTO TESTE,41,06/27/2011 00:00,5.42,10119.0,United Kingdom
538933,48008,PRODUTO TESTE,41,04/30/2011 00:00,46.11,10198.0,United Kingdom
540801,13690,PRODUTO TESTE,32,02/01/2011 00:00,47.66,10070.0,United Kingdom
538441,23792,PRODUTO TESTE,39,10/20/2011 00:00,22.19,10185.0,Germany
542334,95047,PRODUTO TESTE,45,03/16/2011 00:00,29.24,10008.0,Germany
541836,27535,PRODUTO TESTE,3,11/14/2011 00:00,1.94,10100.0,Germany
544640,61037,PRODUTO TESTE,24,03/06/2011 00:00,2.84,10159.0,United Kingdom
536477,19224,PRODUTO TESTE,30,07/09/2011 00:00,4.3,10106.0,United Kingdom
543678,64108,PRODUTO TESTE,46,09/23/2011 00:00,37.07,10186.0,France
539063,97830,PRODUTO TESTE,35,06/25/2011 00:00,11.75,10062.0,United Kingdom
536594,51195,PRODUTO TESTE,27,06/02/2011 00:00,9.63,10006.0,United Kingdom
542207,21483,PRODUTO TESTE,25,10/02/2011 00:00,0.91,10154.0,United Kingdom
537545,12059,PRODUTO TESTE,2,01/05/2011 00:00,1.63,10013.0,Germany
537582,78097,PRODUTO TESTE,12,10/29/2011 00:00,20.57,10152.0,United Kingdom
544816,19268,PRODUTO TESTE,18,09/09/2011 00:00,27.31,10146.0,United Kingdom
537988,38598,PRODUTO TESTE,43,10/07/2011 00:00,29.16,10168.0,France
540924,85901,PRODUTO TESTE,42,06/03/2011 00:00,23.17,10095.0,France
537805,58342,PRODUTO TESTE,30,05/21/2011 00:00,23.25,10179.0,Eire
537115,88572,PRODUTO TESTE,0,07/28/2011 00:00,37.78,10033.0,United Kingdom
536008,88543,PRODUTO TESTE,34,08/23/2011 00:00,14.83,10086.0,United Kingdom
536144,69521,PRODUTO TESTE,20,12/04/2011 00:00,12.27,10024.0,United Kingdom
540263,94254,PRODUTO TESTE,30,11/09/2011 00:00,42.79,10153.0,United Kingdom
539906,13279,PRODUTO TESTE,18,01/20/2011 00:00,34.62,10142.0,Germany
536350,31620,PRODUTO TESTE,34,02/25/2011 00:00,24.1,10161.0,United Kingdom
539146,34929,PRODUTO TESTE,6,12/12/2011 00:00,14.13,10152.0,United Kingdom
538456,92013,PRODUTO TESTE,2,05/22/2011 00:00,7.26,10061.0,United Kingdom
541141,65949,PRODUTO TESTE,7,07/31/2011 00:00,2.35,10013.0,United Kingdom
544953,32684,PRODUTO TESTE,45,01/21/2011 00:00,42.69,10185.0,Germany
542224,28773,PRODUTO TESTE,-1,02/08/2011 00:00,29.87,10098.0,United Kingdom
544265,82430,PRODUTO TESTE,10,05/30/2011 00:00,2.77,10018.0,United Kingdom
537730,87298,PRODUTO TESTE,13,09/19/2011 00:00,8.35,10185.0,United Kingdom
537935,11372,PRODUTO TESTE,41,10/09/2011 00:00,14.34,10198.0,United Kingdom
542757,42880,PRODUTO TESTE,14,11/23/2011 00:00,13.52,10089.0,United Kingdom
538790,58170,PRODUTO TESTE,44,03/13/2011 00:00,27.65,10154.0,France
543638,31150,PRODUTO TESTE,49,03/15/2011 00:00,20.27,10007.0,United Kingdom
540173,75322,PRODUTO TESTE,30,07/17/2011 00:00,44.17,10018.0,United Kingdom
537807,78211,PRODUTO TESTE,13,07/19/2011 00:00,36.11,10055.0,United Kingdom
543599,85503,PRODUTO TESTE,27,01/14/2011 00:00,45.58,10131.0,United Kingdom
540954,80749,PRODUTO TESTE,31,06/13/2011 00:00,43.21,10026.0,United Kingdom
543223,85700,PRODUTO TESTE,0,11/24/2011 00:00,46.11,10006.0,United Kingdom
540070,42911,PRODUTO TESTE,40,03/01/2011 00:00,49.01,10133.0,United Kingdom
537136,36897,PRODUTO TESTE,18,10/27/2011 00:00,15.93,10154.0,United Kingdom
542129,38441,PRODUTO TESTE,41,06/13/2011 00:00,10.88,10147.0,United Kingdom
537120,86782,PRODUTO TESTE,28,07/11/2011 00:00,8.68,10159.0,France
541969,68421,PRODUTO TESTE,42,08/23/2011 00:00,31.59,10160.0,United Kingdom
539750,39127,PRODUTO TESTE,-1,09/15/2011 00:00,34.21,10120.0,United Kingdom
543123,74920,PRODUTO TESTE,-3,08/21/2011 00:00,4.85,10103.0,United Kingdom
543830,31038,PRODUTO TESTE,1,02/07/2011 00:00,41.14,10171.0,United Kingdom
539666,33983,PRODUTO TESTE,43,04/18/2011 00:00,39.26,10069.0,United Kingdom
543938,10132,PRODUTO TESTE,49,11/05/2011 00:00,31.61,10019.0,United Kingdom
536998,96963,PRODUTO TESTE,49,01/15/2011 00:00,22.06,10150.0,United Kingdom
536966,31214,PRODUTO TESTE,13,09/19/2011 00:00,8.11,10055.0,France
544941,77694,PRODUTO TESTE,9,07/09/2011 00:00,25.53,10195.0,Germany
541168,20659,PRODUTO TESTE,14,02/13/2011 00:00,8.38,10082.0,United Kingdom
540056,13243,PRODUTO TESTE,39,02/14/2011 00:00,30.45,10170.0,United Kingdom
537401,70743,PRODUTO TESTE,8,12/24/2011 00:00,15.84,10008.0,United Kingdom
538600,18858,PRODUTO TESTE,25,01/12/2011 00:00,12.74,10131.0,United Kingdom
542175,23030,PRODUTO TESTE,30,01/09/2011 00:00,22.33,10089.0,United Kingdom
543395,39730,PRODUTO TESTE,14,01/07/2011 00:00,29.25,10092.0,United Kingdom
544247,62683,PRODUTO TESTE,21,08/18/2011 00:00,18.69,10053.0,United Kingdom
539669,11639,PRODUTO TESTE,31,12/05/2011 00:00,48.2,10194.0,United Kingdom
540092,21381,PRODUTO TESTE,38,03/04/2011 00:00,0.79,10078.0,United Kingdom
537469,40413,PRODUTO TESTE,5,10/18/2011 00:00,45.69,10170.0,United Kingdom
536747,73396,PRODUTO TESTE,23,09/20/2011 00:00,0.53,10085.0,United Kingdom
539940,18775,PRODUTO TESTE,3,03/25/2011 00:00,11.23,10009.0,United Kingdom
541213,35698,PRODUTO TESTE,-5,01/26/2011 00:00,49.82,10175.0,United Kingdom
536938,27356,PRODUTO TESTE,30,06/28/2011 00:00,36.54,10037.0,United Kingdom
539676,37782,PRODUTO TESTE,21,01/30/2011 00:00,32.4,10054.0,United Kingdom
541774,33203,PRODUTO TESTE,9,02/11/2011 00:00,36.44,10172.0,United Kingdom
543298,67634,PRODUTO TESTE,-2,06/20/2011 00:00,20.71,10178.0,United Kingdom
544446,16046,PRODUTO TESTE,47,10/25/2011 00:00,39.32,10183.0,United Kingdom
539063,94504,PRODUTO TESTE,40,12/29/2011 00:00,8.17,10085.0,United Kingdom
539525,32001,PRODUTO TESTE,46,08/18/2011 00:00,39.8,10151.0,United Kingdom
543874,99243,PRODUTO TESTE,1,04/11/2011 00:00,47.01,10065.0,United Kingdom
542239,75638,PRODUTO TESTE,-5,04/30/2011 00:00,42.96,10148.0,United Kingdom
538463,42153,PRODUTO TESTE,6,08/12/2011 00:00,37.11,10100.0,United Kingdom
542166,37208,PRODUTO TESTE,0,03/05/2011 00:00,32.74,10010.0,United Kingdom
537417,95168,PRODUTO TESTE,20,07/09/2011 00:00,26.29,10083.0,United Kingdom
540041,99676,PRODUTO TESTE,30,10/08/2011 00:00,20.06,10093.0,United Kingdom
538758,65108,PRODUTO TESTE,5,11/04/2011 00:00,43.35,10051.0,United Kingdom
544933,14239,PRODUTO TESTE,16,01/22/2011 00:00,32.55,10074.0,United Kingdom
536314,91581,PRODUTO TESTE,24,04/16/2011 00:00,22.03,10100.0,United Kingdom
543710,52905,PRODUTO TESTE,12,04/04/2011 00:00,39.35,10009.0,United Kingdom
538531,12506,PRODUTO TESTE,20,07/22/2011 00:00,3.18,10030.0,United Kingdom
536326,82169,PRODUTO TESTE,27,03/09/2011 00:00,40.75,10153.0,United Kingdom
541941,12985,PRODUTO TESTE,47,12/13/2011 00:00,40.63,10070.0,United Kingdom
542102,43450,PRODUTO TESTE,12,12/01/2011 00:00,11.81,10121.0,United Kingdom
537280,16711,PRODUTO TESTE,-1,05/02/2011 00:00,2.36,10113.0,United Kingdom
536344,49326,PRODUTO TESTE,42,05/29/2011 00:00,35.83,10110.0,United Kingdom
537002,82394,PRODUTO TESTE,26,06/10/2011 00:00,10.39,10082.0,United Kingdom
539679,21616,PRODUTO TESTE,20,01/16/2011 00:00,49.8,10096.0,United Kingdom
537191,22415,PRODUTO TESTE,34,11/21/2011 00:00,0.95,10164.0,United Kingdom
542327,96095,PRODUTO TESTE,48,10/12/2011 00:00,11.87,10193.0,Eire
536697,25892,PRODUTO TESTE,2,05/02/2011 00:00,2.58,10051.0,United Kingdom
543100,20127,PRODUTO TESTE,42,07/19/2011 00:00,39.24,10133.0,United Kingdom
543871,62685,PRODUTO TESTE,30,05/19/2011 00:00,29.15,10193.0,United Kingdom
542451,34902,PRODUTO TESTE,27,03/25/2011 00:00,42.5,10001.0,United Kingdom
544497,96169,PRODUTO TESTE,42,04/22/2011 00:00,48.15,10156.0,United Kingdom
544453,24733,PRODUTO TESTE,11,02/09/2011 00:00,30.7,10099.0,United Kingdom
536419,61039,PRODUTO TESTE,38,10/23/2011 00:00,11.97,10193.0,United Kingdom
539077,92878,PRODUTO TESTE,26,08/27/2011 00:00,5.09,10115.0,United Kingdom
542840,75932,PRODUTO TESTE,46,12/06/2011 00:00,43.38,10167.0,United Kingdom
539056,12606,PRODUTO TESTE,20,01/03/2011 00:00,12.63,10033.0,United Kingdom
542634,26895,PRODUTO TESTE,34,08/19/2011 00:00,44.73,10028.0,United Kingdom
542968,21266,PRODUTO TESTE,22,07/24/2011 00:00,43.98,10185.0,United Kingdom
544972,92274,PRODUTO TESTE,16,08/16/2011 00:00,31.58,10105.0,United Kingdom
538968,28171,PRODUTO TESTE,15,12/28/2011 00:00,30.4,10111.0,Germany
539130,15028,PRODUTO TESTE,45,05/23/2011 00:00,47.57,10033.0,United Kingdom
536218,44439,PRODUTO TESTE,41,02/21/2011 00:00,37.92,10045.0,United Kingdom
538569,35453,PRODUTO TESTE,7,01/05/2011 00:00,34.32,10163.0,Eire
538524,24744,PRODUTO TESTE,42,06/29/2011 00:00,22.07,10060.0,United Kingdom
540077,50834,PRODUTO TESTE,27,03/05/2011 00:00,24.46,10116.0,United Kingdom
539790,91039,PRODUTO TESTE,0,02/21/2011 00:00,19.75,10063.0,Eire
543709,30355,PRODUTO TESTE,37,02/23/2011 00:00,47.34,10052.0,United Kingdom
542964,98335,PRODUTO TESTE,3,04/12/2011 00:00,32.09,10033.0,United Kingdom
542557,69737,PRODUTO TESTE,42,02/12/2011 00:00,39.13,10185.0,United Kingdom
536046,44398,PRODUTO TESTE,19,06/27/2011 00:00,2.34,10188.0,United Kingdom
540244,71090,PRODUTO TESTE,45,08/27/2011 00:00,42.7,10023.0,United Kingdom
542566,41357,PRODUTO TESTE,21,04/16/2011 00:00,21.17,10070.0,United Kingdom
538201,29067,PRODUTO TESTE,-1,02/19/2011 00:00,36.99,10112.0,France
539823,31107,PRODUTO TESTE,37,07/28/2011 00:00,2.48,10076.0,United Kingdom
542543,10773,PRODUTO TESTE,34,02/01/2011 00:00,44.75,10144.0,United Kingdom
543150,68370,PRODUTO TESTE,11,09/27/2011 00:00,33.16,10052.0,Germany
543690,16688,PRODUTO TESTE,6,05/20/2011 00:00,23.15,10011.0,United Kingdom
539868,27873,PRODUTO TESTE,42,05/30/2011 00:00,15.53,10067.0,United Kingdom
539599,10038,PRODUTO TESTE,37,04/01/2011 00:00,15.9,10119.0,United Kingdom
539444,15856,PRODUTO TESTE,11,04/14/2011 00:00,15.52,10036.0,United Kingdom
542017,91484,PRODUTO TESTE,33,02/23/2011 00:00,6.99,10163.0,United Kingdom
539775,12139,PRODUTO TESTE,8,07/23/2011 00:00,23.46,10002.0,United Kingdom
539601,65949,PRODUTO TESTE,4,02/23/2011 00:00,22.95,10013.0,United Kingdom
537514,39496,PRODUTO TESTE,31,09/06/2011 00:00,20.89,10101.0,United Kingdom
540306,22459,PRODUTO TESTE,40,04/04/2011 00:00,35.3,10102.0,United Kingdom
538135,36972,PRODUTO TESTE,45,07/26/2011 00:00,21.28,10058.0,United Kingdom
540724,18326,PRODUTO TESTE,20,07/15/2011 00:00,4.91,10051.0,Germany
543997,38163,PRODUTO TESTE,2,08/20/2011 00:00,42.68,10013.0,United Kingdom
542981,83582,PRODUTO TESTE,24,10/04/2011 00:00,21.54,10132.0,United Kingdom
540302,65835,PRODUTO TESTE,32,07/24/2011 00:00,32.94,10075.0,United Kingdom
544797,82992,PRODUTO TESTE,48,11/08/2011 00:00,46.53,10023.0,United Kingdom
544822,72690,PRODUTO TESTE,1,04/05/2011 00:00,38.49,10079.0,United Kingdom
539999,93463,PRODUTO TESTE,31,10/02/2011 00:00,27.17,10187.0,United Kingdom
542871,19722,PRODUTO TESTE,23,05/06/2011 00:00,27.48,10052.0,United Kingdom
539080,24334,PRODUTO TESTE,27,08/18/2011 00:00,42.55,10178.0,United Kingdom
543907,47024,PRODUTO TESTE,0,06/29/2011 00:00,41.27,10051.0,United Kingdom
539362,57004,PRODUTO TESTE,-5,11/28/2011 00:00,9.34,10037.0,United Kingdom
538324,80559,PRODUTO TESTE,28,04/09/2011 00:00,31.51,10052.0,United Kingdom
537205,20932,PRODUTO TESTE,5,07/09/2011 00:00,43.35,10064.0,United Kingdom
543583,19950,PRODUTO TESTE,28,03/02/2011 00:00,40.26,10024.0,United Kingdom
538672,81606,PRODUTO TESTE,-4,08/20/2011 00:00,6.67,10117.0,United Kingdom
543319,59438,PRODUTO TESTE,39,01/14/2011 00:00,22.07,10066.0,United Kingdom
536778,47123,PRODUTO TESTE,13,05/31/2011 00:00,26.15,10143.0,Eire
540507,29987,PRODUTO TESTE,19,01/04/2011 00:00,13.26,10098.0,Germany
539851,72623,PRODUTO TESTE,13,04/30/2011 00:00,34.14,10088.0,United Kingdom
539949,82202,PRODUTO TESTE,18,06/26/2011 00:00,24.07,10094.0,United Kingdom
537506,12728,PRODUTO TESTE,24,05/02/2011 00:00,15.23,10031.0,United Kingdom
536664,14855,PRODUTO TESTE,30,05/21/2011 00:00,17.17,10142.0,United Kingdom
539117,80013,PRODUTO TESTE,32,02/24/2011 00:00,42.91,10020.0,Eire
540232,89542,PRODUTO TESTE,49,09/18/2011 00:00,43.38,10144.0,United Kingdom
543142,30653,PRODUTO TESTE,4,10/18/2011 00:00,40.71,10199.0,United Kingdom
540162,73530,PRODUTO TESTE,42,06/15/2011 00:00,45.74,10152.0,United Kingdom
538213,85851,PRODUTO TESTE,28,01/21/2011 00:00,47.64,10091.0,United Kingdom
538362,20186,PRODUTO TESTE,12,01/23/2011 00:00,24.85,10062.0,United Kingdom
541507,26727,PRODUTO TESTE,45,09/04/2011 00:00,5.29,10174.0,United Kingdom
539920,21736,PRODUTO TESTE,33,12/06/2011 00:00,40.1,10051.0,United Kingdom
544110,81107,PRODUTO TESTE,5,11/12/2011 00:00,31.85,10096.0,United Kingdom
539957,79420,PRODUTO TESTE,4,05/29/2011 00:00,19.34,10154.0,United Kingdom
541102,22069,PRODUTO TESTE,31,07/01/2011 00:00,48.79,10184.0,United Kingdom
536575,25696,PRODUTO TESTE,35,03/01/2011 00:00,17.26,10184.0,United Kingdom
537744,69706,PRODUTO TESTE,-3,01/26/2011 00:00,45.43,10017.0,United Kingdom
543651,90762,PRODUTO TESTE,29,10/07/2011 00:00,29.83,10179.0,United Kingdom
539102,80132,PRODUTO TESTE,24,06/06/2011 00:00,2.31,10022.0,United Kingdom
539789,25084,PRODUTO TESTE,48,07/01/2011 00:00,43.09,10116.0,United Kingdom
541313,44760,PRODUTO TESTE,35,05/06/2011 00:00,38.23,10185.0,United Kingdom
536520,15984,PRODUTO TESTE,45,04/25/2011 00:00,32.3,10130.0,United Kingdom
540559,31989,PRODUTO TESTE,-4,12/26/2011 00:00,30.92,10189.0,United Kingdom
539115,60699,PRODUTO TESTE,37,10/25/2011 00:00,11.33,10068.0,United Kingdom
537337,41007,PRODUTO TESTE,13,09/10/2011 00:00,11.12,10062.0,United Kingdom
539765,64606,PRODUTO TESTE,25,05/23/2011 00:00,1.94,10065.0,United Kingdom
540021,36692,PRODUTO TESTE,43,09/21/2011 00:00,8.13,10071.0,France
537676,60712,PRODUTO TESTE,42,05/04/2011 00:00,17.16,10136.0,United Kingdom
540887,66975,PRODUTO TESTE,7,07/08/2011 00:00,27.27,10090.0,United Kingdom
542715,27507,PRODUTO TESTE,8,02/22/2011 00:00,6.98,10147.0,United Kingdom
538405,14010,PRODUTO TESTE,34,09/16/2011 00:00,28.1,10083.0,United Kingdom
544698,40423,PRODUTO TESTE,43,01/23/2011 00:00,13.53,10061.0,United Kingdom
541512,13729,PRODUTO TESTE,28,09/21/2011 00:00,13.07,10038.0,United Kingdom
542957,24353,PRODUTO TESTE,-2,08/09/2011 00:00,47.42,10110.0,United Kingdom
536631,35899,PRODUTO TESTE,4,01/25/2011 00:00,49.62,10179.0,United Kingdom
542907,40435,PRODUTO TESTE,36,07/04/2011 00:00,40.67,10171.0,France
539029,34927,PRODUTO TESTE,35,03/23/2011 00:00,3.19,10050.0,United Kingdom
542391,14813,PRODUTO TESTE,44,06/23/2011 00:00,36.57,10095.0,United Kingdom
543238,25936,PRODUTO TESTE,24,01/05/2011 00:00,9.33,10141.0,United Kingdom
538253,89426,PRODUTO TESTE,18,09/21/2011 00:00,28.68,10122.0,United Kingdom
538333,74512,PRODUTO TESTE,1,07/06/2011 00:00,44.74,10013.0,United Kingdom
536535,49987,PRODUTO TESTE,38,05/13/2011 00:00,19.32,10118.0,United Kingdom
541446,12138,PRODUTO TESTE,47,11/16/2011 00:00,46.48,10007.0,United Kingdom
542966,42221,PRODUTO TESTE,-3,08/24/2011 00:00,35.56,10023.0,United Kingdom
539690,93180,PRODUTO TESTE,22,08/11/2011 00:00,15.4,10130.0,Eire
537448,82863,PRODUTO TESTE,14,02/23/2011 00:00,5.2,10020.0,Germany
538848,78173,PRODUTO TESTE,35,07/02/2011 00:00,40.86,10067.0,United Kingdom
539625,32366,PRODUTO TESTE,36,09/13/2011 00:00,23.17,10117.0,United Kingdom
544245,46265,PRODUTO TESTE,6,12/04/2011 00:00,4.1,10131.0,United Kingdom
537116,12570,PRODUTO TESTE,47,08/09/2011 00:00,5.6,10089.0,Eire
539089,87303,PRODUTO TESTE,2,03/04/2011 00:00,48.36,10018.0,United Kingdom
541742,20176,PRODUTO TESTE,37,09/05/2011 00:00,12.53,10159.0,United Kingdom
538130,65633,PRODUTO TESTE,35,01/28/2011 00:00,48.35,10189.0,United Kingdom
543962,35383,PRODUTO TESTE,3,04/25/2011 00:00,34.22,10177.0,United Kingdom
544183,61320,PRODUTO TESTE,32,12/01/2011 00:00,15.37,10149.0,United Kingdom
539420,84450,PRODUTO TESTE,9,10/20/2011 00:00,19.49,10080.0,United Kingdom
542713,38171,PRODUTO TESTE,10,11/26/2011 00:00,38.96,10175.0,United Kingdom
542803,11515,PRODUTO TESTE,-1,05/09/2011 00:00,22.05,10097.0,United Kingdom
542136,69678,PRODUTO TESTE,36,09/07/2011 00:00,4.2,10027.0,United Kingdom
537678,57890,PRODUTO TESTE,39,09/13/2011 00:00,11.88,10170.0,United Kingdom
536445,22572,PRODUTO TESTE,22,03/31/2011 00:00,43.09,10064.0,Eire
539125,14359,PRODUTO TESTE,37,12/11/2011 00:00,34.96,10187.0,United Kingdom
537180,57240,PRODUTO TESTE,14,12/20/2011 00:00,25.3,10073.0,United Kingdom
538630,65199,PRODUTO TESTE,26,02/10/2011 00:00,12.65,10173.0,United Kingdom
541745,20449,PRODUTO TESTE,38,10/07/2011 00:00,23.99,10107.0,United Kingdom
541299,63924,PRODUTO TESTE,18,06/13/2011 00:00,39.55,10093.0,Eire
537884,50062,PRODUTO TESTE,28,09/03/2011 00:00,4.54,10059.0,United Kingdom
536159,22349,PRODUTO TESTE,2,07/22/2011 00:00,49.74,10167.0,Eire
538030,65463,PRODUTO TESTE,22,03/23/2011 00:00,43.06,10012.0,United Kingdom
540093,68104,PRODUTO TESTE,41,02/05/2011 00:00,16.24,10093.0,United Kingdom
543012,23995,PRODUTO TESTE,37,07/07/2011 00:00,43.59,10073.0,United Kingdom
539286,70617,PRODUTO TESTE,11,11/02/2011 00:00,34.24,10108.0,United Kingdom
538573,29990,PRODUTO TESTE,24,10/28/2011 00:00,33.48,10050.0,United Kingdom
540962,63747,PRODUTO TESTE,29,04/11/2011 00:00,7.42,10132.0,France
536644,83192,PRODUTO TESTE,46,11/10/2011 00:00,45.34,10077.0,Germany
538029,94345,PRODUTO TESTE,40,05/10/2011 00:00,22.79,10037.0,United Kingdom
536327,33013,PRODUTO TESTE,39,07/24/2011 00:00,40.26,10039.0,France
540730,40488,PRODUTO TESTE,36,04/29/2011 00:00,15.33,10139.0,Germany
539988,18599,PRODUTO TESTE,14,07/10/2011 00:00,15.75,10052.0,United Kingdom
541242,97226,PRODUTO TESTE,15,07/13/2011 00:00,48.25,10061.0,United Kingdom
541554,39761,PRODUTO TESTE,20,09/12/2011 00:00,25.08,10125.0,United Kingdom
539556,82195,PRODUTO TESTE,18,06/22/2011 00:00,3.46,10065.0,United Kingdom
543819,94161,PRODUTO TESTE,47,07/12/2011 00:00,41.87,10077.0,United Kingdom
544264,52811,PRODUTO TESTE,43,08/26/2011 00:00,11.75,10048.0,Eire
536997,72439,PRODUTO TESTE,44,06/02/2011 00:00,44.0,10069.0,United Kingdom
544281,52500,PRODUTO TESTE,28,07/11/2011 00:00,45.86,10138.0,United Kingdom
537770,61788,PRODUTO TESTE,5,02/01/2011 00:00,4.1,10106.0,United Kingdom
538235,32462,PRODUTO TESTE,2,11/14/2011 00:00,29.33,10199.0,United Kingdom
540768,85636,PRODUTO TESTE,10,02/16/2011 00:00,49.09,10154.0,United Kingdom
536264,21072,PRODUTO TESTE,30,11/15/2011 00:00,46.58,10003.0,United Kingdom
539276,69416,PRODUTO TESTE,15,10/05/2011 00:00,26.5,10075.0,United Kingdom
537751,92798,PRODUTO TESTE,31,12/12/2011 00:00,34.18,10057.0,United Kingdom
540342,83002,PRODUTO TESTE,43,01/10/2011 00:00,30.41,10117.0,United Kingdom
543332,78283,PRODUTO TESTE,13,03/21/2011 00:00,10.56,10053.0,United Kingdom
544317,69143,PRODUTO TESTE,46,01/20/2011 00:00,32.82,10193.0,United Kingdom
537909,95114,PRODUTO TESTE,23,06/02/2011 00:00,16.99,10059.0,United Kingdom
540904,87782,PRODUTO TESTE,39,11/27/2011 00:00,17.23,10104.0,United Kingdom
540269,34745,PRODUTO TESTE,-2,10/07/2011 00:00,21.29,10024.0,United Kingdom
539736,66160,PRODUTO TESTE,10,09/14/2011 00:00,42.68,10181.0,United Kingdom
541694,48580,PRODUTO TESTE,46,11/06/2011 00:00,12.3,10182.0,United Kingdom
544904,33838,PRODUTO TESTE,43,01/02/2011 00:00,12.91,10158.0,France
539647,83633,PRODUTO TESTE,26,10/15/2011 00:00,0.86,10070.0,Germany
536586,13700,PRODUTO TESTE,-4,04/24/2011 00:00,8.17,10011.0,United Kingdom
544243,21546,PRODUTO TESTE,-2,09/10/2011 00:00,48.94,10142.0,United Kingdom
544389,19478,PRODUTO TESTE,18,10/06/2011 00:00,21.98,10085.0,United Kingdom
538901,28180,PRODUTO TESTE,44,09/08/2011 00:00,10.16,10198.0,France
540514,56119,PRODUTO TESTE,15,06/02/2011 00:00,48.3,10139.0,United Kingdom
543763,94807,PRODUTO TESTE,43,08/12/2011 00:00,1.84,10107.0,United Kingdom
540533,97458,PRODUTO TESTE,24,06/21/2011 00:00,24.47,10197.0,United Kingdom
540330,91017,PRODUTO TESTE,2,08/18/2011 00:00,40.33,10160.0,United Kingdom
544297,78350,PRODUTO TESTE,25,06/17/2011 00:00,38.75,10091.0,United Kingdom
543459,51388,PRODUTO TESTE,15,05/24/2011 00:00,9.87,10003.0,United Kingdom
540565,79789,PRODUTO TESTE,7,03/15/2011 00:00,35.54,10018.0,United Kingdom
537453,34134,PRODUTO TESTE,32,05/22/2011 00:00,31.3,10088.0,United Kingdom
539945,69740,PRODUTO TESTE,6,09/21/2011 00:00,33.93,10112.0,United Kingdom
542088,10745,PRODUTO TESTE,44,11/14/2011 00:00,13.67,10006.0,United Kingdom
538452,91313,PRODUTO TESTE,39,02/07/2011 00:00,40.63,10025.0,United Kingdom
540835,97442,PRODUTO TESTE,38,03/08/2011 00:00,28.18,10140.0,Eire
541929,76190,PRODUTO TESTE,-1,07/05/2011 00:00,36.39,10150.0,United Kingdom
536765,25726,PRODUTO TESTE,47,09/14/2011 00:00,47.01,10005.0,France
541126,33252,PRODUTO TESTE,22,03/04/2011 00:00,42.85,10101.0,United Kingdom
542638,76576,PRODUTO TESTE,35,04/29/2011 00:00,39.23,10016.0,Germany
537929,54952,PRODUTO TESTE,5,01/17/2011 00:00,14.84,10144.0,United Kingdom
540935,59283,PRODUTO TESTE,37,01/20/2011 00:00,3.18,10166.0,United Kingdom
542384,46390,PRODUTO TESTE,12,02/22/2011 00:00,28.94,10173.0,United Kingdom
536398,85216,PRODUTO TESTE,33,09/24/2011 00:00,2.21,10119.0,Eire
541796,24885,PRODUTO TESTE,10,11/14/2011 00:00,35.85,10125.0,France
538337,49758,PRODUTO TESTE,46,07/02/2011 00:00,36.97,10185.0,United Kingdom
539576,30013,PRODUTO TESTE,33,03/06/2011 00:00,28.36,10122.0,United Kingdom
541832,72266,PRODUTO TESTE,19,12/03/2011 00:00,8.82,10089.0,United Kingdom
536039,35663,PRODUTO TESTE,20,04/12/2011 00:00,43.85,10150.0,United Kingdom
536151,36950,PRODUTO TESTE,-5,02/26/2011 00:00,30.0,10118.0,United Kingdom
540019,25627,PRODUTO TESTE,11,02/20/2011 00:00,25.99,10168.0,United Kingdom
544547,87721,PRODUTO TESTE,38,05/09/2011 00:00,28.6,10104.0,United Kingdom
536054,29557,PRODUTO TESTE,40,09/26/2011 00:00,4.6,10173.0,United Kingdom
543099,88178,PRODUTO TESTE,49,05/25/2011 00:00,37.15,10008.0,France
536674,92474,PRODUTO TESTE,-1,06/12/2011 00:00,3.51,10007.0,United Kingdom
540400,96765,PRODUTO TESTE,8,05/05/2011 00:00,29.13,10019.0,United Kingdom
539875,40891,PRODUTO TESTE,37,12/11/2011 00:00,8.88,10111.0,United Kingdom
540212,68939,PRODUTO TESTE,14,09/07/2011 00:00,10.78,10141.0,United Kingdom
536737,84475,PRODUTO TESTE,8,08/31/2011 00:00,12.05,10043.0,United Kingdom
542781,17048,PRODUTO TESTE,10,06/09/2011 00:00,1.21,10031.0,United Kingdom
538480,15795,PRODUTO TESTE,45,07/13/2011 00:00,44.65,10172.0,United Kingdom
542939,28623,PRODUTO TESTE,42,11/20/2011 00:00,40.31,10150.0,United Kingdom
541899,98361,PRODUTO TESTE,-5,08/28/2011 00:00,2.05,10129.0,United Kingdom
540961,18090,PRODUTO TESTE,41,10/25/2011 00:00,3.32,10097.0,United Kingdom
538777,78830,PRODUTO TESTE,25,01/15/2011 00:00,39.25,10084.0,United Kingdom
541870,85499,PRODUTO TESTE,41,11/10/2011 00:00,0.84,10004.0,United Kingdom
544978,91603,PRODUTO TESTE,29,12/13/2011 00:00,23.72,10037.0,United Kingdom
544308,57585,PRODUTO TESTE,32,09/01/2011 00:00,5.81,10179.0,United Kingdom
544246,57331,PRODUTO TESTE,26,12/16/2011 00:00,29.79,10067.0,United Kingdom
537977,76812,PRODUTO TESTE,35,07/27/2011 00:00,49.92,10140.0,United Kingdom
541267,67107,PRODUTO TESTE,39,04/11/2011 00:00,9.02,10140.0,United Kingdom
539580,80794,PRODUTO TESTE,22,08/10/2011 00:00,47.86,10061.0,United Kingdom
544702,42473,PRODUTO TESTE,1,08/18/2011 00:00,43.34,10040.0,United Kingdom
544550,94020,PRODUTO TESTE,0,02/22/2011 00:00,49.3,10138.0,United Kingdom
543812,48882,PRODUTO TESTE,17,03/15/2011 00:00,38.43,10018.0,United Kingdom
537464,32333,PRODUTO TESTE,21,04/17/2011 00:00,42.92,10098.0,United Kingdom
538870,77566,PRODUTO TESTE,42,07/19/2011 00:00,29.93,10177.0,United Kingdom
542401,65880,PRODUTO TESTE,-4,02/24/2011 00:00,43.43,10142.0,United Kingdom
542746,14497,PRODUTO TESTE,43,10/09/2011 00:00,6.02,10152.0,United Kingdom
539152,24971,PRODUTO TESTE,-2,02/09/2011 00:00,37.21,10016.0,United Kingdom
537231,13289,PRODUTO TESTE,22,12/10/2011 00:00,31.62,10039.0,United Kingdom
537232,61836,PRODUTO TESTE,18,09/04/2011 00:00,3.46,10055.0,United Kingdom
542160,88742,PRODUTO TESTE,25,05/04/2011 00:00,14.93,10058.0,United Kingdom
540087,39033,PRODUTO TESTE,-3,05/16/2011 00:00,11.2,10038.0,United Kingdom
540419,19900,PRODUTO TESTE,37,09/11/2011 00:00,20.56,10194.0,United Kingdom
543338,86615,PRODUTO TESTE,2,02/02/2011 00:00,10.32,10032.0,United Kingdom
536151,74891,PRODUTO TESTE,37,09/19/2011 00:00,14.1,10141.0,United Kingdom
542790,59066,PRODUTO TESTE,26,07/21/2011 00:00,15.15,10117.0,United Kingdom
538468,27958,PRODUTO TESTE,43,03/22/2011 00:00,30.19,10122.0,Germany
544380,70492,PRODUTO TESTE,48,11/24/2011 00:00,7.18,10042.0,United Kingdom
544598,42958,PRODUTO TESTE,41,08/18/2011 00:00,12.43,10061.0,United Kingdom
540519,32058,PRODUTO TESTE,19,03/01/2011 00:00,16.2,10121.0,United Kingdom
538842,36419,PRODUTO TESTE,17,08/28/2011 00:00,22.73,10059.0,United Kingdom
538098,15532,PRODUTO TESTE,31,05/31/2011 00:00,2.39,10138.0,United Kingdom
537633,54129,PRODUTO TESTE,30,10/06/2011 00:00,49.96,10007.0,United Kingdom
544992,77776,PRODUTO TESTE,38,06/29/2011 00:00,15.37,10014.0,France
537687,84398,PRODUTO TESTE,21,12/31/2011 00:00,14.72,10145.0,United Kingdom
540019,75165,PRODUTO TESTE,20,12/05/2011 00:00,27.97,10123.0,United Kingdom
540312,88797,PRODUTO TESTE,1,01/15/2011 00:00,42.77,10008.0,United Kingdom
542112,96722,PRODUTO TESTE,4,05/31/2011 00:00,23.11,10179.0,United Kingdom
543583,29983,PRODUTO TESTE,40,03/15/2011 00:00,12.82,10000.0,United Kingdom
541021,49013,PRODUTO TESTE,49,06/14/2011 00:00,28.51,10191.0,United Kingdom
542822,40388,PRODUTO TESTE,28,02/22/2011 00:00,24.41,10145.0,United Kingdom
541100,71626,PRODUTO TESTE,13,07/15/2011 00:00,21.44,10197.0,United Kingdom
539931,85321,PRODUTO TESTE,-2,02/26/2011 00:00,49.2,10189.0,United Kingdom
537419,90092,PRODUTO TESTE,-3,08/16/2011 00:00,49.8,10062.0,United Kingdom
537878,18067,PRODUTO TESTE,32,06/15/2011 00:00,28.32,10151.0,United Kingdom
539891,56336,PRODUTO TESTE,30,12/29/2011 00:00,3.87,10042.0,United Kingdom
536414,20520,PRODUTO TESTE,10,11/17/2011 00:00,28.56,10094.0,France
538847,39687,PRODUTO TESTE,5,08/08/2011 00:00,47.65,10048.0,United Kingdom
540163,53161,PRODUTO TESTE,-2,06/13/2011 00:00,46.32,10097.0,United Kingdom
540253,65791,PRODUTO TESTE,32,09/19/2011 00:00,11.17,10174.0,Eire
543332,81112,PRODUTO TESTE,28,09/01/2011 00:00,9.91,10087.0,United Kingdom
544708,99508,PRODUTO TESTE,13,02/20/2011 00:00,8.04,10018.0,France
542567,40237,PRODUTO TESTE,35,05/18/2011 00:00,41.08,10064.0,United Kingdom
536715,60351,PRODUTO TESTE,41,12/29/2011 00:00,24.76,10157.0,United Kingdom
539677,16248,PRODUTO TESTE,23,04/27/2011 00:00,17.23,10104.0,United Kingdom
542569,20039,PRODUTO TESTE,9,01/05/2011 00:00,16.58,10112.0,United Kingdom
541352,97107,PRODUTO TESTE,-5,11/01/2011 00:00,14.13,10086.0,United Kingdom
540120,94453,PRODUTO TESTE,38,12/07/2011 00:00,44.19,10058.0,United Kingdom
539926,94501,PRODUTO TESTE,26,08/28/2011 00:00,20.78,10119.0,United Kingdom
539653,33536,PRODUTO TESTE,14,08/20/2011 00:00,12.58,10126.0,United Kingdom
541211,68670,PRODUTO TESTE,-5,05/09/2011 00:00,35.67,10179.0,United Kingdom
537609,30612,PRODUTO TESTE,39,05/12/2011 00:00,31.96,10123.0,United Kingdom
540657,71368,PRODUTO TESTE,45,11/30/2011 00:00,35.91,10199.0,United Kingdom
537852,53616,PRODUTO TESTE,21,11/10/2011 00:00,41.19,10165.0,France
542128,94031,PRODUTO TESTE,9,07/01/2011 00:00,5.51,10015.0,United Kingdom
543782,43632,PRODUTO TESTE,29,04/25/2011 00:00,0.6,10078.0,United Kingdom
540569,67947,PRODUTO TESTE,42,03/10/2011 00:00,3.0,10076.0,United Kingdom
539488,69330,PRODUTO TESTE,27,01/04/2011 00:00,35.49,10000.0,United Kingdom
544465,80956,PRODUTO TESTE,-5,06/26/2011 00:00,46.76,10036.0,United Kingdom
541937,14684,PRODUTO TESTE,5,07/22/2011 00:00,16.89,10152.0,France
539852,51715,PRODUTO TESTE,0,09/04/2011 00:00,39.17,10070.0,United Kingdom
536259,50701,PRODUTO TESTE,17,10/21/2011 00:00,36.59,10029.0,United Kingdom
536143,30520,PRODUTO TESTE,19,05/14/2011 00:00,48.91,10057.0,Eire
537993,82424,PRODUTO TESTE,24,03/02/2011 00:00,23.8,10054.0,United Kingdom
538127,84927,PRODUTO TESTE,36,11/04/2011 00:00,8.72,10034.0,United Kingdom
542492,17342,PRODUTO TESTE,1,10/06/2011 00:00,38.38,10020.0,United Kingdom
540505,71593,PRODUTO TESTE,46,07/14/2011 00:00,41.03,10152.0,United Kingdom
544999,87539,PRODUTO TESTE,9,01/15/2011 00:00,35.51,10164.0,United Kingdom
540865,36060,PRODUTO TESTE,23,06/20/2011 00:00,43.23,10099.0,United Kingdom
544128,66892,PRODUTO TESTE,6,08/15/2011 00:00,18.87,10123.0,United Kingdom
540971,66094,PRODUTO TESTE,14,11/10/2011 00:00,34.67,10183.0,United Kingdom
539223,11671,PRODUTO TESTE,40,07/05/2011 00:00,13.56,10168.0,United Kingdom
542430,83482,PRODUTO TESTE,-3,06/18/2011 00:00,22.6,10006.0,United Kingdom
540044,77515,PRODUTO TESTE,21,05/19/2011 00:00,12.5,10190.0,Germany
538471,34330,PRODUTO TESTE,27,06/01/2011 00:00,8.15,10013.0,United Kingdom
540259,38262,PRODUTO TESTE,26,01/06/2011 00:00,2.28,10005.0,Germany
541984,79132,PRODUTO TESTE,15,02/07/2011 00:00,33.74,10080.0,United Kingdom
539380,82150,PRODUTO TESTE,15,10/04/2011 00:00,43.83,10149.0,United Kingdom
542336,16510,PRODUTO TESTE,45,05/13/2011 00:00,16.06,10016.0,United Kingdom
544826,42303,PRODUTO TESTE,8,11/07/2011 00:00,21.75,10058.0,United Kingdom
539701,66244,PRODUTO TESTE,21,05/25/2011 00:00,0.68,10052.0,United Kingdom
538657,21445,PRODUTO TESTE,15,12/30/2011 00:00,20.94,10079.0,United Kingdom
539619,99903,PRODUTO TESTE,37,03/07/2011 00:00,14.43,10197.0,United Kingdom
543544,28816,PRODUTO TESTE,39,03/10/2011 00:00,28.92,10066.0,United Kingdom
537610,87972,PRODUTO TESTE,41,08/03/2011 00:00,45.47,10041.0,United Kingdom
544763,15802,PRODUTO TESTE,-1,10/20/2011 00:00,25.55,10024.0,Germany
539725,88808,PRODUTO TESTE,0,02/22/2011 00:00,33.94,10039.0,United Kingdom
543574,13605,PRODUTO TESTE,15,07/03/2011 00:00,35.42,10026.0,United Kingdom
543081,71231,PRODUTO TESTE,19,03/23/2011 00:00,8.05,10114.0,United Kingdom
543052,42429,PRODUTO TESTE,-2,09/27/2011 00:00,17.66,10084.0,France
544180,51506,PRODUTO TESTE,44,07/24/2011 00:00,6.1,10099.0,United Kingdom
537663,19778,PRODUTO TESTE,44,08/27/2011 00:00,22.32,10166.0,United Kingdom
541342,70948,PRODUTO TESTE,18,04/09/2011 00:00,44.42,10116.0,United Kingdom
536891,66015,PRODUTO TESTE,37,04/16/2011 00:00,24.31,10031.0,United Kingdom
538694,38906,PRODUTO TESTE,26,08/22/2011 00:00,23.08,10075.0,United Kingdom
536365,52493,PRODUTO TESTE,31,05/09/2011 00:00,10.86,10062.0,United Kingdom
542140,59748,PRODUTO TESTE,43,09/10/2011 00:00,15.86,10165.0,United Kingdom
541469,71917,PRODUTO TESTE,0,02/26/2011 00:00,46.86,10061.0,Eire
542661,58570,PRODUTO TESTE,7,04/20/2011 00:00,15.5,10027.0,Eire
537586,15311,PRODUTO TESTE,18,02/07/2011 00:00,36.7,10147.0,France
538989,58935,PRODUTO TESTE,44,02/01/2011 00:00,2.59,10085.0,Germany
542087,41373,PRODUTO TESTE,27,04/06/2011 00:00,6.85,10019.0,United Kingdom
543438,47078,PRODUTO TESTE,16,06/28/2011 00:00,15.92,10137.0,Eire
543971,43367,PRODUTO TESTE,-4,02/22/2011 00:00,45.12,10042.0,France
536663,41751,PRODUTO TESTE,27,02/03/2011 00:00,11.35,10173.0,United Kingdom
539622,31259,PRODUTO TESTE,9,11/17/2011 00:00,36.47,10166.0,United Kingdom
536096,39731,PRODUTO TESTE,13,07/08/2011 00:00,8.79,10073.0,United Kingdom
543366,74110,PRODUTO TESTE,49,09/19/2011 00:00,30.84,10111.0,United Kingdom
537106,30225,PRODUTO TESTE,23,09/23/2011 00:00,29.55,10113.0,United Kingdom
543399,78305,PRODUTO TESTE,2,02/07/2011 00:00,31.29,10130.0,United Kingdom
537404,49468,PRODUTO TESTE,-3,08/15/2011 00:00,14.67,10013.0,United Kingdom
536138,64946,PRODUTO TESTE,16,11/11/2011 00:00,8.52,10064.0,United Kingdom
543910,20596,PRODUTO TESTE,-2,06/13/2011 00:00,44.38,10034.0,United Kingdom
539949,28656,PRODUTO TESTE,18,11/11/2011 00:00,28.69,10139.0,France
539824,91140,PRODUTO TESTE,17,12/12/2011 00:00,11.0,10013.0,United Kingdom
541820,84789,PRODUTO TESTE,43,07/19/2011 00:00,20.96,10103.0,United Kingdom
538474,16271,PRODUTO TESTE,13,02/07/2011 00:00,3.82,10145.0,United Kingdom
542217,91309,PRODUTO TESTE,10,08/14/2011 00:00,24.03,10189.0,Germany
539861,85366,PRODUTO TESTE,28,11/18/2011 00:00,21.48,10057.0,Germany
538453,22335,PRODUTO TESTE,30,07/31/2011 00:00,7.07,10001.0,United Kingdom
539553,31712,PRODUTO TESTE,-3,10/20/2011 00:00,22.5,10144.0,United Kingdom
536055,25985,PRODUTO TESTE,-1,07/15/2011 00:00,32.16,10000.0,United Kingdom
538713,86788,PRODUTO TESTE,4,06/03/2011 00:00,46.46,10013.0,United Kingdom
541323,86833,PRODUTO TESTE,37,12/12/2011 00:00,35.31,10198.0,United Kingdom
537241,74823,PRODUTO TESTE,6,02/25/2011 00:00,25.37,10172.0,United Kingdom
537066,32516,PRODUTO TESTE,49,06/13/2011 00:00,38.62,10141.0,United Kingdom
541903,92886,PRODUTO TESTE,19,02/26/2011 00:00,14.36,10167.0,United Kingdom
539854,86265,PRODUTO TESTE,46,08/27/2011 00:00,33.6,10015.0,United Kingdom
537229,88320,PRODUTO TESTE,8,12/03/2011 00:00,0.75,10017.0,United Kingdom
542730,42394,PRODUTO TESTE,18,12/31/2011 00:00,4.09,10060.0,United Kingdom
542978,73097,PRODUTO TESTE,2,03/27/2011 00:00,31.4,10004.0,United Kingdom
536312,70783,PRODUTO TESTE,41,09/23/2011 00:00,10.03,10177.0,United Kingdom
537815,23650,PRODUTO TESTE,27,11/16/2011 00:00,34.59,10011.0,United Kingdom
539333,62446,PRODUTO TESTE,-1,11/01/2011 00:00,32.02,10108.0,Eire
542582,59413,PRODUTO TESTE,35,07/03/2011 00:00,3.65,10170.0,United Kingdom
536666,62617,PRODUTO TESTE,43,03/05/2011 00:00,19.93,10146.0,United Kingdom
543250,40584,PRODUTO TESTE,32,06/18/2011 00:00,30.84,10046.0,United Kingdom
538874,70230,PRODUTO TESTE,39,10/11/2011 00:00,35.82,10094.0,United Kingdom
537127,89718,PRODUTO TESTE,10,08/15/2011 00:00,40.9,10109.0,France
543770,64416,PRODUTO TESTE,18,05/22/2011 00:00,16.86,10153.0,United Kingdom
536780,88499,PRODUTO TESTE,41,03/20/2011 00:00,41.92,10085.0,United Kingdom
537166,79445,PRODUTO TESTE,28,08/26/2011 00:00,18.04,10057.0,United Kingdom
544546,38263,PRODUTO TESTE,28,06/06/2011 00:00,0.85,10159.0,United Kingdom
540676,76234,PRODUTO TESTE,37,06/22/2011 00:00,30.7,10177.0,Germany
540167,70452,PRODUTO TESTE,28,12/09/2011 00:00,12.46,10097.0,United Kingdom
542186,94936,PRODUTO TESTE,1,01/04/2011 00:00,6.66,10005.0,United Kingdom
541672,40445,PRODUTO TESTE,6,03/28/2011 00:00,13.29,10100.0,United Kingdom
541522,24737,PRODUTO TESTE,37,12/02/2011 00:00,41.48,10177.0,United Kingdom
536209,71036,PRODUTO TESTE,8,12/03/2011 00:00,45.74,10197.0,United Kingdom
540965,66901,PRODUTO TESTE,31,04/21/2011 00:00,48.1,10080.0,United Kingdom
538508,65247,PRODUTO TESTE,21,12/29/2011 00:00,15.49,10030.0,United Kingdom
543269,76585,PRODUTO TESTE,29,03/19/2011 00:00,23.07,10114.0,United Kingdom
540548,55984,PRODUTO TESTE,8,01/19/2011 00:00,40.23,10166.0,Eire
537113,12715,PRODUTO TESTE,12,04/23/2011 00:00,16.24,10189.0,United Kingdom
543975,89055,PRODUTO TESTE,32,07/13/2011 00:00,19.56,10010.0,United Kingdom
538558,34962,PRODUTO TESTE,4,01/03/2011 00:00,12.25,10058.0,United Kingdom
538442,32144,PRODUTO TESTE,11,03/04/2011 00:00,28.83,10095.0,United Kingdom
544426,83265,PRODUTO TESTE,49,10/16/2011 00:00,33.13,10019.0,United Kingdom
542976,81771,PRODUTO TESTE,3,08/15/2011 00:00,16.26,10177.0,United Kingdom
543735,55487,PRODUTO TESTE,26,08/09/2011 00:00,1.7,10022.0,United Kingdom
541959,72055,PRODUTO TESTE,3,12/28/2011 00:00,36.93,10133.0,France
544194,17265,PRODUTO TESTE,33,03/25/2011 00:00,31.02,10183.0,United Kingdom
537037,35313,PRODUTO TESTE,1,11/24/2011 00:00,11.34,10137.0,United Kingdom
541399,31860,PRODUTO TESTE,26,05/10/2011 00:00,16.08,10152.0,Eire
538640,47951,PRODUTO TESTE,19,12/04/2011 00:00,47.88,10052.0,United Kingdom
539585,42147,PRODUTO TESTE,33,10/13/2011 00:00,31.7,10165.0,United Kingdom
538140,16211,PRODUTO TESTE,-5,03/19/2011 00:00,29.98,10083.0,United Kingdom
537845,71973,PRODUTO TESTE,23,03/18/2011 00:00,32.16,10012.0,United Kingdom
539982,63781,PRODUTO TESTE,24,07/17/2011 00:00,47.75,10073.0,United Kingdom
544264,44138,PRODUTO TESTE,8,07/03/2011 00:00,17.32,10069.0,United Kingdom
541718,89909,PRODUTO TESTE,11,03/27/2011 00:00,14.41,10104.0,United Kingdom
539144,42470,PRODUTO TESTE,33,04/06/2011 00:00,19.15,10052.0,United Kingdom
539900,20603,PRODUTO TESTE,25,11/25/2011 00:00,40.15,10092.0,United Kingdom
540768,86324,PRODUTO TESTE,26,10/03/2011 00:00,6.49,10085.0,United Kingdom
538200,21879,PRODUTO TESTE,46,03/11/2011 00:00,10.74,10065.0,United Kingdom
540690,16419,PRODUTO TESTE,17,09/22/2011 00:00,11.8,10139.0,United Kingdom
542262,52710,PRODUTO TESTE,42,02/26/2011 00:00,32.0,10061.0,United Kingdom
538188,62117,PRODUTO TESTE,48,06/12/2011 00:00,32.26,10153.0,United Kingdom
541260,35310,PRODUTO TESTE,26,01/05/2011 00:00,18.91,10050.0,Germany
542375,85522,PRODUTO TESTE,6,08/25/2011 00:00,14.17,10172.0,United Kingdom
540673,34923,PRODUTO TESTE,17,03/08/2011 00:00,37.86,10073.0,United Kingdom
538627,96725,PRODUTO TESTE,-3,03/28/2011 00:00,2.07,10008.0,France
540989,67479,PRODUTO TESTE,33,03/11/2011 00:00,37.07,10029.0,Germany
543139,26609,PRODUTO TESTE,10,03/08/2011 00:00,10.91,10161.0,United Kingdom
537997,46922,PRODUTO TESTE,45,01/29/2011 00:00,45.19,10174.0,United Kingdom
541172,16831,PRODUTO TESTE,30,07/22/2011 00:00,20.98,10042.0,United Kingdom
542123,86017,PRODUTO TESTE,21,11/13/2011 00:00,32.29,10120.0,United Kingdom
538893,68312,PRODUTO TESTE,5,04/21/2011 00:00,6.49,10114.0,United Kingdom
539487,48601,PRODUTO TESTE,0,10/12/2011 00:00,13.07,10026.0,United Kingdom
543999,71113,PRODUTO TESTE,31,07/18/2011 00:00,35.18,10090.0,United Kingdom
539271,65374,PRODUTO TESTE,37,04/03/2011 00:00,27.74,10138.0,United Kingdom
541384,63985,PRODUTO TESTE,9,01/23/2011 00:00,38.64,10193.0,Germany
537347,45809,PRODUTO TESTE,-5,10/13/2011 00:00,28.39,10169.0,United Kingdom
544333,41636,PRODUTO TESTE,12,01/09/2011 00:00,28.68,10019.0,United Kingdom
541371,33041,PRODUTO TESTE,37,06/04/2011 00:00,42.98,10047.0,United Kingdom
542843,80788,PRODUTO TESTE,26,01/13/2011 00:00,21.52,10087.0,United Kingdom
541423,52419,PRODUTO TESTE,-1,10/11/2011 00:00,44.8,10030.0,United Kingdom
539199,52196,PRODUTO TESTE,1,12/28/2011 00:00,18.92,10114.0,United Kingdom
539062,74842,PRODUTO TESTE,0,04/28/2011 00:00,16.77,10001.0,United Kingdom
542310,57789,PRODUTO TESTE,36,04/25/2011 00:00,39.08,10022.0,United Kingdom
543738,95751,PRODUTO TESTE,37,07/26/2011 00:00,1.07,10009.0,United Kingdom
537148,31659,PRODUTO TESTE,17,07/03/2011 00:00,9.02,10059.0,United Kingdom
543609,13794,PRODUTO TESTE,32,05/20/2011 00:00,4.05,10152.0,United Kingdom
543470,47917,PRODUTO TESTE,-4,05/14/2011 00:00,25.85,10035.0,United Kingdom
536981,57863,PRODUTO TESTE,25,03/10/2011 00:00,31.59,10197.0,United Kingdom
536973,83908,PRODUTO TESTE,9,04/02/2011 00:00,1.01,10053.0,United Kingdom
542255,67236,PRODUTO TESTE,40,08/02/2011 00:00,8.49,10008.0,United Kingdom
543585,94533,PRODUTO TESTE,21,09/26/2011 00:00,15.48,10067.0,United Kingdom
539544,17714,PRODUTO TESTE,41,10/02/2011 00:00,15.06,10149.0,United Kingdom
541765,58361,PRODUTO TESTE,25,07/08/2011 00:00,5.31,10021.0,United Kingdom
544997,84624,PRODUTO TESTE,20,10/02/2011 00:00,9.06,10014.0,United Kingdom
538905,55193,PRODUTO TESTE,47,08/05/2011 00:00,42.43,10169.0,United Kingdom
538025,34835,PRODUTO TESTE,49,05/11/2011 00:00,35.18,10118.0,United Kingdom
544924,79168,PRODUTO TESTE,20,05/09/2011 00:00,15.16,10068.0,United Kingdom
538524,88741,PRODUTO TESTE,14,07/09/2011 00:00,13.54,10151.0,United Kingdom
540253,33318,PRODUTO TESTE,30,04/23/2011 00:00,4.47,10168.0,United Kingdom
539978,59734,PRODUTO TESTE,4,10/06/2011 00:00,17.77,10071.0,United Kingdom
540709,82425,PRODUTO TESTE,16,03/09/2011 00:00,20.2,10112.0,United Kingdom
538418,23686,PRODUTO TESTE,41,01/20/2011 00:00,45.26,10002.0,United Kingdom
542111,10989,PRODUTO TESTE,44,06/29/2011 00:00,37.28,10061.0,United Kingdom
542227,76529,PRODUTO TESTE,17,01/27/2011 00:00,24.22,10119.0,Germany
537805,77695,PRODUTO TESTE,16,03/11/2011 00:00,7.18,10039.0,United Kingdom
540328,24150,PRODUTO TESTE,43,05/18/2011 00:00,32.98,10198.0,United Kingdom
536516,63727,PRODUTO TESTE,6,01/02/2011 00:00,46.83,10194.0,United Kingdom
537987,74833,PRODUTO TESTE,-2,03/23/2011 00:00,4.36,10051.0,United Kingdom
544884,96658,PRODUTO TESTE,-1,07/18/2011 00:00,42.51,10079.0,United Kingdom
540557,82737,PRODUTO TESTE,1,05/17/2011 00:00,9.42,10037.0,United Kingdom
541604,29789,PRODUTO TESTE,43,11/24/2011 00:00,35.21,10100.0,United Kingdom
543999,61797,PRODUTO TESTE,-3,02/04/2011 00:00,9.6,10024.0,United Kingdom
542423,75986,PRODUTO TESTE,13,09/20/2011 00:00,30.2,10078.0,United Kingdom
543131,34398,PRODUTO TESTE,28,08/05/2011 00:00,12.26,10111.0,United Kingdom
542408,24653,PRODUTO TESTE,28,08/24/2011 00:00,27.31,10122.0,United Kingdom
540489,49359,PRODUTO TESTE,40,09/03/2011 00:00,30.21,10119.0,United Kingdom
541693,74755,PRODUTO TESTE,48,01/20/2011 00:00,31.12,10044.0,United Kingdom
538596,57521,PRODUTO TESTE,17,10/17/2011 00:00,34.3,10158.0,United Kingdom
544013,64398,PRODUTO TESTE,7,05/01/2011 00:00,3.92,10138.0,United Kingdom
537618,69919,PRODUTO TESTE,-1,08/26/2011 00:00,35.32,10150.0,Germany
543956,95997,PRODUTO TESTE,44,04/18/2011 00:00,8.15,10093.0,United Kingdom
543905,67052,PRODUTO TESTE,15,05/25/2011 00:00,34.01,10178.0,United Kingdom
537280,22144,PRODUTO TESTE,44,09/13/2011 00:00,6.64,10077.0,United Kingdom
542391,46037,PRODUTO TESTE,14,12/08/2011 00:00,24.23,10161.0,United Kingdom
544907,25288,PRODUTO TESTE,36,11/17/2011 00:00,19.65,10040.0,United Kingdom
541149,78234,PRODUTO TESTE,30,09/23/2011 00:00,48.38,10049.0,United Kingdom
539063,99746,PRODUTO TESTE,34,07/16/2011 00:00,31.73,10105.0,United Kingdom
543914,79426,PRODUTO TESTE,30,07/12/2011 00:00,4.87,10111.0,United Kingdom
540613,32133,PRODUTO TESTE,11,12/19/2011 00:00,35.19,10149.0,Eire
537095,72669,PRODUTO TESTE,0,03/17/2011 00:00,10.11,10059.0,United Kingdom
538243,11900,PRODUTO TESTE,-5,12/15/2011 00:00,14.66,10174.0,United Kingdom
542142,34493,PRODUTO TESTE,18,08/25/2011 00:00,19.23,10065.0,United Kingdom
540098,37298,PRODUTO TESTE,44,08/13/2011 00:00,38.92,10106.0,United Kingdom
537950,52245,PRODUTO TESTE,30,08/04/2011 00:00,47.23,10186.0,Germany
543191,38842,PRODUTO TESTE,32,10/24/2011 00:00,46.25,10107.0,United Kingdom
537085,48947,PRODUTO TESTE,9,09/07/2011 00:00,8.95,10136.0,France
537971,10892,PRODUTO TESTE,21,02/04/2011 00:00,3.49,10181.0,United Kingdom
540190,83510,PRODUTO TESTE,17,10/13/2011 00:00,41.51,10194.0,United Kingdom
536355,45594,PRODUTO TESTE,2,09/23/2011 00:00,14.77,10099.0,United Kingdom
539486,82735,PRODUTO TESTE,28,11/30/2011 00:00,29.35,10083.0,United Kingdom
544189,15203,PRODUTO TESTE,14,12/08/2011 00:00,48.94,10039.0,Germany
544470,87946,PRODUTO TESTE,17,12/13/2011 00:00,9.73,10107.0,United Kingdom
543847,66374,PRODUTO TESTE,27,01/16/2011 00:00,19.06,10183.0,United Kingdom
538915,30805,PRODUTO TESTE,-4,08/19/2011 00:00,43.45,10097.0,United Kingdom
536583,77737,PRODUTO TESTE,46,12/08/2011 00:00,32.67,10069.0,United Kingdom
543334,77360,PRODUTO TESTE,7,12/19/2011 00:00,46.91,10021.0,United Kingdom
539359,75377,PRODUTO TESTE,32,07/20/2011 00:00,31.77,10077.0,United Kingdom
542739,88335,PRODUTO TESTE,37,11/29/2011 00:00,15.53,10047.0,United Kingdom
537072,95854,PRODUTO TESTE,3,11/18/2011 00:00,40.35,10195.0,United Kingdom
542011,24984,PRODUTO TESTE,8,01/01/2011 00:00,38.08,10105.0,United Kingdom
541277,35408,PRODUTO TESTE,17,11/20/2011 00:00,46.71,10027.0,United Kingdom
544283,13594,PRODUTO TESTE,39,08/21/2011 00:00,24.07,10013.0,United Kingdom
536917,15995,PRODUTO TESTE,29,07/29/2011 00:00,25.39,10170.0,Germany
539671,19495,PRODUTO TESTE,20,03/07/2011 00:00,16.53,10186.0,Eire
544909,72278,PRODUTO TESTE,41,12/02/2011 00:00,13.8,10152.0,United Kingdom
539507,64557,PRODUTO TESTE,21,04/18/2011 00:00,49.83,10024.0,United Kingdom
541922,13130,PRODUTO TESTE,43,06/02/2011 00:00,48.87,10019.0,United Kingdom
537448,47947,PRODUTO TESTE,37,04/19/2011 00:00,26.72,10039.0,United Kingdom
542555,19943,PRODUTO TESTE,4,12/20/2011 00:00,47.78,10150.0,United Kingdom
538481,27554,PRODUTO TESTE,16,06/26/2011 00:00,18.13,10153.0,United Kingdom
541149,15001,PRODUTO TESTE,-4,02/11/2011 00:00,42.57,10167.0,United Kingdom
543917,57546,PRODUTO TESTE,8,01/04/2011 00:00,31.93,10019.0,United Kingdom
541949,17314,PRODUTO TESTE,-4,12/24/2011 00:00,35.99,10030.0,United Kingdom
540269,80696,PRODUTO TESTE,0,03/28/2011 00:00,36.05,10180.0,United Kingdom
537710,93887,PRODUTO TESTE,-5,10/09/2011 00:00,31.97,10185.0,United Kingdom
539072,87022,PRODUTO TESTE,31,01/11/2011 00:00,42.69,10145.0,United Kingdom
543643,84126,PRODUTO TESTE,17,11/24/2011 00:00,19.9,10021.0,United Kingdom
537945,77654,PRODUTO TESTE,20,08/26/2011 00:00,42.53,10013.0,United Kingdom
541906,91964,PRODUTO TESTE,37,03/24/2011 00:00,9.58,10011.0,United Kingdom
540364,89695,PRODUTO TESTE,39,11/21/2011 00:00,10.4,10138.0,United Kingdom
538887,29459,PRODUTO TESTE,24,04/19/2011 00:00,36.01,10169.0,United Kingdom
542449,64376,PRODUTO TESTE,20,12/31/2011 00:00,37.63,10126.0,United Kingdom
539259,37542,PRODUTO TESTE,30,08/07/2011 00:00,45.16,10052.0,United Kingdom
538580,85335,PRODUTO TESTE,17,06/13/2011 00:00,14.1,10151.0,United Kingdom
540763,10940,PRODUTO TESTE,19,01/22/2011 00:00,3.28,10011.0,United Kingdom
542819,47546,PRODUTO TESTE,11,04/05/2011 00:00,25.62,10165.0,United Kingdom
543777,44114,PRODUTO TESTE,5,01/22/2011 00:00,43.83,10178.0,United Kingdom
541668,86722,PRODUTO TESTE,5,11/08/2011 00:00,48.59,10143.0,France
541957,36510,PRODUTO TESTE,31,02/06/2011 00:00,42.96,10175.0,United Kingdom
543088,90622,PRODUTO TESTE,40,02/11/2011 00:00,24.75,10117.0,United Kingdom
538423,54671,PRODUTO TESTE,18,02/15/2011 00:00,43.24,10093.0,United Kingdom
538258,71776,PRODUTO TESTE,0,12/22/2011 00:00,11.09,10064.0,United Kingdom
540355,57762,PRODUTO TESTE,28,12/21/2011 00:00,46.1,10184.0,United Kingdom
541679,48793,PRODUTO TESTE,44,09/18/2011 00:00,28.56,10139.0,France
541813,37374,PRODUTO TESTE,24,01/27/2011 00:00,19.77,10038.0,United Kingdom
537383,35350,PRODUTO TESTE,-4,07/03/2011 00:00,29.29,10191.0,United Kingdom
543025,67627,PRODUTO TESTE,-1,12/13/2011 00:00,39.31,10011.0,United Kingdom
539274,39265,PRODUTO TESTE,23,02/05/2011 00:00,12.39,10117.0,United Kingdom
543895,87775,PRODUTO TESTE,42,10/17/2011 00:00,5.54,10038.0,United Kingdom
542519,21911,PRODUTO TESTE,-2,01/07/2011 00:00,36.79,10132.0,United Kingdom
544846,29387,PRODUTO TESTE,36,10/21/2011 00:00,47.65,10082.0,United Kingdom
541685,14244,PRODUTO TESTE,37,07/18/2011 00:00,32.03,10087.0,Germany
540747,87724,PRODUTO TESTE,-3,11/21/2011 00:00,7.56,10134.0,United Kingdom
537690,47297,PRODUTO TESTE,6,06/01/2011 00:00,32.35,10151.0,United Kingdom
539587,13160,PRODUTO TESTE,-5,10/14/2011 00:00,6.27,10076.0,United Kingdom
543725,13840,PRODUTO TESTE,26,11/04/2011 00:00,15.52,10199.0,United Kingdom
539438,92624,PRODUTO TESTE,4,04/29/2011 00:00,2.06,10099.0,United Kingdom
536480,89252,PRODUTO TESTE,45,08/23/2011 00:00,24.63,10032.0,United Kingdom
538206,34920,PRODUTO TESTE,0,06/18/2011 00:00,16.41,10001.0,United Kingdom
541356,68495,PRODUTO TESTE,30,06/07/2011 00:00,5.33,10040.0,Germany
541661,32724,PRODUTO TESTE,38,10/19/2011 00:00,15.8,10138.0,United Kingdom
544854,85929,PRODUTO TESTE,4,03/24/2011 00:00,32.55,10107.0,United Kingdom
544404,74384,PRODUTO TESTE,8,02/13/2011 00:00,14.81,10067.0,United Kingdom
540783,49997,PRODUTO TESTE,38,06/25/2011 00:00,7.58,10096.0,France
540990,93569,PRODUTO TESTE,0,10/27/2011 00:00,27.47,10167.0,United Kingdom
543206,30155,PRODUTO TESTE,19,03/01/2011 00:00,37.78,10114.0,United Kingdom
536437,99713,PRODUTO TESTE,8,05/05/2011 00:00,41.59,10011.0,United Kingdom
541356,36124,PRODUTO TESTE,-5,09/01/2011 00:00,23.87,10009.0,Germany
540266,89983,PRODUTO TESTE,19,06/24/2011 00:00,35.7,10096.0,United Kingdom
543047,86925,PRODUTO TESTE,21,08/10/2011 00:00,41.75,10080.0,United Kingdom
543203,60642,PRODUTO TESTE,14,07/12/2011 00:00,33.81,10170.0,United Kingdom
541900,20970,PRODUTO TESTE,39,10/23/2011 00:00,26.6,10116.0,United Kingdom
541915,77599,PRODUTO TESTE,0,11/16/2011 00:00,3.47,10151.0,United Kingdom
542220,72843,PRODUTO TESTE,18,06/14/2011 00:00,14.86,10117.0,France
541221,87870,PRODUTO TESTE,4,06/07/2011 00:00,16.33,10069.0,United Kingdom
538050,30311,PRODUTO TESTE,36,04/12/2011 00:00,20.05,10131.0,United Kingdom
538560,31539,PRODUTO TESTE,25,06/11/2011 00:00,47.57,10124.0,United Kingdom
542676,41784,PRODUTO TESTE,33,11/02/2011 00:00,10.84,10144.0,United Kingdom
541565,43194,PRODUTO TESTE,0,07/03/2011 00:00,27.31,10037.0,United Kingdom
538141,10274,PRODUTO TESTE,20,09/10/2011 00:00,49.57,10128.0,United Kingdom
543900,23817,PRODUTO TESTE,-3,06/02/2011 00:00,31.13,10057.0,United Kingdom
544825,53117,PRODUTO TESTE,12,09/15/2011 00:00,10.84,10158.0,United Kingdom
541634,97029,PRODUTO TESTE,46,09/18/2011 00:00,48.03,10159.0,United Kingdom
538050,21551,PRODUTO TESTE,34,07/12/2011 00:00,17.15,10124.0,Germany
544444,31699,PRODUTO TESTE,-1,12/08/2011 00:00,2.87,10189.0,United Kingdom
538130,87367,PRODUTO TESTE,15,11/16/2011 00:00,21.85,10107.0,United Kingdom
539892,13529,PRODUTO TESTE,42,02/27/2011 00:00,12.41,10005.0,Germany
543728,18795,PRODUTO TESTE,4,03/25/2011 00:00,41.03,10121.0,United Kingdom
540686,90087,PRODUTO TESTE,36,12/15/2011 00:00,11.39,10155.0,United Kingdom
538186,32532,PRODUTO TESTE,12,05/27/2011 00:00,41.08,10020.0,United Kingdom
536720,37712,PRODUTO TESTE,21,04/24/2011 00:00,2.29,10020.0,United Kingdom
539248,11331,PRODUTO TESTE,43,10/18/2011 00:00,46.49,10054.0,United Kingdom
542048,46570,PRODUTO TESTE,31,08/08/2011 00:00,2.59,10168.0,United Kingdom
542431,99357,PRODUTO TESTE,10,02/18/2011 00:00,46.96,10105.0,Germany
538006,98691,PRODUTO TESTE,-5,02/03/2011 00:00,4.15,10195.0,United Kingdom
537428,67728,PRODUTO TESTE,7,10/22/2011 00:00,43.69,10174.0,United Kingdom
542313,70762,PRODUTO TESTE,17,10/07/2011 00:00,41.65,10110.0,United Kingdom
537431,67921,PRODUTO TESTE,2,05/09/2011 00:00,29.92,10135.0,United Kingdom
536578,72544,PRODUTO TESTE,43,11/11/2011 00:00,2.28,10066.0,United Kingdom
540377,56696,PRODUTO TESTE,-2,02/15/2011 00:00,31.25,10018.0,Eire
541138,28517,PRODUTO TESTE,24,11/14/2011 00:00,31.08,10079.0,United Kingdom
538193,88124,PRODUTO TESTE,48,01/29/2011 00:00,28.08,10118.0,United Kingdom
537900,89153,PRODUTO TESTE,13,08/21/2011 00:00,31.76,10036.0,United Kingdom
538120,22976,PRODUTO TESTE,24,11/04/2011 00:00,48.42,10044.0,United Kingdom
539085,18510,PRODUTO TESTE,-1,08/15/2011 00:00,49.78,10002.0,United Kingdom
536083,81355,PRODUTO TESTE,35,10/12/2011 00:00,26.26,10146.0,United Kingdom
536105,14282,PRODUTO TESTE,48,05/06/2011 00:00,5.04,10179.0,United Kingdom
539334,82640,PRODUTO TESTE,37,04/16/2011 00:00,7.13,10165.0,United Kingdom
536179,98364,PRODUTO TESTE,3,04/08/2011 00:00,36.16,10075.0,Germany
538864,13251,PRODUTO TESTE,14,02/12/2011 00:00,49.11,10118.0,United Kingdom
541228,81906,PRODUTO TESTE,34,04/12/2011 00:00,22.08,10192.0,United Kingdom
536280,21940,PRODUTO TESTE,38,04/01/2011 00:00,5.35,10118.0,United Kingdom
541560,36121,PRODUTO TESTE,17,10/04/2011 00:00,17.98,10059.0,United Kingdom
541591,59242,PRODUTO TESTE,47,03/19/2011 00:00,19.56,10067.0,United Kingdom
541160,71209,PRODUTO TESTE,6,03/02/2011 00:00,49.83,10145.0,Germany
541639,18117,PRODUTO TESTE,35,09/25/2011 00:00,34.49,10089.0,United Kingdom
543283,19833,PRODUTO TESTE,22,07/16/2011 00:00,6.33,10167.0,United Kingdom
536637,35412,PRODUTO TESTE,34,03/20/2011 00:00,17.19,10172.0,United Kingdom
537519,71355,PRODUTO TESTE,27,09/15/2011 00:00,2.9,10007.0,United Kingdom
538853,46330,PRODUTO TESTE,18,03/20/2011 00:00,32.83,10144.0,United Kingdom
542193,34799,PRODUTO TESTE,39,10/14/2011 00:00,33.8,10073.0,United Kingdom
543855,24149,PRODUTO TESTE,41,01/12/2011 00:00,3.35,10103.0,United Kingdom
544267,97159,PRODUTO TESTE,39,08/04/2011 00:00,17.11,10052.0,United Kingdom
541239,73372,PRODUTO TESTE,-1,08/06/2011 00:00,45.19,10073.0,United Kingdom
539691,98728,PRODUTO TESTE,18,05/17/2011 00:00,41.43,10066.0,United Kingdom
539707,54555,PRODUTO TESTE,36,09/09/2011 00:00,28.92,10010.0,Eire
536538,83684,PRODUTO TESTE,42,05/19/2011 00:00,24.49,10156.0,United Kingdom
540185,67582,PRODUTO TESTE,14,08/27/2011 00:00,49.65,10028.0,United Kingdom
540615,57259,PRODUTO TESTE,35,03/23/2011 00:00,36.25,10075.0,United Kingdom
537874,52686,PRODUTO TESTE,26,07/27/2011 00:00,47.66,10038.0,United Kingdom
542911,55011,PRODUTO TESTE,7,10/04/2011 00:00,4.04,10032.0,United Kingdom
543306,47123,PRODUTO TESTE,44,12/19/2011 00:00,11.0,10074.0,United Kingdom
538718,67593,PRODUTO TESTE,19,05/12/2011 00:00,2.04,10183.0,United Kingdom
544226,54314,PRODUTO TESTE,28,06/22/2011 00:00,43.46,10188.0,United Kingdom
536963,97363,PRODUTO TESTE,10,06/23/2011 00:00,34.86,10076.0,United Kingdom
544195,90955,PRODUTO TESTE,-4,11/10/2011 00:00,9.29,10101.0,United Kingdom
542912,51789,PRODUTO TESTE,19,12/18/2011 00:00,48.72,10197.0,United Kingdom
538015,45643,PRODUTO TESTE,34,08/24/2011 00:00,47.81,10046.0,Eire
541851,78308,PRODUTO TESTE,12,10/28/2011 00:00,11.62,10188.0,United Kingdom
538796,67802,PRODUTO TESTE,46,01/31/2011 00:00,32.53,10021.0,United Kingdom
543197,30861,PRODUTO TESTE,36,10/05/2011 00:00,33.57,10045.0,United Kingdom
537445,85055,PRODUTO TESTE,30,10/23/2011 00:00,0.7,10067.0,United Kingdom
538204,71402,PRODUTO TESTE,39,09/18/2011 00:00,34.59,10007.0,United Kingdom
538764,65897,PRODUTO TESTE,42,08/02/2011 00:00,11.46,10163.0,United Kingdom
537797,80385,PRODUTO TESTE,34,11/25/2011 00:00,45.12,10171.0,United Kingdom
538995,30345,PRODUTO TESTE,40,08/27/2011 00:00,42.01,10076.0,United Kingdom
541423,81995,PRODUTO TESTE,34,11/05/2011 00:00,45.31,10167.0,Eire
541697,20976,PRODUTO TESTE,42,03/07/2011 00:00,38.0,10154.0,United Kingdom
540985,81412,PRODUTO TESTE,0,08/31/2011 00:00,8.66,10160.0,United Kingdom
537706,63178,PRODUTO TESTE,13,06/09/2011 00:00,18.35,10160.0,United Kingdom
537821,62378,PRODUTO TESTE,43,11/13/2011 00:00,35.59,10114.0,United Kingdom
544274,75464,PRODUTO TESTE,21,11/18/2011 00:00,16.5,10022.0,United Kingdom
538262,37964,PRODUTO TESTE,-5,11/05/2011 00:00,35.65,10184.0,United Kingdom
536927,79185,PRODUTO TESTE,41,03/20/2011 00:00,17.14,10121.0,United Kingdom
540085,12303,PRODUTO TESTE,31,06/29/2011 00:00,9.3,10180.0,United Kingdom
536061,72441,PRODUTO TESTE,45,01/01/2011 00:00,26.15,10191.0,United Kingdom
539083,81494,PRODUTO TESTE,-5,12/24/2011 00:00,34.47,10037.0,Eire
543694,10310,PRODUTO TESTE,3,04/04/2011 00:00,26.1,10080.0,United Kingdom
538406,72512,PRODUTO TESTE,23,08/16/2011 00:00,32.27,10038.0,United Kingdom
542333,79644,PRODUTO TESTE,4,06/27/2011 00:00,22.18,10010.0,France
540408,56996,PRODUTO TESTE,23,11/27/2011 00:00,39.03,10193.0,United Kingdom
539198,64415,PRODUTO TESTE,14,10/27/2011 00:00,32.67,10184.0,United Kingdom
541954,15344,PRODUTO TESTE,6,10/11/2011 00:00,28.94,10186.0,United Kingdom
541359,98935,PRODUTO TESTE,37,08/23/2011 00:00,22.05,10176.0,United Kingdom
538864,97005,PRODUTO TESTE,-3,02/13/2011 00:00,27.02,10129.0,United Kingdom
538011,78812,PRODUTO TESTE,43,12/02/2011 00:00,3.02,10104.0,United Kingdom
544251,11363,PRODUTO TESTE,3,01/23/2011 00:00,33.5,10198.0,United Kingdom
537515,48718,PRODUTO TESTE,26,06/16/2011 00:00,10.62,10110.0,United Kingdom
544635,83614,PRODUTO TESTE,49,05/19/2011 00:00,43.08,10128.0,United Kingdom
540240,70852,PRODUTO TESTE,1,05/23/2011 00:00,40.71,10042.0,United Kingdom
544970,91417,PRODUTO TESTE,45,12/23/2011 00:00,26.63,10149.0,United Kingdom
539178,65433,PRODUTO TESTE,11,03/26/2011 00:00,42.43,10163.0,United Kingdom
541089,74240,PRODUTO TESTE,35,07/31/2011 00:00,33.7,10135.0,United Kingdom
541537,40365,PRODUTO TESTE,42,03/21/2011 00:00,7.49,10099.0,United Kingdom
